4K,q1,53167,0.023576021194458008
4K,q1,53167,0.05206799507141113
4K,q1,53167,0.039728403091430664
4K,q1,53167,0.03606271743774414
4K,q1,53167,0.038007259368896484
4K,q1,34685,0.08783555030822754
4K,q1,34685,0.04937171936035156
4K,q1,34685,0.048255205154418945
4K,q1,34685,0.04535222053527832
4K,q1,34685,0.06260085105895996
4K,q1,17526,0.07272744178771973
4K,q1,17526,0.043117523193359375
4K,q1,17526,0.039524078369140625
4K,q1,17526,0.03638291358947754
4K,q1,17526,0.03770279884338379
4K,q1,37476,0.10075879096984863
4K,q1,37476,0.035782575607299805
4K,q1,37476,0.03639864921569824
4K,q1,37476,0.0388331413269043
4K,q1,37476,0.03843879699707031
4K,q1,24778,0.07350468635559082
4K,q1,24778,0.03773760795593262
4K,q1,24778,0.043087005615234375
4K,q1,24778,0.03818106651306152
4K,q1,24778,0.03664255142211914
4K,q1,15916,0.09099864959716797
4K,q1,15916,0.05611443519592285
4K,q1,15916,0.03568387031555176
4K,q1,15916,0.0426027774810791
4K,q1,15916,0.046796560287475586
4K,q1,6867,0.08459734916687012
4K,q1,6867,0.04305124282836914
4K,q1,6867,0.04665851593017578
4K,q1,6867,0.04006361961364746
4K,q1,6867,0.04204106330871582
4K,q1,74073,0.10206127166748047
4K,q1,74073,0.05416464805603027
4K,q1,74073,0.04038524627685547
4K,q1,74073,0.04097318649291992
4K,q1,74073,0.04425859451293945
4K,q1,4814,0.07273387908935547
4K,q1,4814,0.036382436752319336
4K,q1,4814,0.03664064407348633
4K,q1,4814,0.03661155700683594
4K,q1,4814,0.04228520393371582
4K,q1,44035,0.08005380630493164
4K,q1,44035,0.05981302261352539
4K,q1,44035,0.05474519729614258
4K,q1,44035,0.05060839653015137
4K,q1,44035,0.051709651947021484
4K,q1,22098,0.09579777717590332
4K,q1,22098,0.038819313049316406
4K,q1,22098,0.04810643196105957
4K,q1,22098,0.04265022277832031
4K,q1,22098,0.036852121353149414
4K,q1,73599,0.07761335372924805
4K,q1,73599,0.043036460876464844
4K,q1,73599,0.04626131057739258
4K,q1,73599,0.04666423797607422
4K,q1,73599,0.06472349166870117
4K,q1,28362,0.07884645462036133
4K,q1,28362,0.04150247573852539
4K,q1,28362,0.055513858795166016
4K,q1,28362,0.04345870018005371
4K,q1,28362,0.03748512268066406
4K,q1,41067,0.08792567253112793
4K,q1,41067,0.06361198425292969
4K,q1,41067,0.046143293380737305
4K,q1,41067,0.06132245063781738
4K,q1,41067,0.04157400131225586
4K,q1,17761,0.06948280334472656
4K,q1,17761,0.038446664810180664
4K,q1,17761,0.036318063735961914
4K,q1,17761,0.035672664642333984
4K,q1,17761,0.04134726524353027
4K,q1,78214,0.07095718383789062
4K,q1,78214,0.037919044494628906
4K,q1,78214,0.035544633865356445
4K,q1,78214,0.0376131534576416
4K,q1,78214,0.0384364128112793
4K,q1,39313,0.07715654373168945
4K,q1,39313,0.03540945053100586
4K,q1,39313,0.035851478576660156
4K,q1,39313,0.04008221626281738
4K,q1,39313,0.03539109230041504
4K,q1,63001,0.0720827579498291
4K,q1,63001,0.03618454933166504
4K,q1,63001,0.0421605110168457
4K,q1,63001,0.03471779823303223
4K,q1,63001,0.03750753402709961
4K,q1,20918,0.08043408393859863
4K,q1,20918,0.040865182876586914
4K,q1,20918,0.039746999740600586
4K,q1,20918,0.04069375991821289
4K,q1,20918,0.04627656936645508
4K,q1,2169,0.1001741886138916
4K,q1,2169,0.042629241943359375
4K,q1,2169,0.04166913032531738
4K,q1,2169,0.050353288650512695
4K,q1,2169,0.043341875076293945
2K,q1,16321,0.12156152725219727
2K,q1,16321,0.04778861999511719
2K,q1,16321,0.049837589263916016
2K,q1,16321,0.044611215591430664
2K,q1,16321,0.036223649978637695
2K,q1,14730,0.07085013389587402
2K,q1,14730,0.061560630798339844
2K,q1,14730,0.04802203178405762
2K,q1,14730,0.04306960105895996
2K,q1,14730,0.03539252281188965
2K,q1,7535,0.07081246376037598
2K,q1,7535,0.03657698631286621
2K,q1,7535,0.0364832878112793
2K,q1,7535,0.04139089584350586
2K,q1,7535,0.036482810974121094
2K,q1,6515,0.07115745544433594
2K,q1,6515,0.034945011138916016
2K,q1,6515,0.03495311737060547
2K,q1,6515,0.03734588623046875
2K,q1,6515,0.036545753479003906
2K,q1,471,0.07200741767883301
2K,q1,471,0.0354464054107666
2K,q1,471,0.0356602668762207
2K,q1,471,0.035895586013793945
2K,q1,471,0.044864654541015625
2K,q1,12158,0.07244110107421875
2K,q1,12158,0.03643965721130371
2K,q1,12158,0.03538775444030762
2K,q1,12158,0.03551459312438965
2K,q1,12158,0.03589797019958496
2K,q1,21888,0.07504415512084961
2K,q1,21888,0.04324936866760254
2K,q1,21888,0.04264402389526367
2K,q1,21888,0.035799503326416016
2K,q1,21888,0.04393887519836426
2K,q1,19306,0.08309674263000488
2K,q1,19306,0.04275918006896973
2K,q1,19306,0.036272525787353516
2K,q1,19306,0.043808698654174805
2K,q1,19306,0.048982858657836914
2K,q1,39223,0.10866260528564453
2K,q1,39223,0.05277228355407715
2K,q1,39223,0.046045541763305664
2K,q1,39223,0.0387883186340332
2K,q1,39223,0.03799796104431152
2K,q1,1701,0.07068228721618652
2K,q1,1701,0.0356602668762207
2K,q1,1701,0.03570675849914551
2K,q1,1701,0.034976959228515625
2K,q1,1701,0.03533005714416504
2K,q1,14004,0.07077407836914062
2K,q1,14004,0.042725563049316406
2K,q1,14004,0.03675031661987305
2K,q1,14004,0.03779435157775879
2K,q1,14004,0.03819870948791504
2K,q1,2178,0.07530641555786133
2K,q1,2178,0.03756546974182129
2K,q1,2178,0.03676152229309082
2K,q1,2178,0.036803245544433594
2K,q1,2178,0.03730154037475586
2K,q1,17939,0.07284951210021973
2K,q1,17939,0.03653764724731445
2K,q1,17939,0.03707385063171387
2K,q1,17939,0.04123997688293457
2K,q1,17939,0.04579019546508789
2K,q1,12736,0.09080123901367188
2K,q1,12736,0.05014300346374512
2K,q1,12736,0.03640413284301758
2K,q1,12736,0.0371096134185791
2K,q1,12736,0.040021657943725586
2K,q1,17014,0.08155131340026855
2K,q1,17014,0.03662252426147461
2K,q1,17014,0.04892420768737793
2K,q1,17014,0.04303455352783203
2K,q1,17014,0.03793692588806152
2K,q1,25321,0.07278776168823242
2K,q1,25321,0.05567026138305664
2K,q1,25321,0.049895524978637695
2K,q1,25321,0.03947281837463379
2K,q1,25321,0.03615903854370117
2K,q1,2605,0.07139396667480469
2K,q1,2605,0.037904977798461914
2K,q1,2605,0.036362648010253906
2K,q1,2605,0.04262280464172363
2K,q1,2605,0.03819680213928223
2K,q1,5574,0.0743403434753418
2K,q1,5574,0.03660941123962402
2K,q1,5574,0.03581357002258301
2K,q1,5574,0.0361635684967041
2K,q1,5574,0.035605669021606445
2K,q1,32750,0.06978559494018555
2K,q1,32750,0.0358278751373291
2K,q1,32750,0.03957962989807129
2K,q1,32750,0.034577369689941406
2K,q1,32750,0.03508639335632324
2K,q1,19001,0.07233834266662598
2K,q1,19001,0.03701615333557129
2K,q1,19001,0.037331342697143555
2K,q1,19001,0.03756284713745117
2K,q1,19001,0.04732060432434082
8K,q1,106369,0.11563444137573242
8K,q1,106369,0.05273127555847168
8K,q1,106369,0.05364418029785156
8K,q1,106369,0.06007790565490723
8K,q1,106369,0.05621457099914551
8K,q1,4965,0.09135246276855469
8K,q1,4965,0.04598093032836914
8K,q1,4965,0.03943610191345215
8K,q1,4965,0.03794980049133301
8K,q1,4965,0.0359342098236084
8K,q1,135431,0.07239151000976562
8K,q1,135431,0.03802013397216797
8K,q1,135431,0.0381009578704834
8K,q1,135431,0.03780817985534668
8K,q1,135431,0.04068922996520996
8K,q1,85249,0.07979226112365723
8K,q1,85249,0.04652667045593262
8K,q1,85249,0.05584001541137695
8K,q1,85249,0.044719696044921875
8K,q1,85249,0.03843855857849121
8K,q1,14143,0.09518790245056152
8K,q1,14143,0.04381394386291504
8K,q1,14143,0.0364382266998291
8K,q1,14143,0.04181718826293945
8K,q1,14143,0.03655219078063965
8K,q1,38692,0.07493233680725098
8K,q1,38692,0.04306149482727051
8K,q1,38692,0.03934669494628906
8K,q1,38692,0.04046010971069336
8K,q1,38692,0.03764986991882324
8K,q1,133927,0.07548832893371582
8K,q1,133927,0.0440220832824707
8K,q1,133927,0.04088306427001953
8K,q1,133927,0.051525115966796875
8K,q1,133927,0.040465354919433594
8K,q1,28927,0.08735060691833496
8K,q1,28927,0.05308699607849121
8K,q1,28927,0.06251692771911621
8K,q1,28927,0.037114620208740234
8K,q1,28927,0.03816699981689453
8K,q1,154385,0.07360339164733887
8K,q1,154385,0.04456353187561035
8K,q1,154385,0.03874325752258301
8K,q1,154385,0.050847768783569336
8K,q1,154385,0.04268169403076172
8K,q1,106907,0.07172775268554688
8K,q1,106907,0.05731511116027832
8K,q1,106907,0.0383448600769043
8K,q1,106907,0.03753089904785156
8K,q1,106907,0.04041171073913574
8K,q1,5894,0.07282280921936035
8K,q1,5894,0.04313349723815918
8K,q1,5894,0.04384779930114746
8K,q1,5894,0.040203094482421875
8K,q1,5894,0.03557276725769043
8K,q1,31370,0.0766913890838623
8K,q1,31370,0.04299306869506836
8K,q1,31370,0.04893922805786133
8K,q1,31370,0.04860401153564453
8K,q1,31370,0.04098248481750488
8K,q1,91837,0.08722734451293945
8K,q1,91837,0.05195164680480957
8K,q1,91837,0.043053627014160156
8K,q1,91837,0.03590750694274902
8K,q1,91837,0.04358673095703125
8K,q1,89045,0.07153987884521484
8K,q1,89045,0.04212355613708496
8K,q1,89045,0.05223870277404785
8K,q1,89045,0.0395197868347168
8K,q1,89045,0.06168389320373535
8K,q1,21494,0.08748841285705566
8K,q1,21494,0.039103031158447266
8K,q1,21494,0.03846335411071777
8K,q1,21494,0.037721872329711914
8K,q1,21494,0.037461280822753906
8K,q1,86879,0.07578682899475098
8K,q1,86879,0.03767538070678711
8K,q1,86879,0.03616786003112793
8K,q1,86879,0.04229879379272461
8K,q1,86879,0.046234130859375
8K,q1,21782,0.08992195129394531
8K,q1,21782,0.03856968879699707
8K,q1,21782,0.05106019973754883
8K,q1,21782,0.04819941520690918
8K,q1,21782,0.04089856147766113
8K,q1,97704,0.07199215888977051
8K,q1,97704,0.03825974464416504
8K,q1,97704,0.03464627265930176
8K,q1,97704,0.03688645362854004
8K,q1,97704,0.036829233169555664
8K,q1,16176,0.07089424133300781
8K,q1,16176,0.03576087951660156
8K,q1,16176,0.03733253479003906
8K,q1,16176,0.03589940071105957
8K,q1,16176,0.03583359718322754
8K,q1,6801,0.0763552188873291
8K,q1,6801,0.03696894645690918
8K,q1,6801,0.03864741325378418
8K,q1,6801,0.03747701644897461
8K,q1,6801,0.03825235366821289
1K,q1,19128,0.09195375442504883
1K,q1,19128,0.03808403015136719
1K,q1,19128,0.037265777587890625
1K,q1,19128,0.08317804336547852
1K,q1,19128,0.050186872482299805
1K,q1,15729,0.09716105461120605
1K,q1,15729,0.046751976013183594
1K,q1,15729,0.034363746643066406
1K,q1,15729,0.03520464897155762
1K,q1,15729,0.03526711463928223
1K,q1,4450,0.07038760185241699
1K,q1,4450,0.04091525077819824
1K,q1,4450,0.03750896453857422
1K,q1,4450,0.03607463836669922
1K,q1,4450,0.03716444969177246
1K,q1,16196,0.07323098182678223
1K,q1,16196,0.036418914794921875
1K,q1,16196,0.03600358963012695
1K,q1,16196,0.035233497619628906
1K,q1,16196,0.037314414978027344
1K,q1,10019,0.07176041603088379
1K,q1,10019,0.036005258560180664
1K,q1,10019,0.03517341613769531
1K,q1,10019,0.036514997482299805
1K,q1,10019,0.03666257858276367
1K,q1,7581,0.07186770439147949
1K,q1,7581,0.03731703758239746
1K,q1,7581,0.0375216007232666
1K,q1,7581,0.03719067573547363
1K,q1,7581,0.036081790924072266
1K,q1,9007,0.07250404357910156
1K,q1,9007,0.03572702407836914
1K,q1,9007,0.03805398941040039
1K,q1,9007,0.038095951080322266
1K,q1,9007,0.03875422477722168
1K,q1,12136,0.07751297950744629
1K,q1,12136,0.040006160736083984
1K,q1,12136,0.03866910934448242
1K,q1,12136,0.03781723976135254
1K,q1,12136,0.038658857345581055
1K,q1,14967,0.07464909553527832
1K,q1,14967,0.0382382869720459
1K,q1,14967,0.03742361068725586
1K,q1,14967,0.03789567947387695
1K,q1,14967,0.0377192497253418
1K,q1,9997,0.07453179359436035
1K,q1,9997,0.03657650947570801
1K,q1,9997,0.041045427322387695
1K,q1,9997,0.03847384452819824
1K,q1,9997,0.037311553955078125
1K,q1,12476,0.07140374183654785
1K,q1,12476,0.03598618507385254
1K,q1,12476,0.03668808937072754
1K,q1,12476,0.036013126373291016
1K,q1,12476,0.0366973876953125
1K,q1,4507,0.07401871681213379
1K,q1,4507,0.03761458396911621
1K,q1,4507,0.035588979721069336
1K,q1,4507,0.03534841537475586
1K,q1,4507,0.03786659240722656
1K,q1,1264,0.07340145111083984
1K,q1,1264,0.037262678146362305
1K,q1,1264,0.03764963150024414
1K,q1,1264,0.07346200942993164
1K,q1,1264,0.05256295204162598
1K,q1,3643,0.0843350887298584
1K,q1,3643,0.03711199760437012
1K,q1,3643,0.042224884033203125
1K,q1,3643,0.03735017776489258
1K,q1,3643,0.03725075721740723
1K,q1,12519,0.0747067928314209
1K,q1,12519,0.03743600845336914
1K,q1,12519,0.03717970848083496
1K,q1,12519,0.037789344787597656
1K,q1,12519,0.037817955017089844
1K,q1,12698,0.07616019248962402
1K,q1,12698,0.03923773765563965
1K,q1,12698,0.0360720157623291
1K,q1,12698,0.0351870059967041
1K,q1,12698,0.03777289390563965
1K,q1,11004,0.07425045967102051
1K,q1,11004,0.03889298439025879
1K,q1,11004,0.04084897041320801
1K,q1,11004,0.03475666046142578
1K,q1,11004,0.03820157051086426
1K,q1,6019,0.07465195655822754
1K,q1,6019,0.03590965270996094
1K,q1,6019,0.04192519187927246
1K,q1,6019,0.036580562591552734
1K,q1,6019,0.03692483901977539
1K,q1,14892,0.07312321662902832
1K,q1,14892,0.04227757453918457
1K,q1,14892,0.03574419021606445
1K,q1,14892,0.037157535552978516
1K,q1,14892,0.03507518768310547
1K,q1,14323,0.0718076229095459
1K,q1,14323,0.03830599784851074
1K,q1,14323,0.038568735122680664
1K,q1,14323,0.03901219367980957
1K,q1,14323,0.0388798713684082
16K,q1,218469,0.09524154663085938
16K,q1,218469,0.050795793533325195
16K,q1,218469,0.05507922172546387
16K,q1,218469,0.037085533142089844
16K,q1,218469,0.05223798751831055
16K,q1,203621,0.07993197441101074
16K,q1,203621,0.04120588302612305
16K,q1,203621,0.03653764724731445
16K,q1,203621,0.03596949577331543
16K,q1,203621,0.04840660095214844
16K,q1,173616,0.0867624282836914
16K,q1,173616,0.05125784873962402
16K,q1,173616,0.04051327705383301
16K,q1,173616,0.03806114196777344
16K,q1,173616,0.03754830360412598
16K,q1,67884,0.07292675971984863
16K,q1,67884,0.037724971771240234
16K,q1,67884,0.038748979568481445
16K,q1,67884,0.036829233169555664
16K,q1,67884,0.04565548896789551
16K,q1,84114,0.09299588203430176
16K,q1,84114,0.05190873146057129
16K,q1,84114,0.05103325843811035
16K,q1,84114,0.04694199562072754
16K,q1,84114,0.04271578788757324
16K,q1,291850,0.07023835182189941
16K,q1,291850,0.044641971588134766
16K,q1,291850,0.05283474922180176
16K,q1,291850,0.039122819900512695
16K,q1,291850,0.0372464656829834
16K,q1,266503,0.08381319046020508
16K,q1,266503,0.03895092010498047
16K,q1,266503,0.04474639892578125
16K,q1,266503,0.0368037223815918
16K,q1,266503,0.037106990814208984
16K,q1,25818,0.0707545280456543
16K,q1,25818,0.041907548904418945
16K,q1,25818,0.037049293518066406
16K,q1,25818,0.036078691482543945
16K,q1,25818,0.03608584403991699
16K,q1,314883,0.07185888290405273
16K,q1,314883,0.05332446098327637
16K,q1,314883,0.04461669921875
16K,q1,314883,0.03721308708190918
16K,q1,314883,0.03647780418395996
16K,q1,49254,0.07757925987243652
16K,q1,49254,0.0360872745513916
16K,q1,49254,0.038906097412109375
16K,q1,49254,0.04216814041137695
16K,q1,49254,0.05944657325744629
16K,q1,308448,0.07827925682067871
16K,q1,308448,0.04028034210205078
16K,q1,308448,0.042943477630615234
16K,q1,308448,0.04331707954406738
16K,q1,308448,0.043670654296875
16K,q1,319757,0.09203505516052246
16K,q1,319757,0.04254865646362305
16K,q1,319757,0.04297518730163574
16K,q1,319757,0.038831472396850586
16K,q1,319757,0.0373387336730957
16K,q1,217441,0.0772712230682373
16K,q1,217441,0.03763699531555176
16K,q1,217441,0.03765082359313965
16K,q1,217441,0.036687374114990234
16K,q1,217441,0.03698921203613281
16K,q1,97241,0.07591032981872559
16K,q1,97241,0.06416201591491699
16K,q1,97241,0.04024505615234375
16K,q1,97241,0.04107546806335449
16K,q1,97241,0.0405268669128418
16K,q1,113214,0.09647512435913086
16K,q1,113214,0.0444338321685791
16K,q1,113214,0.03540802001953125
16K,q1,113214,0.03683948516845703
16K,q1,113214,0.05159711837768555
16K,q1,269583,0.08453249931335449
16K,q1,269583,0.044103384017944336
16K,q1,269583,0.03690505027770996
16K,q1,269583,0.03486824035644531
16K,q1,269583,0.03522229194641113
16K,q1,102200,0.07030630111694336
16K,q1,102200,0.03689742088317871
16K,q1,102200,0.03892827033996582
16K,q1,102200,0.03616452217102051
16K,q1,102200,0.03643226623535156
16K,q1,242732,0.07367277145385742
16K,q1,242732,0.03783750534057617
16K,q1,242732,0.038053035736083984
16K,q1,242732,0.03786611557006836
16K,q1,242732,0.03797149658203125
16K,q1,217854,0.07520318031311035
16K,q1,217854,0.0378420352935791
16K,q1,217854,0.03796577453613281
16K,q1,217854,0.035802602767944336
16K,q1,217854,0.03763222694396973
16K,q1,227239,0.0755913257598877
16K,q1,227239,0.03783869743347168
16K,q1,227239,0.03908944129943848
16K,q1,227239,0.0389254093170166
16K,q1,227239,0.044219970703125
4K,q3,20898,0.040139198303222656
4K,q3,20898,0.042498111724853516
4K,q3,20898,0.03739023208618164
4K,q3,20898,0.03682065010070801
4K,q3,20898,0.0417323112487793
4K,q3,25929,0.07345008850097656
4K,q3,25929,0.03697609901428223
4K,q3,25929,0.03737449645996094
4K,q3,25929,0.03700542449951172
4K,q3,25929,0.042160749435424805
4K,q3,155,0.07400298118591309
4K,q3,155,0.036943912506103516
4K,q3,155,0.03599405288696289
4K,q3,155,0.03542518615722656
4K,q3,155,0.03461432456970215
4K,q3,11758,0.07062077522277832
4K,q3,11758,0.035045623779296875
4K,q3,11758,0.03537178039550781
4K,q3,11758,0.044350624084472656
4K,q3,11758,0.036148786544799805
4K,q3,24075,0.07304072380065918
4K,q3,24075,0.03820157051086426
4K,q3,24075,0.03617501258850098
4K,q3,24075,0.05892539024353027
4K,q3,24075,0.066986083984375
4K,q3,3493,0.10313534736633301
4K,q3,3493,0.04891514778137207
4K,q3,3493,0.03743600845336914
4K,q3,3493,0.039913177490234375
4K,q3,3493,0.0511164665222168
4K,q3,356,0.07921934127807617
4K,q3,356,0.051557064056396484
4K,q3,356,0.04474973678588867
4K,q3,356,0.04697990417480469
4K,q3,356,0.05573463439941406
4K,q3,31542,0.08023738861083984
4K,q3,31542,0.05082440376281738
4K,q3,31542,0.04178047180175781
4K,q3,31542,0.05160999298095703
4K,q3,31542,0.03799033164978027
4K,q3,33816,0.08627009391784668
4K,q3,33816,0.0524289608001709
4K,q3,33816,0.05986762046813965
4K,q3,33816,0.04144787788391113
4K,q3,33816,0.04552793502807617
4K,q3,11311,0.07571887969970703
4K,q3,11311,0.03653550148010254
4K,q3,11311,0.037094831466674805
4K,q3,11311,0.05051231384277344
4K,q3,11311,0.039679765701293945
4K,q3,5612,0.07298874855041504
4K,q3,5612,0.04558134078979492
4K,q3,5612,0.04076528549194336
4K,q3,5612,0.04157137870788574
4K,q3,5612,0.04105854034423828
4K,q3,13095,0.07620024681091309
4K,q3,13095,0.03539729118347168
4K,q3,13095,0.034718990325927734
4K,q3,13095,0.03680753707885742
4K,q3,13095,0.03507041931152344
4K,q3,7725,0.09158515930175781
4K,q3,7725,0.04198265075683594
4K,q3,7725,0.03614616394042969
4K,q3,7725,0.038748741149902344
4K,q3,7725,0.036574363708496094
4K,q3,18161,0.06998133659362793
4K,q3,18161,0.07909226417541504
4K,q3,18161,0.05294346809387207
4K,q3,18161,0.04250192642211914
4K,q3,18161,0.035951852798461914
4K,q3,7794,0.07101058959960938
4K,q3,7794,0.03569936752319336
4K,q3,7794,0.03611469268798828
4K,q3,7794,0.03491473197937012
4K,q3,7794,0.03474092483520508
4K,q3,12081,0.0711057186126709
4K,q3,12081,0.03905773162841797
4K,q3,12081,0.03740859031677246
4K,q3,12081,0.03735017776489258
4K,q3,12081,0.03860187530517578
4K,q3,2892,0.07504892349243164
4K,q3,2892,0.03737521171569824
4K,q3,2892,0.03915238380432129
4K,q3,2892,0.03644299507141113
4K,q3,2892,0.03669095039367676
4K,q3,34264,0.07205486297607422
4K,q3,34264,0.03757739067077637
4K,q3,34264,0.034864187240600586
4K,q3,34264,0.041184186935424805
4K,q3,34264,0.04625701904296875
4K,q3,33974,0.07180929183959961
4K,q3,33974,0.05376458168029785
4K,q3,33974,0.04707503318786621
4K,q3,33974,0.039405107498168945
4K,q3,33974,0.03574705123901367
4K,q3,18125,0.08528399467468262
4K,q3,18125,0.035410404205322266
4K,q3,18125,0.03447151184082031
4K,q3,18125,0.03431844711303711
4K,q3,18125,0.036931514739990234
2K,q3,15396,0.0717165470123291
2K,q3,15396,0.0406947135925293
2K,q3,15396,0.03804636001586914
2K,q3,15396,0.03525543212890625
2K,q3,15396,0.035199642181396484
2K,q3,17030,0.11529159545898438
2K,q3,17030,0.0488131046295166
2K,q3,17030,0.0392918586730957
2K,q3,17030,0.0434870719909668
2K,q3,17030,0.03615903854370117
2K,q3,13116,0.07175636291503906
2K,q3,13116,0.03673839569091797
2K,q3,13116,0.03682351112365723
2K,q3,13116,0.03647756576538086
2K,q3,13116,0.036086320877075195
2K,q3,2517,0.0733499526977539
2K,q3,2517,0.036840200424194336
2K,q3,2517,0.03555488586425781
2K,q3,2517,0.03528952598571777
2K,q3,2517,0.036596059799194336
2K,q3,10820,0.07913637161254883
2K,q3,10820,0.03765082359313965
2K,q3,10820,0.03633713722229004
2K,q3,10820,0.051526546478271484
2K,q3,10820,0.03751707077026367
2K,q3,6240,0.07257437705993652
2K,q3,6240,0.03739809989929199
2K,q3,6240,0.03590655326843262
2K,q3,6240,0.03551459312438965
2K,q3,6240,0.03656315803527832
2K,q3,10332,0.07248735427856445
2K,q3,10332,0.03677082061767578
2K,q3,10332,0.03722119331359863
2K,q3,10332,0.037244319915771484
2K,q3,10332,0.03737497329711914
2K,q3,13418,0.07030200958251953
2K,q3,13418,0.034483909606933594
2K,q3,13418,0.03490424156188965
2K,q3,13418,0.03633451461791992
2K,q3,13418,0.036977529525756836
2K,q3,6756,0.07471823692321777
2K,q3,6756,0.03943634033203125
2K,q3,6756,0.03718447685241699
2K,q3,6756,0.03782320022583008
2K,q3,6756,0.04343080520629883
2K,q3,7948,0.07538843154907227
2K,q3,7948,0.03669118881225586
2K,q3,7948,0.03701210021972656
2K,q3,7948,0.036299705505371094
2K,q3,7948,0.039015769958496094
2K,q3,18767,0.07068753242492676
2K,q3,18767,0.035086870193481445
2K,q3,18767,0.03571796417236328
2K,q3,18767,0.036005258560180664
2K,q3,18767,0.035878658294677734
2K,q3,6584,0.07095527648925781
2K,q3,6584,0.03531289100646973
2K,q3,6584,0.03466629981994629
2K,q3,6584,0.03529548645019531
2K,q3,6584,0.03518176078796387
2K,q3,10169,0.06938958168029785
2K,q3,10169,0.03674602508544922
2K,q3,10169,0.03615403175354004
2K,q3,10169,0.039029598236083984
2K,q3,10169,0.06930160522460938
2K,q3,13253,0.10095763206481934
2K,q3,13253,0.056517601013183594
2K,q3,13253,0.06947755813598633
2K,q3,13253,0.05273294448852539
2K,q3,13253,0.042368173599243164
2K,q3,15709,0.07861495018005371
2K,q3,15709,0.04639863967895508
2K,q3,15709,0.03911399841308594
2K,q3,15709,0.04490494728088379
2K,q3,15709,0.03583693504333496
2K,q3,13669,0.09369802474975586
2K,q3,13669,0.05473828315734863
2K,q3,13669,0.03961753845214844
2K,q3,13669,0.03560662269592285
2K,q3,13669,0.036034584045410156
2K,q3,17082,0.0713043212890625
2K,q3,17082,0.03682208061218262
2K,q3,17082,0.03446388244628906
2K,q3,17082,0.03437948226928711
2K,q3,17082,0.03480648994445801
2K,q3,19139,0.06901073455810547
2K,q3,19139,0.036499738693237305
2K,q3,19139,0.034638404846191406
2K,q3,19139,0.03872799873352051
2K,q3,19139,0.03537893295288086
2K,q3,17060,0.07142853736877441
2K,q3,17060,0.04301953315734863
2K,q3,17060,0.04228854179382324
2K,q3,17060,0.05114459991455078
2K,q3,17060,0.04135727882385254
2K,q3,9532,0.07945919036865234
2K,q3,9532,0.03739356994628906
2K,q3,9532,0.03500771522521973
2K,q3,9532,0.03543806076049805
2K,q3,9532,0.03453707695007324
8K,q3,37039,0.07003331184387207
8K,q3,37039,0.04768514633178711
8K,q3,37039,0.03773164749145508
8K,q3,37039,0.037642717361450195
8K,q3,37039,0.0386042594909668
8K,q3,10466,0.07415652275085449
8K,q3,10466,0.03686237335205078
8K,q3,10466,0.037332773208618164
8K,q3,10466,0.03586435317993164
8K,q3,10466,0.03638720512390137
8K,q3,572,0.07694077491760254
8K,q3,572,0.03705596923828125
8K,q3,572,0.042758941650390625
8K,q3,572,0.035799264907836914
8K,q3,572,0.03702068328857422
8K,q3,60333,0.0729365348815918
8K,q3,60333,0.03683352470397949
8K,q3,60333,0.0359804630279541
8K,q3,60333,0.035619258880615234
8K,q3,60333,0.03537559509277344
8K,q3,38680,0.06911349296569824
8K,q3,38680,0.03532767295837402
8K,q3,38680,0.03542470932006836
8K,q3,38680,0.03482794761657715
8K,q3,38680,0.035431861877441406
8K,q3,79026,0.07157063484191895
8K,q3,79026,0.04124736785888672
8K,q3,79026,0.03792762756347656
8K,q3,79026,0.03464388847351074
8K,q3,79026,0.039539337158203125
8K,q3,53537,0.11682248115539551
8K,q3,53537,0.04042959213256836
8K,q3,53537,0.03957319259643555
8K,q3,53537,0.03816699981689453
8K,q3,53537,0.052428245544433594
8K,q3,10062,0.08248162269592285
8K,q3,10062,0.039757728576660156
8K,q3,10062,0.0475766658782959
8K,q3,10062,0.04738736152648926
8K,q3,10062,0.04226064682006836
8K,q3,47195,0.07889151573181152
8K,q3,47195,0.04051780700683594
8K,q3,47195,0.04232478141784668
8K,q3,47195,0.041249752044677734
8K,q3,47195,0.04034733772277832
8K,q3,5505,0.07270026206970215
8K,q3,5505,0.04151558876037598
8K,q3,5505,0.03628849983215332
8K,q3,5505,0.06835198402404785
8K,q3,5505,0.05027461051940918
8K,q3,76414,0.07642412185668945
8K,q3,76414,0.046330928802490234
8K,q3,76414,0.05383872985839844
8K,q3,76414,0.03925609588623047
8K,q3,76414,0.04580879211425781
8K,q3,51642,0.11330914497375488
8K,q3,51642,0.04197359085083008
8K,q3,51642,0.03975963592529297
8K,q3,51642,0.038255929946899414
8K,q3,51642,0.03887677192687988
8K,q3,76622,0.07280683517456055
8K,q3,76622,0.04117393493652344
8K,q3,76622,0.04320263862609863
8K,q3,76622,0.04139280319213867
8K,q3,76622,0.042227983474731445
8K,q3,10057,0.08006072044372559
8K,q3,10057,0.03768014907836914
8K,q3,10057,0.04985952377319336
8K,q3,10057,0.049195051193237305
8K,q3,10057,0.053041696548461914
8K,q3,51916,0.07302737236022949
8K,q3,51916,0.03604292869567871
8K,q3,51916,0.035912513732910156
8K,q3,51916,0.036247968673706055
8K,q3,51916,0.035880088806152344
8K,q3,40458,0.07114768028259277
8K,q3,40458,0.04785585403442383
8K,q3,40458,0.03715395927429199
8K,q3,40458,0.04364967346191406
8K,q3,40458,0.05825972557067871
8K,q3,11844,0.08400678634643555
8K,q3,11844,0.04721426963806152
8K,q3,11844,0.03572535514831543
8K,q3,11844,0.041129350662231445
8K,q3,11844,0.03548240661621094
8K,q3,12834,0.0710604190826416
8K,q3,12834,0.03577089309692383
8K,q3,12834,0.055384159088134766
8K,q3,12834,0.05674433708190918
8K,q3,12834,0.05432415008544922
8K,q3,51192,0.10749459266662598
8K,q3,51192,0.042371273040771484
8K,q3,51192,0.038428544998168945
8K,q3,51192,0.04780721664428711
8K,q3,51192,0.04235100746154785
8K,q3,72609,0.09620857238769531
8K,q3,72609,0.04009222984313965
8K,q3,72609,0.0433192253112793
8K,q3,72609,0.056743621826171875
8K,q3,72609,0.05855059623718262
1K,q3,9626,0.09212112426757812
1K,q3,9626,0.041726112365722656
1K,q3,9626,0.03517293930053711
1K,q3,9626,0.04159832000732422
1K,q3,9626,0.035137176513671875
1K,q3,6933,0.07233786582946777
1K,q3,6933,0.04069375991821289
1K,q3,6933,0.04377126693725586
1K,q3,6933,0.04159188270568848
1K,q3,6933,0.03529834747314453
1K,q3,4175,0.07193136215209961
1K,q3,4175,0.03619956970214844
1K,q3,4175,0.04207015037536621
1K,q3,4175,0.0364232063293457
1K,q3,4175,0.03585004806518555
1K,q3,2969,0.07277631759643555
1K,q3,2969,0.05092048645019531
1K,q3,2969,0.03679704666137695
1K,q3,2969,0.035353899002075195
1K,q3,2969,0.04253578186035156
1K,q3,2119,0.0735929012298584
1K,q3,2119,0.037508249282836914
1K,q3,2119,0.037520408630371094
1K,q3,2119,0.04232025146484375
1K,q3,2119,0.049844980239868164
1K,q3,1792,0.08742475509643555
1K,q3,1792,0.03745245933532715
1K,q3,1792,0.03684258460998535
1K,q3,1792,0.042142629623413086
1K,q3,1792,0.037293195724487305
1K,q3,2757,0.07823729515075684
1K,q3,2757,0.03547239303588867
1K,q3,2757,0.041867971420288086
1K,q3,2757,0.0431520938873291
1K,q3,2757,0.0367588996887207
1K,q3,1612,0.07623100280761719
1K,q3,1612,0.03557014465332031
1K,q3,1612,0.03541159629821777
1K,q3,1612,0.034897565841674805
1K,q3,1612,0.03733181953430176
1K,q3,3499,0.0846703052520752
1K,q3,3499,0.042871713638305664
1K,q3,3499,0.04356646537780762
1K,q3,3499,0.03669881820678711
1K,q3,3499,0.0454564094543457
1K,q3,9662,0.0853586196899414
1K,q3,9662,0.03529620170593262
1K,q3,9662,0.03554940223693848
1K,q3,9662,0.03810906410217285
1K,q3,9662,0.04284524917602539
1K,q3,5422,0.07270073890686035
1K,q3,5422,0.043355703353881836
1K,q3,5422,0.06017804145812988
1K,q3,5422,0.04297995567321777
1K,q3,5422,0.04333019256591797
1K,q3,1008,0.11873817443847656
1K,q3,1008,0.04213237762451172
1K,q3,1008,0.04673624038696289
1K,q3,1008,0.05640816688537598
1K,q3,1008,0.04604911804199219
1K,q3,9177,0.0784003734588623
1K,q3,9177,0.03695416450500488
1K,q3,9177,0.03642749786376953
1K,q3,9177,0.03637528419494629
1K,q3,9177,0.05375099182128906
1K,q3,6999,0.09207463264465332
1K,q3,6999,0.036763906478881836
1K,q3,6999,0.039284467697143555
1K,q3,6999,0.03665423393249512
1K,q3,6999,0.03665590286254883
1K,q3,1332,0.07154560089111328
1K,q3,1332,0.03726696968078613
1K,q3,1332,0.03887128829956055
1K,q3,1332,0.03803443908691406
1K,q3,1332,0.03652381896972656
1K,q3,1029,0.07170534133911133
1K,q3,1029,0.03686189651489258
1K,q3,1029,0.04667854309082031
1K,q3,1029,0.05234408378601074
1K,q3,1029,0.03752398490905762
1K,q3,3165,0.08988714218139648
1K,q3,3165,0.050621986389160156
1K,q3,3165,0.042765140533447266
1K,q3,3165,0.04487800598144531
1K,q3,3165,0.056725502014160156
1K,q3,140,0.12968087196350098
1K,q3,140,0.05040860176086426
1K,q3,140,0.04201006889343262
1K,q3,140,0.03804183006286621
1K,q3,140,0.03625845909118652
1K,q3,8276,0.11318254470825195
1K,q3,8276,0.04244375228881836
1K,q3,8276,0.03963780403137207
1K,q3,8276,0.03774547576904297
1K,q3,8276,0.04111337661743164
1K,q3,2765,0.10238146781921387
1K,q3,2765,0.042722463607788086
1K,q3,2765,0.03699302673339844
1K,q3,2765,0.037023305892944336
1K,q3,2765,0.039612531661987305
16K,q3,116984,0.13834142684936523
16K,q3,116984,0.05077648162841797
16K,q3,116984,0.04587364196777344
16K,q3,116984,0.04032397270202637
16K,q3,116984,0.03775215148925781
16K,q3,114983,0.09185147285461426
16K,q3,114983,0.06178641319274902
16K,q3,114983,0.05409383773803711
16K,q3,114983,0.05296659469604492
16K,q3,114983,0.04678845405578613
16K,q3,58703,0.09246563911437988
16K,q3,58703,0.05336141586303711
16K,q3,58703,0.03652453422546387
16K,q3,58703,0.04117226600646973
16K,q3,58703,0.04359102249145508
16K,q3,4348,0.07498025894165039
16K,q3,4348,0.04655718803405762
16K,q3,4348,0.050789833068847656
16K,q3,4348,0.03534674644470215
16K,q3,4348,0.0369110107421875
16K,q3,67020,0.07770490646362305
16K,q3,67020,0.03682136535644531
16K,q3,67020,0.04798626899719238
16K,q3,67020,0.03718280792236328
16K,q3,67020,0.039984703063964844
16K,q3,10727,0.07297229766845703
16K,q3,10727,0.04605841636657715
16K,q3,10727,0.038271188735961914
16K,q3,10727,0.03669428825378418
16K,q3,10727,0.035857439041137695
16K,q3,3000,0.07359957695007324
16K,q3,3000,0.0414888858795166
16K,q3,3000,0.04158353805541992
16K,q3,3000,0.03793621063232422
16K,q3,3000,0.0416567325592041
16K,q3,151860,0.07981181144714355
16K,q3,151860,0.03744316101074219
16K,q3,151860,0.04681706428527832
16K,q3,151860,0.04473257064819336
16K,q3,151860,0.03740501403808594
16K,q3,20837,0.07296633720397949
16K,q3,20837,0.05228567123413086
16K,q3,20837,0.04416680335998535
16K,q3,20837,0.03798508644104004
16K,q3,20837,0.04053354263305664
16K,q3,50529,0.07439661026000977
16K,q3,50529,0.055635690689086914
16K,q3,50529,0.03947019577026367
16K,q3,50529,0.03723740577697754
16K,q3,50529,0.037062644958496094
16K,q3,135899,0.07655191421508789
16K,q3,135899,0.04943513870239258
16K,q3,135899,0.05276775360107422
16K,q3,135899,0.035797119140625
16K,q3,135899,0.03714346885681152
16K,q3,153001,0.07358694076538086
16K,q3,153001,0.05341219902038574
16K,q3,153001,0.05384492874145508
16K,q3,153001,0.04737281799316406
16K,q3,153001,0.0451512336730957
16K,q3,61062,0.07662177085876465
16K,q3,61062,0.03680419921875
16K,q3,61062,0.03711867332458496
16K,q3,61062,0.04301762580871582
16K,q3,61062,0.03692340850830078
16K,q3,151458,0.07335948944091797
16K,q3,151458,0.03739309310913086
16K,q3,151458,0.037226200103759766
16K,q3,151458,0.05105876922607422
16K,q3,151458,0.04823756217956543
16K,q3,116473,0.07509326934814453
16K,q3,116473,0.03755450248718262
16K,q3,116473,0.036931753158569336
16K,q3,116473,0.03706932067871094
16K,q3,116473,0.03806638717651367
16K,q3,91418,0.07377481460571289
16K,q3,91418,0.04146933555603027
16K,q3,91418,0.03806948661804199
16K,q3,91418,0.03876233100891113
16K,q3,91418,0.03665757179260254
16K,q3,28459,0.07265257835388184
16K,q3,28459,0.03623843193054199
16K,q3,28459,0.03723406791687012
16K,q3,28459,0.03665471076965332
16K,q3,28459,0.03699207305908203
16K,q3,623,0.07518839836120605
16K,q3,623,0.04136323928833008
16K,q3,623,0.03670239448547363
16K,q3,623,0.0395808219909668
16K,q3,623,0.0385899543762207
16K,q3,70071,0.07604122161865234
16K,q3,70071,0.03711652755737305
16K,q3,70071,0.04003405570983887
16K,q3,70071,0.039114952087402344
16K,q3,70071,0.0344696044921875
16K,q3,48808,0.07065582275390625
16K,q3,48808,0.041799068450927734
16K,q3,48808,0.03780317306518555
16K,q3,48808,0.036859989166259766
16K,q3,48808,0.036643266677856445
4K,q4,64166,0.028360366821289062
4K,q4,64166,0.03424954414367676
4K,q4,64166,0.03302741050720215
4K,q4,64166,0.037110090255737305
4K,q4,64166,0.040854454040527344
4K,q4,74596,0.05832529067993164
4K,q4,74596,0.02914714813232422
4K,q4,74596,0.028842449188232422
4K,q4,74596,0.028395652770996094
4K,q4,74596,0.028476953506469727
4K,q4,32999,0.05757451057434082
4K,q4,32999,0.030025005340576172
4K,q4,32999,0.029848098754882812
4K,q4,32999,0.02951955795288086
4K,q4,32999,0.04130721092224121
4K,q4,38482,0.08391904830932617
4K,q4,38482,0.03806710243225098
4K,q4,38482,0.02910637855529785
4K,q4,38482,0.0292513370513916
4K,q4,38482,0.02902817726135254
4K,q4,60611,0.05717349052429199
4K,q4,60611,0.03429913520812988
4K,q4,60611,0.029014110565185547
4K,q4,60611,0.02887415885925293
4K,q4,60611,0.028888702392578125
4K,q4,31608,0.058431386947631836
4K,q4,31608,0.03464102745056152
4K,q4,31608,0.029495954513549805
4K,q4,31608,0.02806711196899414
4K,q4,31608,0.029484033584594727
4K,q4,71406,0.05789446830749512
4K,q4,71406,0.02875995635986328
4K,q4,71406,0.028881311416625977
4K,q4,71406,0.029095172882080078
4K,q4,71406,0.029234886169433594
4K,q4,33087,0.05831027030944824
4K,q4,33087,0.034246206283569336
4K,q4,33087,0.029684066772460938
4K,q4,33087,0.028638839721679688
4K,q4,33087,0.031237363815307617
4K,q4,12869,0.05830740928649902
4K,q4,12869,0.03471684455871582
4K,q4,12869,0.028955698013305664
4K,q4,12869,0.028514623641967773
4K,q4,12869,0.02995443344116211
4K,q4,62487,0.05714845657348633
4K,q4,62487,0.030816316604614258
4K,q4,62487,0.02889537811279297
4K,q4,62487,0.028730154037475586
4K,q4,62487,0.029917478561401367
4K,q4,71071,0.05660200119018555
4K,q4,71071,0.029669523239135742
4K,q4,71071,0.02980637550354004
4K,q4,71071,0.03007984161376953
4K,q4,71071,0.029511213302612305
4K,q4,78027,0.06241416931152344
4K,q4,78027,0.029207944869995117
4K,q4,78027,0.02898716926574707
4K,q4,78027,0.029475688934326172
4K,q4,78027,0.02899312973022461
4K,q4,3013,0.057988882064819336
4K,q4,3013,0.028447389602661133
4K,q4,3013,0.02956080436706543
4K,q4,3013,0.029033184051513672
4K,q4,3013,0.028717756271362305
4K,q4,21421,0.058164358139038086
4K,q4,21421,0.029707908630371094
4K,q4,21421,0.029987335205078125
4K,q4,21421,0.028833389282226562
4K,q4,21421,0.029198169708251953
4K,q4,32541,0.057288169860839844
4K,q4,32541,0.029786348342895508
4K,q4,32541,0.0293424129486084
4K,q4,32541,0.029708147048950195
4K,q4,32541,0.028583526611328125
4K,q4,24900,0.05490422248840332
4K,q4,24900,0.028767824172973633
4K,q4,24900,0.028187274932861328
4K,q4,24900,0.028455495834350586
4K,q4,24900,0.028480052947998047
4K,q4,51291,0.057160377502441406
4K,q4,51291,0.030684232711791992
4K,q4,51291,0.029195547103881836
4K,q4,51291,0.02902984619140625
4K,q4,51291,0.029096603393554688
4K,q4,71172,0.05788445472717285
4K,q4,71172,0.03351998329162598
4K,q4,71172,0.0294802188873291
4K,q4,71172,0.02852177619934082
4K,q4,71172,0.02974677085876465
4K,q4,56062,0.06604504585266113
4K,q4,56062,0.03427934646606445
4K,q4,56062,0.04829525947570801
4K,q4,56062,0.03541254997253418
4K,q4,56062,0.031874656677246094
4K,q4,54905,0.0575563907623291
4K,q4,54905,0.03659367561340332
4K,q4,54905,0.04950380325317383
4K,q4,54905,0.04341626167297363
4K,q4,54905,0.0362398624420166
2K,q4,22900,0.05914616584777832
2K,q4,22900,0.039665937423706055
2K,q4,22900,0.03056502342224121
2K,q4,22900,0.044258832931518555
2K,q4,22900,0.04232501983642578
2K,q4,10583,0.05830025672912598
2K,q4,10583,0.02917027473449707
2K,q4,10583,0.05725979804992676
2K,q4,10583,0.04267477989196777
2K,q4,10583,0.033324241638183594
2K,q4,7065,0.07214951515197754
2K,q4,7065,0.02967214584350586
2K,q4,7065,0.029262781143188477
2K,q4,7065,0.035721540451049805
2K,q4,7065,0.03291654586791992
2K,q4,23727,0.07966160774230957
2K,q4,23727,0.03716921806335449
2K,q4,23727,0.03538036346435547
2K,q4,23727,0.030182838439941406
2K,q4,23727,0.02968454360961914
2K,q4,27184,0.057630062103271484
2K,q4,27184,0.02956843376159668
2K,q4,27184,0.02967667579650879
2K,q4,27184,0.033721208572387695
2K,q4,27184,0.029130220413208008
2K,q4,26311,0.06080269813537598
2K,q4,26311,0.030242204666137695
2K,q4,26311,0.03745412826538086
2K,q4,26311,0.029633760452270508
2K,q4,26311,0.037106990814208984
2K,q4,71,0.05999588966369629
2K,q4,71,0.029482364654541016
2K,q4,71,0.029132843017578125
2K,q4,71,0.04714632034301758
2K,q4,71,0.03170037269592285
2K,q4,28650,0.06531357765197754
2K,q4,28650,0.04476666450500488
2K,q4,28650,0.03783226013183594
2K,q4,28650,0.041498661041259766
2K,q4,28650,0.031417131423950195
2K,q4,27064,0.06815075874328613
2K,q4,27064,0.029889822006225586
2K,q4,27064,0.03569912910461426
2K,q4,27064,0.03464102745056152
2K,q4,27064,0.033472537994384766
2K,q4,22219,0.06469535827636719
2K,q4,22219,0.0635826587677002
2K,q4,22219,0.03887319564819336
2K,q4,22219,0.03374481201171875
2K,q4,22219,0.028687715530395508
2K,q4,14063,0.057355403900146484
2K,q4,14063,0.031243085861206055
2K,q4,14063,0.029692888259887695
2K,q4,14063,0.03022289276123047
2K,q4,14063,0.029715538024902344
2K,q4,2930,0.06297874450683594
2K,q4,2930,0.030489683151245117
2K,q4,2930,0.03128504753112793
2K,q4,2930,0.029724597930908203
2K,q4,2930,0.030320167541503906
2K,q4,2013,0.05976605415344238
2K,q4,2013,0.028569936752319336
2K,q4,2013,0.029290199279785156
2K,q4,2013,0.03507661819458008
2K,q4,2013,0.028874874114990234
2K,q4,13851,0.05724906921386719
2K,q4,13851,0.029796838760375977
2K,q4,13851,0.029865503311157227
2K,q4,13851,0.03558683395385742
2K,q4,13851,0.04481673240661621
2K,q4,5187,0.09431052207946777
2K,q4,5187,0.04367780685424805
2K,q4,5187,0.030323028564453125
2K,q4,5187,0.029412508010864258
2K,q4,5187,0.03024458885192871
2K,q4,11032,0.06081390380859375
2K,q4,11032,0.030184268951416016
2K,q4,11032,0.02948594093322754
2K,q4,11032,0.03370261192321777
2K,q4,11032,0.029340744018554688
2K,q4,37002,0.05910348892211914
2K,q4,37002,0.03300142288208008
2K,q4,37002,0.02995443344116211
2K,q4,37002,0.033063650131225586
2K,q4,37002,0.03880786895751953
2K,q4,21828,0.059575796127319336
2K,q4,21828,0.030068397521972656
2K,q4,21828,0.029564619064331055
2K,q4,21828,0.02962517738342285
2K,q4,21828,0.036100149154663086
2K,q4,15869,0.058595895767211914
2K,q4,15869,0.032828330993652344
2K,q4,15869,0.045197248458862305
2K,q4,15869,0.04240083694458008
2K,q4,15869,0.05270504951477051
2K,q4,14599,0.06413149833679199
2K,q4,14599,0.050324440002441406
2K,q4,14599,0.03435397148132324
2K,q4,14599,0.03694033622741699
2K,q4,14599,0.04826974868774414
8K,q4,140025,0.06514549255371094
8K,q4,140025,0.029088258743286133
8K,q4,140025,0.029819250106811523
8K,q4,140025,0.02874898910522461
8K,q4,140025,0.029088973999023438
8K,q4,151924,0.056678056716918945
8K,q4,151924,0.029703140258789062
8K,q4,151924,0.03054976463317871
8K,q4,151924,0.0346834659576416
8K,q4,151924,0.02949237823486328
8K,q4,141372,0.05791497230529785
8K,q4,141372,0.02928900718688965
8K,q4,141372,0.028812885284423828
8K,q4,141372,0.041095733642578125
8K,q4,141372,0.0296938419342041
8K,q4,10701,0.05952334403991699
8K,q4,10701,0.02890801429748535
8K,q4,10701,0.028649330139160156
8K,q4,10701,0.028911113739013672
8K,q4,10701,0.03427290916442871
8K,q4,133229,0.05797004699707031
8K,q4,133229,0.02972412109375
8K,q4,133229,0.028553485870361328
8K,q4,133229,0.028516530990600586
8K,q4,133229,0.02848196029663086
8K,q4,47001,0.05769610404968262
8K,q4,47001,0.03386259078979492
8K,q4,47001,0.03013920783996582
8K,q4,47001,0.02908492088317871
8K,q4,47001,0.03346967697143555
8K,q4,69709,0.05747699737548828
8K,q4,69709,0.029685258865356445
8K,q4,69709,0.03058338165283203
8K,q4,69709,0.03230476379394531
8K,q4,69709,0.029580354690551758
8K,q4,24107,0.05945181846618652
8K,q4,24107,0.029651641845703125
8K,q4,24107,0.029627084732055664
8K,q4,24107,0.0301663875579834
8K,q4,24107,0.02974224090576172
8K,q4,142781,0.05695629119873047
8K,q4,142781,0.029532432556152344
8K,q4,142781,0.031003713607788086
8K,q4,142781,0.03036189079284668
8K,q4,142781,0.031070709228515625
8K,q4,25083,0.0566098690032959
8K,q4,25083,0.028771400451660156
8K,q4,25083,0.03014683723449707
8K,q4,25083,0.030155181884765625
8K,q4,25083,0.02839064598083496
8K,q4,97996,0.05822634696960449
8K,q4,97996,0.028818368911743164
8K,q4,97996,0.03021860122680664
8K,q4,97996,0.028696537017822266
8K,q4,97996,0.028774023056030273
8K,q4,121392,0.05610036849975586
8K,q4,121392,0.029442548751831055
8K,q4,121392,0.028296470642089844
8K,q4,121392,0.029176712036132812
8K,q4,121392,0.03594231605529785
8K,q4,76384,0.06101059913635254
8K,q4,76384,0.030236005783081055
8K,q4,76384,0.029371261596679688
8K,q4,76384,0.0293118953704834
8K,q4,76384,0.028872966766357422
8K,q4,4459,0.058020591735839844
8K,q4,4459,0.030370473861694336
8K,q4,4459,0.02891087532043457
8K,q4,4459,0.02929377555847168
8K,q4,4459,0.029849767684936523
8K,q4,134032,0.06438660621643066
8K,q4,134032,0.02935171127319336
8K,q4,134032,0.029553890228271484
8K,q4,134032,0.029585599899291992
8K,q4,134032,0.0295257568359375
8K,q4,68284,0.057225942611694336
8K,q4,68284,0.031682491302490234
8K,q4,68284,0.033594608306884766
8K,q4,68284,0.0329740047454834
8K,q4,68284,0.03756856918334961
8K,q4,130388,0.08189201354980469
8K,q4,130388,0.05249667167663574
8K,q4,130388,0.05956578254699707
8K,q4,130388,0.048259735107421875
8K,q4,130388,0.041167497634887695
8K,q4,66259,0.0705718994140625
8K,q4,66259,0.04601240158081055
8K,q4,66259,0.04849362373352051
8K,q4,66259,0.03916144371032715
8K,q4,66259,0.056001901626586914
8K,q4,40567,0.07327723503112793
8K,q4,40567,0.03608846664428711
8K,q4,40567,0.036510467529296875
8K,q4,40567,0.03919863700866699
8K,q4,40567,0.04359602928161621
8K,q4,67190,0.062189340591430664
8K,q4,67190,0.030881643295288086
8K,q4,67190,0.028940677642822266
8K,q4,67190,0.04014325141906738
8K,q4,67190,0.04894709587097168
1K,q4,6363,0.07345962524414062
1K,q4,6363,0.029984235763549805
1K,q4,6363,0.029706478118896484
1K,q4,6363,0.04339122772216797
1K,q4,6363,0.03441333770751953
1K,q4,19835,0.07013869285583496
1K,q4,19835,0.03507041931152344
1K,q4,19835,0.03394436836242676
1K,q4,19835,0.03487038612365723
1K,q4,19835,0.03292393684387207
1K,q4,2903,0.06880998611450195
1K,q4,2903,0.040566444396972656
1K,q4,2903,0.03396964073181152
1K,q4,2903,0.028937339782714844
1K,q4,2903,0.0366055965423584
1K,q4,19048,0.058897972106933594
1K,q4,19048,0.039731502532958984
1K,q4,19048,0.028576374053955078
1K,q4,19048,0.028626680374145508
1K,q4,19048,0.030292749404907227
1K,q4,3296,0.06364893913269043
1K,q4,3296,0.029438495635986328
1K,q4,3296,0.02916550636291504
1K,q4,3296,0.02911853790283203
1K,q4,3296,0.02900552749633789
1K,q4,19822,0.058789968490600586
1K,q4,19822,0.03429269790649414
1K,q4,19822,0.03002762794494629
1K,q4,19822,0.028327226638793945
1K,q4,19822,0.028438568115234375
1K,q4,3822,0.061370134353637695
1K,q4,3822,0.028499603271484375
1K,q4,3822,0.028437376022338867
1K,q4,3822,0.029154062271118164
1K,q4,3822,0.0618894100189209
1K,q4,13187,0.07892656326293945
1K,q4,13187,0.0317537784576416
1K,q4,13187,0.029404640197753906
1K,q4,13187,0.030448436737060547
1K,q4,13187,0.03139638900756836
1K,q4,640,0.05813121795654297
1K,q4,640,0.03496384620666504
1K,q4,640,0.04183769226074219
1K,q4,640,0.04203438758850098
1K,q4,640,0.029217004776000977
1K,q4,18162,0.06508803367614746
1K,q4,18162,0.03513526916503906
1K,q4,18162,0.029624223709106445
1K,q4,18162,0.029381990432739258
1K,q4,18162,0.029716014862060547
1K,q4,18347,0.056910037994384766
1K,q4,18347,0.02883768081665039
1K,q4,18347,0.029385805130004883
1K,q4,18347,0.02895069122314453
1K,q4,18347,0.029497623443603516
1K,q4,7430,0.06041288375854492
1K,q4,7430,0.03378176689147949
1K,q4,7430,0.033498525619506836
1K,q4,7430,0.03187370300292969
1K,q4,7430,0.05084633827209473
1K,q4,14554,0.07078385353088379
1K,q4,14554,0.04178166389465332
1K,q4,14554,0.0395207405090332
1K,q4,14554,0.037790775299072266
1K,q4,14554,0.0316472053527832
1K,q4,8146,0.07128453254699707
1K,q4,8146,0.03779029846191406
1K,q4,8146,0.046668291091918945
1K,q4,8146,0.046499013900756836
1K,q4,8146,0.039304256439208984
1K,q4,15166,0.058341026306152344
1K,q4,15166,0.028882265090942383
1K,q4,15166,0.028336524963378906
1K,q4,15166,0.028294086456298828
1K,q4,15166,0.03259921073913574
1K,q4,13526,0.06820917129516602
1K,q4,13526,0.03157949447631836
1K,q4,13526,0.05050230026245117
1K,q4,13526,0.039499759674072266
1K,q4,13526,0.04469132423400879
1K,q4,16891,0.07446098327636719
1K,q4,16891,0.057387590408325195
1K,q4,16891,0.03441643714904785
1K,q4,16891,0.04350996017456055
1K,q4,16891,0.06407976150512695
1K,q4,14140,0.07690262794494629
1K,q4,14140,0.028862476348876953
1K,q4,14140,0.02953505516052246
1K,q4,14140,0.02901458740234375
1K,q4,14140,0.02923583984375
1K,q4,11348,0.05570077896118164
1K,q4,11348,0.028714418411254883
1K,q4,11348,0.050173044204711914
1K,q4,11348,0.039672136306762695
1K,q4,11348,0.034391164779663086
1K,q4,7797,0.057436466217041016
1K,q4,7797,0.02977156639099121
1K,q4,7797,0.029346227645874023
1K,q4,7797,0.030142784118652344
1K,q4,7797,0.029320955276489258
16K,q4,315203,0.05730485916137695
16K,q4,315203,0.028771400451660156
16K,q4,315203,0.028685331344604492
16K,q4,315203,0.02916264533996582
16K,q4,315203,0.02858281135559082
16K,q4,118707,0.05626392364501953
16K,q4,118707,0.029032468795776367
16K,q4,118707,0.028978347778320312
16K,q4,118707,0.029674053192138672
16K,q4,118707,0.031001806259155273
16K,q4,48270,0.05776214599609375
16K,q4,48270,0.029930591583251953
16K,q4,48270,0.02895188331604004
16K,q4,48270,0.030034542083740234
16K,q4,48270,0.0293576717376709
16K,q4,272690,0.058148860931396484
16K,q4,272690,0.030158519744873047
16K,q4,272690,0.029510498046875
16K,q4,272690,0.030236482620239258
16K,q4,272690,0.030391454696655273
16K,q4,299037,0.058791399002075195
16K,q4,299037,0.030013322830200195
16K,q4,299037,0.04798293113708496
16K,q4,299037,0.05779623985290527
16K,q4,299037,0.046838998794555664
16K,q4,188198,0.08461308479309082
16K,q4,188198,0.03771185874938965
16K,q4,188198,0.03524661064147949
16K,q4,188198,0.0291440486907959
16K,q4,188198,0.030267715454101562
16K,q4,238876,0.05759859085083008
16K,q4,238876,0.028773069381713867
16K,q4,238876,0.029736995697021484
16K,q4,238876,0.02828812599182129
16K,q4,238876,0.028523921966552734
16K,q4,317630,0.07878398895263672
16K,q4,317630,0.02936410903930664
16K,q4,317630,0.02991032600402832
16K,q4,317630,0.033884525299072266
16K,q4,317630,0.02975153923034668
16K,q4,47405,0.057636260986328125
16K,q4,47405,0.029433012008666992
16K,q4,47405,0.028954029083251953
16K,q4,47405,0.02898573875427246
16K,q4,47405,0.028424739837646484
16K,q4,189974,0.05687141418457031
16K,q4,189974,0.028986454010009766
16K,q4,189974,0.03118896484375
16K,q4,189974,0.02892017364501953
16K,q4,189974,0.05943465232849121
16K,q4,232026,0.06814050674438477
16K,q4,232026,0.02863144874572754
16K,q4,232026,0.02886509895324707
16K,q4,232026,0.03461599349975586
16K,q4,232026,0.029057025909423828
16K,q4,82587,0.05709528923034668
16K,q4,82587,0.028716564178466797
16K,q4,82587,0.029053926467895508
16K,q4,82587,0.029860258102416992
16K,q4,82587,0.02974104881286621
16K,q4,190962,0.058164358139038086
16K,q4,190962,0.02930283546447754
16K,q4,190962,0.03004598617553711
16K,q4,190962,0.029009580612182617
16K,q4,190962,0.029497623443603516
16K,q4,134506,0.05697512626647949
16K,q4,134506,0.030022621154785156
16K,q4,134506,0.0293271541595459
16K,q4,134506,0.0325624942779541
16K,q4,134506,0.029596328735351562
16K,q4,273234,0.057607412338256836
16K,q4,273234,0.028880834579467773
16K,q4,273234,0.029032468795776367
16K,q4,273234,0.028763294219970703
16K,q4,273234,0.029053688049316406
16K,q4,83686,0.05570483207702637
16K,q4,83686,0.035504817962646484
16K,q4,83686,0.04060673713684082
16K,q4,83686,0.0299375057220459
16K,q4,83686,0.029051780700683594
16K,q4,35253,0.057829856872558594
16K,q4,35253,0.029849767684936523
16K,q4,35253,0.02840399742126465
16K,q4,35253,0.028821229934692383
16K,q4,35253,0.029449462890625
16K,q4,245239,0.05798768997192383
16K,q4,245239,0.029460430145263672
16K,q4,245239,0.029211044311523438
16K,q4,245239,0.032459259033203125
16K,q4,245239,0.02940964698791504
16K,q4,308431,0.05621600151062012
16K,q4,308431,0.028894424438476562
16K,q4,308431,0.02845907211303711
16K,q4,308431,0.029804229736328125
16K,q4,308431,0.03112030029296875
16K,q4,205590,0.057206153869628906
16K,q4,205590,0.030364513397216797
16K,q4,205590,0.029899120330810547
16K,q4,205590,0.02875971794128418
16K,q4,205590,0.028818607330322266
4K,q2,7,0.00455021858215332
4K,q2,7,0.003006458282470703
4K,q2,7,0.0025582313537597656
4K,q2,7,0.0026903152465820312
4K,q2,7,0.003065824508666992
4K,q2,48,0.004166603088378906
4K,q2,48,0.0027675628662109375
4K,q2,48,0.0025720596313476562
4K,q2,48,0.002760171890258789
4K,q2,48,0.0026378631591796875
4K,q2,18,0.004119157791137695
4K,q2,18,0.0028128623962402344
4K,q2,18,0.0025839805603027344
4K,q2,18,0.002759218215942383
4K,q2,18,0.0026006698608398438
4K,q2,39,0.003945589065551758
4K,q2,39,0.0026674270629882812
4K,q2,39,0.0026352405548095703
4K,q2,39,0.0026099681854248047
4K,q2,39,0.002808094024658203
4K,q2,18,0.002565145492553711
4K,q2,18,0.0026311874389648438
4K,q2,18,0.0028619766235351562
4K,q2,18,0.0027189254760742188
4K,q2,18,0.00261688232421875
4K,q2,69,0.0041904449462890625
4K,q2,69,0.0026001930236816406
4K,q2,69,0.002582073211669922
4K,q2,69,0.002638578414916992
4K,q2,69,0.009411096572875977
4K,q2,10,0.005948781967163086
4K,q2,10,0.007135629653930664
4K,q2,10,0.005940437316894531
4K,q2,10,0.0049474239349365234
4K,q2,10,0.004457712173461914
4K,q2,30,0.007737159729003906
4K,q2,30,0.00414276123046875
4K,q2,30,0.00592041015625
4K,q2,30,0.0062580108642578125
4K,q2,30,0.006657123565673828
4K,q2,43,0.005960941314697266
4K,q2,43,0.0079498291015625
4K,q2,43,0.0036611557006835938
4K,q2,43,0.00767207145690918
4K,q2,43,0.0034453868865966797
4K,q2,72,0.005067586898803711
4K,q2,72,0.004208803176879883
4K,q2,72,0.006096839904785156
4K,q2,72,0.003176450729370117
4K,q2,72,0.004569292068481445
4K,q2,53,0.004746198654174805
4K,q2,53,0.003741741180419922
4K,q2,53,0.005820751190185547
4K,q2,53,0.003331899642944336
4K,q2,53,0.0026674270629882812
4K,q2,25,0.004708766937255859
4K,q2,25,0.002660036087036133
4K,q2,25,0.002844095230102539
4K,q2,25,0.003713846206665039
4K,q2,25,0.002942323684692383
4K,q2,77,0.006340980529785156
4K,q2,77,0.002749919891357422
4K,q2,77,0.01146697998046875
4K,q2,77,0.007920503616333008
4K,q2,77,0.002691030502319336
4K,q2,65,0.004456520080566406
4K,q2,65,0.0024826526641845703
4K,q2,65,0.0028333663940429688
4K,q2,65,0.0027794837951660156
4K,q2,65,0.0026464462280273438
4K,q2,55,0.010925054550170898
4K,q2,55,0.0026640892028808594
4K,q2,55,0.0027167797088623047
4K,q2,55,0.002592325210571289
4K,q2,55,0.0028192996978759766
4K,q2,23,0.004239559173583984
4K,q2,23,0.0025322437286376953
4K,q2,23,0.002568960189819336
4K,q2,23,0.002663135528564453
4K,q2,23,0.002604246139526367
4K,q2,82,0.003918170928955078
4K,q2,82,0.0026807785034179688
4K,q2,82,0.002446889877319336
4K,q2,82,0.0024819374084472656
4K,q2,82,0.0026018619537353516
4K,q2,33,0.00402522087097168
4K,q2,33,0.002485513687133789
4K,q2,33,0.0024678707122802734
4K,q2,33,0.0026879310607910156
4K,q2,33,0.002459287643432617
4K,q2,82,0.0024976730346679688
4K,q2,82,0.002977132797241211
4K,q2,82,0.0026674270629882812
4K,q2,82,0.002549886703491211
4K,q2,82,0.003486156463623047
4K,q2,25,0.002475261688232422
4K,q2,25,0.0025620460510253906
4K,q2,25,0.0026967525482177734
4K,q2,25,0.0031266212463378906
4K,q2,25,0.0026161670684814453
2K,q2,36,0.004182338714599609
2K,q2,36,0.0025594234466552734
2K,q2,36,0.0026559829711914062
2K,q2,36,0.0026459693908691406
2K,q2,36,0.0024566650390625
2K,q2,25,0.0038042068481445312
2K,q2,25,0.002419710159301758
2K,q2,25,0.002567768096923828
2K,q2,25,0.0026781558990478516
2K,q2,25,0.0026814937591552734
2K,q2,37,0.004044771194458008
2K,q2,37,0.0025370121002197266
2K,q2,37,0.0025644302368164062
2K,q2,37,0.002611398696899414
2K,q2,37,0.0027403831481933594
2K,q2,23,0.003916501998901367
2K,q2,23,0.002792835235595703
2K,q2,23,0.002554655075073242
2K,q2,23,0.0028846263885498047
2K,q2,23,0.0025572776794433594
2K,q2,39,0.0038604736328125
2K,q2,39,0.009488105773925781
2K,q2,39,0.002925872802734375
2K,q2,39,0.002741098403930664
2K,q2,39,0.0026085376739501953
2K,q2,19,0.004490375518798828
2K,q2,19,0.002847433090209961
2K,q2,19,0.003258228302001953
2K,q2,19,0.006456851959228516
2K,q2,19,0.002601146697998047
2K,q2,17,0.0041790008544921875
2K,q2,17,0.0030975341796875
2K,q2,17,0.002893209457397461
2K,q2,17,0.002562284469604492
2K,q2,17,0.0027685165405273438
2K,q2,6,0.004366397857666016
2K,q2,6,0.0028738975524902344
2K,q2,6,0.002550840377807617
2K,q2,6,0.0024721622467041016
2K,q2,6,0.0026412010192871094
2K,q2,8,0.00410914421081543
2K,q2,8,0.002560138702392578
2K,q2,8,0.002535581588745117
2K,q2,8,0.0025322437286376953
2K,q2,8,0.0025551319122314453
2K,q2,0,0.004995822906494141
2K,q2,0,0.0025975704193115234
2K,q2,0,0.0031507015228271484
2K,q2,0,0.002847909927368164
2K,q2,0,0.002898693084716797
2K,q2,26,0.004202842712402344
2K,q2,26,0.006506204605102539
2K,q2,26,0.0026891231536865234
2K,q2,26,0.0027952194213867188
2K,q2,26,0.0026886463165283203
2K,q2,10,0.0038094520568847656
2K,q2,10,0.0025568008422851562
2K,q2,10,0.0025415420532226562
2K,q2,10,0.0027091503143310547
2K,q2,10,0.00264739990234375
2K,q2,39,0.0026738643646240234
2K,q2,39,0.002808094024658203
2K,q2,39,0.0028891563415527344
2K,q2,39,0.0028002262115478516
2K,q2,39,0.002602100372314453
2K,q2,3,0.004510402679443359
2K,q2,3,0.002733469009399414
2K,q2,3,0.0026264190673828125
2K,q2,3,0.0026199817657470703
2K,q2,3,0.0026938915252685547
2K,q2,16,0.004906415939331055
2K,q2,16,0.0027244091033935547
2K,q2,16,0.0027246475219726562
2K,q2,16,0.002669811248779297
2K,q2,16,0.003260374069213867
2K,q2,14,0.0040094852447509766
2K,q2,14,0.0026035308837890625
2K,q2,14,0.00833749771118164
2K,q2,14,0.002689838409423828
2K,q2,14,0.002618551254272461
2K,q2,3,0.0027153491973876953
2K,q2,3,0.002588033676147461
2K,q2,3,0.00296783447265625
2K,q2,3,0.002915620803833008
2K,q2,3,0.0031533241271972656
2K,q2,6,0.004170417785644531
2K,q2,6,0.002521038055419922
2K,q2,6,0.004880428314208984
2K,q2,6,0.0025551319122314453
2K,q2,6,0.002839326858520508
2K,q2,17,0.00261688232421875
2K,q2,17,0.002519845962524414
2K,q2,17,0.0026023387908935547
2K,q2,17,0.002512216567993164
2K,q2,17,0.0024759769439697266
2K,q2,28,0.004089832305908203
2K,q2,28,0.002554655075073242
2K,q2,28,0.002524852752685547
2K,q2,28,0.0025784969329833984
2K,q2,28,0.002485036849975586
8K,q2,82,0.012471437454223633
8K,q2,82,0.003913164138793945
8K,q2,82,0.0026612281799316406
8K,q2,82,0.0026433467864990234
8K,q2,82,0.002517223358154297
8K,q2,41,0.003945112228393555
8K,q2,41,0.0027039051055908203
8K,q2,41,0.0059735774993896484
8K,q2,41,0.002885103225708008
8K,q2,41,0.00283050537109375
8K,q2,72,0.0040225982666015625
8K,q2,72,0.0038557052612304688
8K,q2,72,0.005447864532470703
8K,q2,72,0.0035102367401123047
8K,q2,72,0.002651691436767578
8K,q2,110,0.004167318344116211
8K,q2,110,0.019274473190307617
8K,q2,110,0.003226757049560547
8K,q2,110,0.007281064987182617
8K,q2,110,0.002717256546020508
8K,q2,121,0.004459381103515625
8K,q2,121,0.0027854442596435547
8K,q2,121,0.0028362274169921875
8K,q2,121,0.0028307437896728516
8K,q2,121,0.00260162353515625
8K,q2,140,0.004259347915649414
8K,q2,140,0.0026857852935791016
8K,q2,140,0.004236936569213867
8K,q2,140,0.002493143081665039
8K,q2,140,0.009042501449584961
8K,q2,115,0.007594585418701172
8K,q2,115,0.0027866363525390625
8K,q2,115,0.002839803695678711
8K,q2,115,0.0027627944946289062
8K,q2,115,0.002794981002807617
8K,q2,81,0.004256248474121094
8K,q2,81,0.002789735794067383
8K,q2,81,0.002642393112182617
8K,q2,81,0.00250244140625
8K,q2,81,0.0025823116302490234
8K,q2,153,0.003972291946411133
8K,q2,153,0.0026166439056396484
8K,q2,153,0.003139495849609375
8K,q2,153,0.002557516098022461
8K,q2,153,0.0031366348266601562
8K,q2,137,0.0050220489501953125
8K,q2,137,0.0028028488159179688
8K,q2,137,0.0035648345947265625
8K,q2,137,0.0026848316192626953
8K,q2,137,0.007381916046142578
8K,q2,3,0.004102230072021484
8K,q2,3,0.002892732620239258
8K,q2,3,0.004914283752441406
8K,q2,3,0.010817527770996094
8K,q2,3,0.002660036087036133
8K,q2,103,0.004286050796508789
8K,q2,103,0.002557039260864258
8K,q2,103,0.002618074417114258
8K,q2,103,0.0024912357330322266
8K,q2,103,0.009066343307495117
8K,q2,16,0.004649162292480469
8K,q2,16,0.0024955272674560547
8K,q2,16,0.002552032470703125
8K,q2,16,0.0024318695068359375
8K,q2,16,0.002450227737426758
8K,q2,65,0.0036144256591796875
8K,q2,65,0.0024628639221191406
8K,q2,65,0.005567312240600586
8K,q2,65,0.002502918243408203
8K,q2,65,0.002871274948120117
8K,q2,134,0.007509946823120117
8K,q2,134,0.0028769969940185547
8K,q2,134,0.0029506683349609375
8K,q2,134,0.0025663375854492188
8K,q2,134,0.0025877952575683594
8K,q2,144,0.006327390670776367
8K,q2,144,0.0025446414947509766
8K,q2,144,0.0024690628051757812
8K,q2,144,0.012871980667114258
8K,q2,144,0.0039021968841552734
8K,q2,110,0.004349470138549805
8K,q2,110,0.0026476383209228516
8K,q2,110,0.003249645233154297
8K,q2,110,0.007614612579345703
8K,q2,110,0.004277706146240234
8K,q2,23,0.010890483856201172
8K,q2,23,0.0031006336212158203
8K,q2,23,0.0028183460235595703
8K,q2,23,0.003268718719482422
8K,q2,23,0.007002592086791992
8K,q2,16,0.004858493804931641
8K,q2,16,0.0031385421752929688
8K,q2,16,0.003002166748046875
8K,q2,16,0.007258892059326172
8K,q2,16,0.004783153533935547
8K,q2,10,0.004755258560180664
8K,q2,10,0.0027642250061035156
8K,q2,10,0.0028905868530273438
8K,q2,10,0.0026731491088867188
8K,q2,10,0.003953218460083008
1K,q2,3,0.0039637088775634766
1K,q2,3,0.0026459693908691406
1K,q2,3,0.002889394760131836
1K,q2,3,0.002667665481567383
1K,q2,3,0.002763032913208008
1K,q2,1,0.004425525665283203
1K,q2,1,0.0034165382385253906
1K,q2,1,0.0028944015502929688
1K,q2,1,0.003972291946411133
1K,q2,1,0.012224435806274414
1K,q2,8,0.0038771629333496094
1K,q2,8,0.002629995346069336
1K,q2,8,0.0025947093963623047
1K,q2,8,0.0024607181549072266
1K,q2,8,0.0026073455810546875
1K,q2,3,0.0028743743896484375
1K,q2,3,0.0026276111602783203
1K,q2,3,0.0025374889373779297
1K,q2,3,0.002597808837890625
1K,q2,3,0.0026166439056396484
1K,q2,19,0.0037679672241210938
1K,q2,19,0.002941608428955078
1K,q2,19,0.002633333206176758
1K,q2,19,0.002515077590942383
1K,q2,19,0.002628326416015625
1K,q2,10,0.003991603851318359
1K,q2,10,0.002492189407348633
1K,q2,10,0.0025429725646972656
1K,q2,10,0.0024940967559814453
1K,q2,10,0.0026581287384033203
1K,q2,21,0.004139423370361328
1K,q2,21,0.0028030872344970703
1K,q2,21,0.002679109573364258
1K,q2,21,0.002750873565673828
1K,q2,21,0.0027687549591064453
1K,q2,16,0.004157543182373047
1K,q2,16,0.0026612281799316406
1K,q2,16,0.0025703907012939453
1K,q2,16,0.006750822067260742
1K,q2,16,0.002605438232421875
1K,q2,14,0.003923177719116211
1K,q2,14,0.0026993751525878906
1K,q2,14,0.003938913345336914
1K,q2,14,0.003592967987060547
1K,q2,14,0.003823518753051758
1K,q2,1,0.0033686161041259766
1K,q2,1,0.0034415721893310547
1K,q2,1,0.003365755081176758
1K,q2,1,0.007909059524536133
1K,q2,1,0.0035104751586914062
1K,q2,3,0.0032806396484375
1K,q2,3,0.0031354427337646484
1K,q2,3,0.003381013870239258
1K,q2,3,0.0030786991119384766
1K,q2,3,0.003286600112915039
1K,q2,20,0.00519108772277832
1K,q2,20,0.003206491470336914
1K,q2,20,0.003618955612182617
1K,q2,20,0.0029544830322265625
1K,q2,20,0.0030014514923095703
1K,q2,4,0.004772186279296875
1K,q2,4,0.003061056137084961
1K,q2,4,0.0030193328857421875
1K,q2,4,0.003038644790649414
1K,q2,4,0.0029103755950927734
1K,q2,12,0.004553318023681641
1K,q2,12,0.008227825164794922
1K,q2,12,0.0028638839721679688
1K,q2,12,0.0027990341186523438
1K,q2,12,0.0028138160705566406
1K,q2,12,0.0030601024627685547
1K,q2,12,0.002905607223510742
1K,q2,12,0.0027587413787841797
1K,q2,12,0.0029239654541015625
1K,q2,12,0.0028150081634521484
1K,q2,7,0.004370212554931641
1K,q2,7,0.01581287384033203
1K,q2,7,0.0030846595764160156
1K,q2,7,0.002995729446411133
1K,q2,7,0.005059957504272461
1K,q2,16,0.006053447723388672
1K,q2,16,0.0033261775970458984
1K,q2,16,0.0028128623962402344
1K,q2,16,0.003972768783569336
1K,q2,16,0.0028493404388427734
1K,q2,19,0.005890846252441406
1K,q2,19,0.0027730464935302734
1K,q2,19,0.0028417110443115234
1K,q2,19,0.006662845611572266
1K,q2,19,0.002763509750366211
1K,q2,9,0.004175901412963867
1K,q2,9,0.0027174949645996094
1K,q2,9,0.004925727844238281
1K,q2,9,0.0052831172943115234
1K,q2,9,0.002880096435546875
1K,q2,10,0.002850770950317383
1K,q2,10,0.006584644317626953
1K,q2,10,0.002808094024658203
1K,q2,10,0.0057752132415771484
1K,q2,10,0.00292205810546875
16K,q2,306,0.004450559616088867
16K,q2,306,0.0026578903198242188
16K,q2,306,0.0028388500213623047
16K,q2,306,0.00275421142578125
16K,q2,306,0.002607107162475586
16K,q2,313,0.004252910614013672
16K,q2,313,0.002910614013671875
16K,q2,313,0.0027501583099365234
16K,q2,313,0.002994060516357422
16K,q2,313,0.004469394683837891
16K,q2,18,0.004114389419555664
16K,q2,18,0.004648923873901367
16K,q2,18,0.0034754276275634766
16K,q2,18,0.0042972564697265625
16K,q2,18,0.004312992095947266
16K,q2,62,0.004190921783447266
16K,q2,62,0.005902767181396484
16K,q2,62,0.0030236244201660156
16K,q2,62,0.007155179977416992
16K,q2,62,0.0033113956451416016
16K,q2,101,0.00835418701171875
16K,q2,101,0.006392955780029297
16K,q2,101,0.0026094913482666016
16K,q2,101,0.0026497840881347656
16K,q2,101,0.0062677860260009766
16K,q2,62,0.0027010440826416016
16K,q2,62,0.0027403831481933594
16K,q2,62,0.002647876739501953
16K,q2,62,0.0025424957275390625
16K,q2,62,0.002547025680541992
16K,q2,259,0.004630327224731445
16K,q2,259,0.0026187896728515625
16K,q2,259,0.002490520477294922
16K,q2,259,0.002552032470703125
16K,q2,259,0.0029754638671875
16K,q2,85,0.004191398620605469
16K,q2,85,0.002698659896850586
16K,q2,85,0.0028123855590820312
16K,q2,85,0.002858877182006836
16K,q2,85,0.002778768539428711
16K,q2,218,0.004080772399902344
16K,q2,218,0.0029478073120117188
16K,q2,218,0.0030574798583984375
16K,q2,218,0.0029866695404052734
16K,q2,218,0.00529170036315918
16K,q2,225,0.004255533218383789
16K,q2,225,0.0029401779174804688
16K,q2,225,0.0031294822692871094
16K,q2,225,0.002852916717529297
16K,q2,225,0.0028028488159179688
16K,q2,266,0.004436492919921875
16K,q2,266,0.0026884078979492188
16K,q2,266,0.002938985824584961
16K,q2,266,0.0028052330017089844
16K,q2,266,0.0043833255767822266
16K,q2,9,0.003759145736694336
16K,q2,9,0.0032880306243896484
16K,q2,9,0.002660512924194336
16K,q2,9,0.0025949478149414062
16K,q2,9,0.0031991004943847656
16K,q2,283,0.004067182540893555
16K,q2,283,0.002862215042114258
16K,q2,283,0.002762317657470703
16K,q2,283,0.0025844573974609375
16K,q2,283,0.0026357173919677734
16K,q2,289,0.004032135009765625
16K,q2,289,0.0030364990234375
16K,q2,289,0.004019021987915039
16K,q2,289,0.002892017364501953
16K,q2,289,0.0029854774475097656
16K,q2,55,0.0045468807220458984
16K,q2,55,0.006054401397705078
16K,q2,55,0.0053670406341552734
16K,q2,55,0.0064122676849365234
16K,q2,55,0.00864863395690918
16K,q2,294,0.007363080978393555
16K,q2,294,0.004587888717651367
16K,q2,294,0.004361629486083984
16K,q2,294,0.004565715789794922
16K,q2,294,0.004269599914550781
16K,q2,324,0.006622791290283203
16K,q2,324,0.0039730072021484375
16K,q2,324,0.004053592681884766
16K,q2,324,0.003907918930053711
16K,q2,324,0.003761768341064453
16K,q2,219,0.005751132965087891
16K,q2,219,0.0037450790405273438
16K,q2,219,0.003366231918334961
16K,q2,219,0.003529787063598633
16K,q2,219,0.0035512447357177734
16K,q2,254,0.0053920745849609375
16K,q2,254,0.0031366348266601562
16K,q2,254,0.0032198429107666016
16K,q2,254,0.0033605098724365234
16K,q2,254,0.003186941146850586
16K,q2,315,0.0047359466552734375
16K,q2,315,0.0032083988189697266
16K,q2,315,0.0029926300048828125
16K,q2,315,0.002857208251953125
16K,q2,315,0.0029342174530029297
4K,q6,33,0.0056285858154296875
4K,q6,33,0.007578611373901367
4K,q6,33,0.0038771629333496094
4K,q6,33,0.0037643909454345703
4K,q6,33,0.004172563552856445
4K,q6,24,0.006949186325073242
4K,q6,24,0.0038299560546875
4K,q6,24,0.003744840621948242
4K,q6,24,0.003765583038330078
4K,q6,24,0.003993511199951172
4K,q6,8,0.006882429122924805
4K,q6,8,0.004019498825073242
4K,q6,8,0.003733396530151367
4K,q6,8,0.0038497447967529297
4K,q6,8,0.003765583038330078
4K,q6,19,0.006341457366943359
4K,q6,19,0.004309892654418945
4K,q6,19,0.0038139820098876953
4K,q6,19,0.00393223762512207
4K,q6,19,0.0037550926208496094
4K,q6,34,0.0064716339111328125
4K,q6,34,0.0039141178131103516
4K,q6,34,0.0037293434143066406
4K,q6,34,0.0037348270416259766
4K,q6,34,0.003854036331176758
4K,q6,34,0.0038537979125976562
4K,q6,34,0.0037293434143066406
4K,q6,34,0.003833293914794922
4K,q6,34,0.0036742687225341797
4K,q6,34,0.003854513168334961
4K,q6,14,0.006256818771362305
4K,q6,14,0.003946542739868164
4K,q6,14,0.003717660903930664
4K,q6,14,0.00390934944152832
4K,q6,14,0.003886699676513672
4K,q6,37,0.006648540496826172
4K,q6,37,0.003742694854736328
4K,q6,37,0.00516963005065918
4K,q6,37,0.010443925857543945
4K,q6,37,0.008802652359008789
4K,q6,34,0.005945444107055664
4K,q6,34,0.004714250564575195
4K,q6,34,0.004969596862792969
4K,q6,34,0.004360675811767578
4K,q6,34,0.01143956184387207
4K,q6,18,0.020586252212524414
4K,q6,18,0.005784034729003906
4K,q6,18,0.005341768264770508
4K,q6,18,0.00839090347290039
4K,q6,18,0.005242347717285156
4K,q6,32,0.010159015655517578
4K,q6,32,0.008411884307861328
4K,q6,32,0.004301548004150391
4K,q6,32,0.0044100284576416016
4K,q6,32,0.004375934600830078
4K,q6,16,0.006964206695556641
4K,q6,16,0.007603168487548828
4K,q6,16,0.007242679595947266
4K,q6,16,0.004893302917480469
4K,q6,16,0.00458073616027832
4K,q6,10,0.009863615036010742
4K,q6,10,0.003954648971557617
4K,q6,10,0.0040204524993896484
4K,q6,10,0.0039021968841552734
4K,q6,10,0.0038716793060302734
4K,q6,7,0.006684303283691406
4K,q6,7,0.00599217414855957
4K,q6,7,0.003811359405517578
4K,q6,7,0.0037314891815185547
4K,q6,7,0.006949663162231445
4K,q6,15,0.006696939468383789
4K,q6,15,0.003833770751953125
4K,q6,15,0.004263401031494141
4K,q6,15,0.00792384147644043
4K,q6,15,0.004498004913330078
4K,q6,2,0.0066089630126953125
4K,q6,2,0.008502006530761719
4K,q6,2,0.004033803939819336
4K,q6,2,0.00402522087097168
4K,q6,2,0.00629878044128418
4K,q6,16,0.003927469253540039
4K,q6,16,0.007943391799926758
4K,q6,16,0.003910064697265625
4K,q6,16,0.003871440887451172
4K,q6,16,0.003862142562866211
4K,q6,18,0.0038869380950927734
4K,q6,18,0.0038940906524658203
4K,q6,18,0.004773616790771484
4K,q6,18,0.0060389041900634766
4K,q6,18,0.004528045654296875
4K,q6,22,0.00705409049987793
4K,q6,22,0.003981113433837891
4K,q6,22,0.003789186477661133
4K,q6,22,0.005709171295166016
4K,q6,22,0.004046201705932617
4K,q6,7,0.004137754440307617
4K,q6,7,0.007709026336669922
4K,q6,7,0.00446629524230957
4K,q6,7,0.009314775466918945
4K,q6,7,0.003953456878662109
2K,q6,5,0.00763392448425293
2K,q6,5,0.00406956672668457
2K,q6,5,0.006406068801879883
2K,q6,5,0.005116462707519531
2K,q6,5,0.00414276123046875
2K,q6,14,0.010582923889160156
2K,q6,14,0.004239082336425781
2K,q6,14,0.009193181991577148
2K,q6,14,0.004235267639160156
2K,q6,14,0.006737470626831055
2K,q6,19,0.009498119354248047
2K,q6,19,0.004029035568237305
2K,q6,19,0.004194974899291992
2K,q6,19,0.003879547119140625
2K,q6,19,0.006680011749267578
2K,q6,19,0.00678253173828125
2K,q6,19,0.004736423492431641
2K,q6,19,0.006684303283691406
2K,q6,19,0.0041620731353759766
2K,q6,19,0.003946065902709961
2K,q6,14,0.00406956672668457
2K,q6,14,0.005466461181640625
2K,q6,14,0.0059549808502197266
2K,q6,14,0.004018068313598633
2K,q6,14,0.004446506500244141
2K,q6,6,0.007216453552246094
2K,q6,6,0.006750822067260742
2K,q6,6,0.00392460823059082
2K,q6,6,0.0037894248962402344
2K,q6,6,0.007299184799194336
2K,q6,21,0.006857156753540039
2K,q6,21,0.0038247108459472656
2K,q6,21,0.008133172988891602
2K,q6,21,0.003957986831665039
2K,q6,21,0.004220008850097656
2K,q6,1,0.0070362091064453125
2K,q6,1,0.0039975643157958984
2K,q6,1,0.007359981536865234
2K,q6,1,0.0041124820709228516
2K,q6,1,0.004082202911376953
2K,q6,12,0.009287595748901367
2K,q6,12,0.005306720733642578
2K,q6,12,0.0039255619049072266
2K,q6,12,0.0041539669036865234
2K,q6,12,0.005624294281005859
2K,q6,14,0.005100727081298828
2K,q6,14,0.0051114559173583984
2K,q6,14,0.003966808319091797
2K,q6,14,0.003911495208740234
2K,q6,14,0.006438732147216797
2K,q6,0,0.006473541259765625
2K,q6,0,0.0038576126098632812
2K,q6,0,0.0037033557891845703
2K,q6,0,0.0039052963256835938
2K,q6,0,0.004168272018432617
2K,q6,19,0.003915548324584961
2K,q6,19,0.00846099853515625
2K,q6,19,0.00543522834777832
2K,q6,19,0.007987499237060547
2K,q6,19,0.0038847923278808594
2K,q6,1,0.007257938385009766
2K,q6,1,0.0039768218994140625
2K,q6,1,0.004044532775878906
2K,q6,1,0.003942251205444336
2K,q6,1,0.00449061393737793
2K,q6,8,0.009590625762939453
2K,q6,8,0.006123065948486328
2K,q6,8,0.003685474395751953
2K,q6,8,0.0038900375366210938
2K,q6,8,0.0039052963256835938
2K,q6,11,0.007289886474609375
2K,q6,11,0.006783485412597656
2K,q6,11,0.004163265228271484
2K,q6,11,0.007414579391479492
2K,q6,11,0.00408625602722168
2K,q6,0,0.004105806350708008
2K,q6,0,0.004022121429443359
2K,q6,0,0.005421638488769531
2K,q6,0,0.007493257522583008
2K,q6,0,0.004044532775878906
2K,q6,17,0.00663447380065918
2K,q6,17,0.006676435470581055
2K,q6,17,0.0039577484130859375
2K,q6,17,0.004004001617431641
2K,q6,17,0.0039517879486083984
2K,q6,4,0.007782459259033203
2K,q6,4,0.005522012710571289
2K,q6,4,0.005668163299560547
2K,q6,4,0.007097482681274414
2K,q6,4,0.007418394088745117
2K,q6,22,0.0062444210052490234
2K,q6,22,0.0038182735443115234
2K,q6,22,0.007142543792724609
2K,q6,22,0.004041194915771484
2K,q6,22,0.004243612289428711
2K,q6,4,0.004300594329833984
2K,q6,4,0.005678415298461914
2K,q6,4,0.007451534271240234
2K,q6,4,0.004003763198852539
2K,q6,4,0.004288196563720703
8K,q6,30,0.006883144378662109
8K,q6,30,0.0058672428131103516
8K,q6,30,0.006872653961181641
8K,q6,30,0.004081249237060547
8K,q6,30,0.007356166839599609
8K,q6,65,0.0064809322357177734
8K,q6,65,0.004079341888427734
8K,q6,65,0.0076406002044677734
8K,q6,65,0.0038890838623046875
8K,q6,65,0.004381895065307617
8K,q6,71,0.007029056549072266
8K,q6,71,0.009398937225341797
8K,q6,71,0.0066487789154052734
8K,q6,71,0.004758358001708984
8K,q6,71,0.004074811935424805
8K,q6,67,0.010359525680541992
8K,q6,67,0.004884481430053711
8K,q6,67,0.012222528457641602
8K,q6,67,0.004273891448974609
8K,q6,67,0.004143953323364258
8K,q6,28,0.013825416564941406
8K,q6,28,0.003963947296142578
8K,q6,28,0.008487939834594727
8K,q6,28,0.003936767578125
8K,q6,28,0.0037953853607177734
8K,q6,71,0.004136800765991211
8K,q6,71,0.010162353515625
8K,q6,71,0.004103183746337891
8K,q6,71,0.0041310787200927734
8K,q6,71,0.0039937496185302734
8K,q6,23,0.0068340301513671875
8K,q6,23,0.01044011116027832
8K,q6,23,0.0044901371002197266
8K,q6,23,0.0040552616119384766
8K,q6,23,0.00377655029296875
8K,q6,40,0.006742715835571289
8K,q6,40,0.008965730667114258
8K,q6,40,0.003957271575927734
8K,q6,40,0.0038089752197265625
8K,q6,40,0.004584789276123047
8K,q6,3,0.009246349334716797
8K,q6,3,0.004412412643432617
8K,q6,3,0.0038847923278808594
8K,q6,3,0.00555729866027832
8K,q6,3,0.003963470458984375
8K,q6,71,0.00402069091796875
8K,q6,71,0.003998279571533203
8K,q6,71,0.008879661560058594
8K,q6,71,0.004068613052368164
8K,q6,71,0.004044055938720703
8K,q6,40,0.007233619689941406
8K,q6,40,0.004351615905761719
8K,q6,40,0.004050016403198242
8K,q6,40,0.003999948501586914
8K,q6,40,0.0039670467376708984
8K,q6,62,0.006859779357910156
8K,q6,62,0.004629611968994141
8K,q6,62,0.003989219665527344
8K,q6,62,0.004033327102661133
8K,q6,62,0.005895376205444336
8K,q6,77,0.008574485778808594
8K,q6,77,0.005077362060546875
8K,q6,77,0.006284475326538086
8K,q6,77,0.003749847412109375
8K,q6,77,0.0039577484130859375
8K,q6,9,0.006560325622558594
8K,q6,9,0.00836038589477539
8K,q6,9,0.0040400028228759766
8K,q6,9,0.0038805007934570312
8K,q6,9,0.003703594207763672
8K,q6,12,0.006254911422729492
8K,q6,12,0.010842323303222656
8K,q6,12,0.006295919418334961
8K,q6,12,0.004359245300292969
8K,q6,12,0.0036818981170654297
8K,q6,40,0.003816843032836914
8K,q6,40,0.0037984848022460938
8K,q6,40,0.007457256317138672
8K,q6,40,0.005280733108520508
8K,q6,40,0.004235029220581055
8K,q6,45,0.006834506988525391
8K,q6,45,0.010068893432617188
8K,q6,45,0.009222030639648438
8K,q6,45,0.004109382629394531
8K,q6,45,0.009930849075317383
8K,q6,10,0.006734371185302734
8K,q6,10,0.00434112548828125
8K,q6,10,0.004087686538696289
8K,q6,10,0.007906675338745117
8K,q6,10,0.0038895606994628906
8K,q6,27,0.01091623306274414
8K,q6,27,0.003920316696166992
8K,q6,27,0.003958702087402344
8K,q6,27,0.004164218902587891
8K,q6,27,0.004098176956176758
8K,q6,37,0.011109590530395508
8K,q6,37,0.003690481185913086
8K,q6,37,0.0036945343017578125
8K,q6,37,0.0054552555084228516
8K,q6,37,0.006709575653076172
1K,q6,2,0.0063893795013427734
1K,q6,2,0.0038754940032958984
1K,q6,2,0.005746126174926758
1K,q6,2,0.010004997253417969
1K,q6,2,0.004406929016113281
1K,q6,3,0.006551980972290039
1K,q6,3,0.005157470703125
1K,q6,3,0.005808353424072266
1K,q6,3,0.004990100860595703
1K,q6,3,0.004038095474243164
1K,q6,7,0.010690689086914062
1K,q6,7,0.00395965576171875
1K,q6,7,0.0038182735443115234
1K,q6,7,0.0038275718688964844
1K,q6,7,0.0038537979125976562
1K,q6,3,0.004712104797363281
1K,q6,3,0.0048143863677978516
1K,q6,3,0.00400853157043457
1K,q6,3,0.003799915313720703
1K,q6,3,0.003950357437133789
1K,q6,1,0.00615239143371582
1K,q6,1,0.006704092025756836
1K,q6,1,0.0069849491119384766
1K,q6,1,0.004047393798828125
1K,q6,1,0.003964424133300781
1K,q6,7,0.004110097885131836
1K,q6,7,0.0053713321685791016
1K,q6,7,0.00423121452331543
1K,q6,7,0.0039081573486328125
1K,q6,7,0.003912448883056641
1K,q6,11,0.0063610076904296875
1K,q6,11,0.004006385803222656
1K,q6,11,0.003965616226196289
1K,q6,11,0.003883838653564453
1K,q6,11,0.004839658737182617
1K,q6,4,0.00657343864440918
1K,q6,4,0.004067897796630859
1K,q6,4,0.004514217376708984
1K,q6,4,0.003904581069946289
1K,q6,4,0.003927469253540039
1K,q6,7,0.0038356781005859375
1K,q6,7,0.004766941070556641
1K,q6,7,0.00773310661315918
1K,q6,7,0.004291057586669922
1K,q6,7,0.0042459964752197266
1K,q6,3,0.0038487911224365234
1K,q6,3,0.0038416385650634766
1K,q6,3,0.006742715835571289
1K,q6,3,0.006642818450927734
1K,q6,3,0.006642580032348633
1K,q6,11,0.0067310333251953125
1K,q6,11,0.0060312747955322266
1K,q6,11,0.009474992752075195
1K,q6,11,0.006982564926147461
1K,q6,11,0.008394241333007812
1K,q6,2,0.0041294097900390625
1K,q6,2,0.008403539657592773
1K,q6,2,0.007252693176269531
1K,q6,2,0.00680232048034668
1K,q6,2,0.006876230239868164
1K,q6,7,0.004961490631103516
1K,q6,7,0.00513005256652832
1K,q6,7,0.007452487945556641
1K,q6,7,0.0045528411865234375
1K,q6,7,0.0044879913330078125
1K,q6,1,0.005464076995849609
1K,q6,1,0.004256248474121094
1K,q6,1,0.004229068756103516
1K,q6,1,0.004808902740478516
1K,q6,1,0.005853176116943359
1K,q6,5,0.007483243942260742
1K,q6,5,0.004305124282836914
1K,q6,5,0.004293918609619141
1K,q6,5,0.0040624141693115234
1K,q6,5,0.004026651382446289
1K,q6,3,0.005727529525756836
1K,q6,3,0.004116058349609375
1K,q6,3,0.003916263580322266
1K,q6,3,0.003872394561767578
1K,q6,3,0.004681110382080078
1K,q6,7,0.003893136978149414
1K,q6,7,0.003928422927856445
1K,q6,7,0.006839275360107422
1K,q6,7,0.007530689239501953
1K,q6,7,0.0069942474365234375
1K,q6,7,0.0045549869537353516
1K,q6,7,0.004750490188598633
1K,q6,7,0.007023811340332031
1K,q6,7,0.006872653961181641
1K,q6,7,0.005580902099609375
1K,q6,10,0.00941920280456543
1K,q6,10,0.004387378692626953
1K,q6,10,0.004120349884033203
1K,q6,10,0.005029439926147461
1K,q6,10,0.0046842098236083984
1K,q6,8,0.008301734924316406
1K,q6,8,0.006028175354003906
1K,q6,8,0.005415916442871094
1K,q6,8,0.008707046508789062
1K,q6,8,0.0043222904205322266
16K,q6,62,0.007504463195800781
16K,q6,62,0.00536656379699707
16K,q6,62,0.005488157272338867
16K,q6,62,0.005581855773925781
16K,q6,62,0.004088401794433594
16K,q6,21,0.012268543243408203
16K,q6,21,0.004018068313598633
16K,q6,21,0.003960371017456055
16K,q6,21,0.00420379638671875
16K,q6,21,0.007615566253662109
16K,q6,69,0.012071847915649414
16K,q6,69,0.01000833511352539
16K,q6,69,0.010154962539672852
16K,q6,69,0.0072171688079833984
16K,q6,69,0.0072939395904541016
16K,q6,62,0.006932258605957031
16K,q6,62,0.0042803287506103516
16K,q6,62,0.004160642623901367
16K,q6,62,0.0039005279541015625
16K,q6,62,0.007877826690673828
16K,q6,140,0.007048368453979492
16K,q6,140,0.006716012954711914
16K,q6,140,0.006925106048583984
16K,q6,140,0.01051020622253418
16K,q6,140,0.0040051937103271484
16K,q6,119,0.011744260787963867
16K,q6,119,0.004161357879638672
16K,q6,119,0.003951311111450195
16K,q6,119,0.003957986831665039
16K,q6,119,0.004082202911376953
16K,q6,127,0.007527828216552734
16K,q6,127,0.004624128341674805
16K,q6,127,0.008782386779785156
16K,q6,127,0.0040035247802734375
16K,q6,127,0.006267547607421875
16K,q6,32,0.006308555603027344
16K,q6,32,0.008214712142944336
16K,q6,32,0.0041735172271728516
16K,q6,32,0.0038449764251708984
16K,q6,32,0.0041065216064453125
16K,q6,65,0.006386756896972656
16K,q6,65,0.0042095184326171875
16K,q6,65,0.004680633544921875
16K,q6,65,0.004284381866455078
16K,q6,65,0.0044841766357421875
16K,q6,13,0.007479190826416016
16K,q6,13,0.009473085403442383
16K,q6,13,0.005342960357666016
16K,q6,13,0.004042387008666992
16K,q6,13,0.004612922668457031
16K,q6,17,0.008617162704467773
16K,q6,17,0.004343986511230469
16K,q6,17,0.004209756851196289
16K,q6,17,0.0037806034088134766
16K,q6,17,0.0039861202239990234
16K,q6,20,0.006672382354736328
16K,q6,20,0.004109859466552734
16K,q6,20,0.004744768142700195
16K,q6,20,0.003954410552978516
16K,q6,20,0.004208803176879883
16K,q6,20,0.004008769989013672
16K,q6,20,0.003950357437133789
16K,q6,20,0.0038101673126220703
16K,q6,20,0.012103080749511719
16K,q6,20,0.004995107650756836
16K,q6,72,0.00829172134399414
16K,q6,72,0.004603862762451172
16K,q6,72,0.005672454833984375
16K,q6,72,0.004731178283691406
16K,q6,72,0.0074841976165771484
16K,q6,65,0.00408935546875
16K,q6,65,0.003962278366088867
16K,q6,65,0.004702568054199219
16K,q6,65,0.004420757293701172
16K,q6,65,0.004934549331665039
16K,q6,80,0.006770133972167969
16K,q6,80,0.003942012786865234
16K,q6,80,0.0087432861328125
16K,q6,80,0.009296417236328125
16K,q6,80,0.005128145217895508
16K,q6,10,0.014513969421386719
16K,q6,10,0.004483699798583984
16K,q6,10,0.004311323165893555
16K,q6,10,0.004391908645629883
16K,q6,10,0.01045680046081543
16K,q6,13,0.0040950775146484375
16K,q6,13,0.004088401794433594
16K,q6,13,0.004532337188720703
16K,q6,13,0.004218578338623047
16K,q6,13,0.0042438507080078125
16K,q6,111,0.008735895156860352
16K,q6,111,0.004047870635986328
16K,q6,111,0.004003047943115234
16K,q6,111,0.0037963390350341797
16K,q6,111,0.006184101104736328
16K,q6,139,0.007072925567626953
16K,q6,139,0.00438690185546875
16K,q6,139,0.004124879837036133
16K,q6,139,0.003875255584716797
16K,q6,139,0.004530429840087891
4K,q5,3769,0.02901315689086914
4K,q5,3769,0.012594461441040039
4K,q5,3769,0.010404825210571289
4K,q5,3769,0.01070094108581543
4K,q5,3769,0.01682901382446289
4K,q5,412,0.025331974029541016
4K,q5,412,0.01325082778930664
4K,q5,412,0.011821508407592773
4K,q5,412,0.010761260986328125
4K,q5,412,0.011513233184814453
4K,q5,184,0.0246279239654541
4K,q5,184,0.013978004455566406
4K,q5,184,0.015838623046875
4K,q5,184,0.010894060134887695
4K,q5,184,0.01735377311706543
4K,q5,2992,0.025927305221557617
4K,q5,2992,0.010514974594116211
4K,q5,2992,0.010516881942749023
4K,q5,2992,0.011397600173950195
4K,q5,2992,0.011026620864868164
4K,q5,3216,0.020260095596313477
4K,q5,3216,0.011604785919189453
4K,q5,3216,0.011032819747924805
4K,q5,3216,0.010891437530517578
4K,q5,3216,0.011008977890014648
4K,q5,1959,0.021035432815551758
4K,q5,1959,0.011546850204467773
4K,q5,1959,0.011687994003295898
4K,q5,1959,0.01110219955444336
4K,q5,1959,0.011940956115722656
4K,q5,783,0.021845340728759766
4K,q5,783,0.010911703109741211
4K,q5,783,0.010854244232177734
4K,q5,783,0.012547969818115234
4K,q5,783,0.010655641555786133
4K,q5,722,0.021608591079711914
4K,q5,722,0.011165857315063477
4K,q5,722,0.011288166046142578
4K,q5,722,0.01189732551574707
4K,q5,722,0.017617225646972656
4K,q5,2271,0.022411584854125977
4K,q5,2271,0.011926412582397461
4K,q5,2271,0.011565685272216797
4K,q5,2271,0.011956930160522461
4K,q5,2271,0.01123809814453125
4K,q5,2025,0.022291183471679688
4K,q5,2025,0.011320352554321289
4K,q5,2025,0.010844230651855469
4K,q5,2025,0.016738176345825195
4K,q5,2025,0.011331796646118164
4K,q5,3844,0.022275447845458984
4K,q5,3844,0.013637781143188477
4K,q5,3844,0.012881994247436523
4K,q5,3844,0.010786771774291992
4K,q5,3844,0.014368772506713867
4K,q5,2337,0.021501541137695312
4K,q5,2337,0.01242971420288086
4K,q5,2337,0.011751174926757812
4K,q5,2337,0.011302947998046875
4K,q5,2337,0.011351346969604492
4K,q5,1420,0.035875797271728516
4K,q5,1420,0.015015363693237305
4K,q5,1420,0.01008915901184082
4K,q5,1420,0.01582813262939453
4K,q5,1420,0.020517587661743164
4K,q5,2219,0.029480457305908203
4K,q5,2219,0.012485504150390625
4K,q5,2219,0.01347661018371582
4K,q5,2219,0.012394189834594727
4K,q5,2219,0.010846138000488281
4K,q5,2426,0.02801823616027832
4K,q5,2426,0.015048742294311523
4K,q5,2426,0.010819196701049805
4K,q5,2426,0.0150146484375
4K,q5,2426,0.014629840850830078
4K,q5,420,0.02600860595703125
4K,q5,420,0.010664939880371094
4K,q5,420,0.010922908782958984
4K,q5,420,0.016701221466064453
4K,q5,420,0.018637657165527344
4K,q5,179,0.0205228328704834
4K,q5,179,0.029372692108154297
4K,q5,179,0.010815858840942383
4K,q5,179,0.01328277587890625
4K,q5,179,0.013132095336914062
4K,q5,1774,0.022604703903198242
4K,q5,1774,0.014485597610473633
4K,q5,1774,0.010629892349243164
4K,q5,1774,0.01093912124633789
4K,q5,1774,0.014121294021606445
4K,q5,1252,0.02026653289794922
4K,q5,1252,0.010848522186279297
4K,q5,1252,0.01037287712097168
4K,q5,1252,0.010639429092407227
4K,q5,1252,0.011230230331420898
4K,q5,1131,0.021748781204223633
4K,q5,1131,0.01082754135131836
4K,q5,1131,0.01074361801147461
4K,q5,1131,0.010491132736206055
4K,q5,1131,0.010704517364501953
2K,q5,1843,0.019902944564819336
2K,q5,1843,0.010529041290283203
2K,q5,1843,0.010437250137329102
2K,q5,1843,0.010687828063964844
2K,q5,1843,0.010433673858642578
2K,q5,206,0.022757530212402344
2K,q5,206,0.01025390625
2K,q5,206,0.010045051574707031
2K,q5,206,0.01039743423461914
2K,q5,206,0.010694503784179688
2K,q5,1071,0.023122072219848633
2K,q5,1071,0.010834693908691406
2K,q5,1071,0.010872840881347656
2K,q5,1071,0.01317286491394043
2K,q5,1071,0.011028289794921875
2K,q5,1789,0.01976299285888672
2K,q5,1789,0.012550115585327148
2K,q5,1789,0.014265298843383789
2K,q5,1789,0.016715526580810547
2K,q5,1789,0.012386322021484375
2K,q5,1757,0.02627873420715332
2K,q5,1757,0.011599540710449219
2K,q5,1757,0.01063394546508789
2K,q5,1757,0.010793447494506836
2K,q5,1757,0.013018131256103516
2K,q5,1606,0.022777318954467773
2K,q5,1606,0.010542869567871094
2K,q5,1606,0.022401094436645508
2K,q5,1606,0.011035442352294922
2K,q5,1606,0.011266469955444336
2K,q5,1490,0.020461082458496094
2K,q5,1490,0.011167526245117188
2K,q5,1490,0.01134943962097168
2K,q5,1490,0.01645684242248535
2K,q5,1490,0.01552438735961914
2K,q5,1685,0.028415918350219727
2K,q5,1685,0.014974594116210938
2K,q5,1685,0.011242866516113281
2K,q5,1685,0.01197671890258789
2K,q5,1685,0.020503759384155273
2K,q5,538,0.02888178825378418
2K,q5,538,0.010768651962280273
2K,q5,538,0.01404571533203125
2K,q5,538,0.017592430114746094
2K,q5,538,0.01087188720703125
2K,q5,853,0.05142712593078613
2K,q5,853,0.017879009246826172
2K,q5,853,0.014396905899047852
2K,q5,853,0.015448570251464844
2K,q5,853,0.015410423278808594
2K,q5,341,0.023056983947753906
2K,q5,341,0.01665019989013672
2K,q5,341,0.01218104362487793
2K,q5,341,0.011247634887695312
2K,q5,341,0.011560201644897461
2K,q5,1410,0.03155946731567383
2K,q5,1410,0.01642131805419922
2K,q5,1410,0.010602951049804688
2K,q5,1410,0.010764122009277344
2K,q5,1410,0.016611576080322266
2K,q5,1140,0.01921391487121582
2K,q5,1140,0.01107478141784668
2K,q5,1140,0.016210317611694336
2K,q5,1140,0.011185407638549805
2K,q5,1140,0.010848522186279297
2K,q5,730,0.029327392578125
2K,q5,730,0.02079296112060547
2K,q5,730,0.01037740707397461
2K,q5,730,0.010394573211669922
2K,q5,730,0.010347604751586914
2K,q5,1700,0.020198345184326172
2K,q5,1700,0.010775089263916016
2K,q5,1700,0.011956214904785156
2K,q5,1700,0.01990962028503418
2K,q5,1700,0.027982473373413086
2K,q5,266,0.037125349044799805
2K,q5,266,0.015754222869873047
2K,q5,266,0.016207218170166016
2K,q5,266,0.013069629669189453
2K,q5,266,0.012203216552734375
2K,q5,811,0.021083831787109375
2K,q5,811,0.010895252227783203
2K,q5,811,0.01050114631652832
2K,q5,811,0.010556936264038086
2K,q5,811,0.010781049728393555
2K,q5,1570,0.0200042724609375
2K,q5,1570,0.010619163513183594
2K,q5,1570,0.010520458221435547
2K,q5,1570,0.010882854461669922
2K,q5,1570,0.010767459869384766
2K,q5,1813,0.019848108291625977
2K,q5,1813,0.01062321662902832
2K,q5,1813,0.010200738906860352
2K,q5,1813,0.01040196418762207
2K,q5,1813,0.010744571685791016
2K,q5,737,0.020270586013793945
2K,q5,737,0.011085748672485352
2K,q5,737,0.012392044067382812
2K,q5,737,0.015697002410888672
2K,q5,737,0.010458707809448242
8K,q5,7986,0.02077484130859375
8K,q5,7986,0.010582685470581055
8K,q5,7986,0.010719060897827148
8K,q5,7986,0.011923074722290039
8K,q5,7986,0.010584592819213867
8K,q5,3519,0.03274345397949219
8K,q5,3519,0.011975288391113281
8K,q5,3519,0.010965585708618164
8K,q5,3519,0.01077580451965332
8K,q5,3519,0.011455297470092773
8K,q5,1657,0.021442890167236328
8K,q5,1657,0.01087045669555664
8K,q5,1657,0.010668277740478516
8K,q5,1657,0.010967731475830078
8K,q5,1657,0.011161327362060547
8K,q5,2552,0.020364999771118164
8K,q5,2552,0.014331340789794922
8K,q5,2552,0.018585205078125
8K,q5,2552,0.011030435562133789
8K,q5,2552,0.019277334213256836
8K,q5,7006,0.02594447135925293
8K,q5,7006,0.012323141098022461
8K,q5,7006,0.016303062438964844
8K,q5,7006,0.010728120803833008
8K,q5,7006,0.016853809356689453
8K,q5,981,0.02223491668701172
8K,q5,981,0.011404275894165039
8K,q5,981,0.011920690536499023
8K,q5,981,0.019261598587036133
8K,q5,981,0.010939836502075195
8K,q5,2189,0.025080442428588867
8K,q5,2189,0.012483596801757812
8K,q5,2189,0.011972427368164062
8K,q5,2189,0.011398077011108398
8K,q5,2189,0.011301517486572266
8K,q5,1696,0.020525693893432617
8K,q5,1696,0.014544010162353516
8K,q5,1696,0.018547773361206055
8K,q5,1696,0.010710000991821289
8K,q5,1696,0.01779627799987793
8K,q5,6506,0.025502681732177734
8K,q5,6506,0.015238761901855469
8K,q5,6506,0.011231422424316406
8K,q5,6506,0.011185169219970703
8K,q5,6506,0.01103830337524414
8K,q5,5231,0.02060413360595703
8K,q5,5231,0.010838747024536133
8K,q5,5231,0.01077890396118164
8K,q5,5231,0.011078596115112305
8K,q5,5231,0.01085805892944336
8K,q5,1652,0.020563364028930664
8K,q5,1652,0.011348724365234375
8K,q5,1652,0.010405540466308594
8K,q5,1652,0.01051020622253418
8K,q5,1652,0.010838031768798828
8K,q5,3162,0.01981639862060547
8K,q5,3162,0.010741233825683594
8K,q5,3162,0.01062631607055664
8K,q5,3162,0.010751008987426758
8K,q5,3162,0.010794401168823242
8K,q5,5117,0.020080089569091797
8K,q5,5117,0.010904550552368164
8K,q5,5117,0.010327339172363281
8K,q5,5117,0.011034965515136719
8K,q5,5117,0.010407686233520508
8K,q5,805,0.020640850067138672
8K,q5,805,0.011153697967529297
8K,q5,805,0.010695219039916992
8K,q5,805,0.010410308837890625
8K,q5,805,0.010443449020385742
8K,q5,3644,0.02002239227294922
8K,q5,3644,0.010555744171142578
8K,q5,3644,0.01045370101928711
8K,q5,3644,0.010483503341674805
8K,q5,3644,0.01090097427368164
8K,q5,4329,0.020861387252807617
8K,q5,4329,0.010706186294555664
8K,q5,4329,0.01038813591003418
8K,q5,4329,0.010881662368774414
8K,q5,4329,0.011198759078979492
8K,q5,1985,0.029530048370361328
8K,q5,1985,0.013780593872070312
8K,q5,1985,0.013130903244018555
8K,q5,1985,0.011818408966064453
8K,q5,1985,0.011394023895263672
8K,q5,7680,0.02143239974975586
8K,q5,7680,0.011693000793457031
8K,q5,7680,0.011165380477905273
8K,q5,7680,0.01205301284790039
8K,q5,7680,0.010895729064941406
8K,q5,7526,0.020177602767944336
8K,q5,7526,0.010874032974243164
8K,q5,7526,0.014103412628173828
8K,q5,7526,0.010763168334960938
8K,q5,7526,0.010759353637695312
8K,q5,2519,0.020209074020385742
8K,q5,2519,0.010923624038696289
8K,q5,2519,0.011258602142333984
8K,q5,2519,0.0109405517578125
8K,q5,2519,0.011397838592529297
1K,q5,48,0.02098250389099121
1K,q5,48,0.011194467544555664
1K,q5,48,0.011158466339111328
1K,q5,48,0.010737419128417969
1K,q5,48,0.010886430740356445
1K,q5,7,0.02071833610534668
1K,q5,7,0.011514663696289062
1K,q5,7,0.010797500610351562
1K,q5,7,0.010823488235473633
1K,q5,7,0.01078033447265625
1K,q5,52,0.020598888397216797
1K,q5,52,0.011070966720581055
1K,q5,52,0.010979413986206055
1K,q5,52,0.011241436004638672
1K,q5,52,0.011150360107421875
1K,q5,19,0.020225048065185547
1K,q5,19,0.010988950729370117
1K,q5,19,0.010927438735961914
1K,q5,19,0.014604806900024414
1K,q5,19,0.01727747917175293
1K,q5,27,0.02461552619934082
1K,q5,27,0.011352777481079102
1K,q5,27,0.01172184944152832
1K,q5,27,0.01764202117919922
1K,q5,27,0.011157035827636719
1K,q5,34,0.021345853805541992
1K,q5,34,0.011488199234008789
1K,q5,34,0.010832786560058594
1K,q5,34,0.0164639949798584
1K,q5,34,0.010897397994995117
1K,q5,62,0.023619890213012695
1K,q5,62,0.017641782760620117
1K,q5,62,0.01122426986694336
1K,q5,62,0.011128902435302734
1K,q5,62,0.011762857437133789
1K,q5,16,0.028743267059326172
1K,q5,16,0.015082120895385742
1K,q5,16,0.011847972869873047
1K,q5,16,0.01146554946899414
1K,q5,16,0.01279759407043457
1K,q5,61,0.02077651023864746
1K,q5,61,0.012453079223632812
1K,q5,61,0.010764360427856445
1K,q5,61,0.011616230010986328
1K,q5,61,0.01235198974609375
1K,q5,86,0.020161151885986328
1K,q5,86,0.013205766677856445
1K,q5,86,0.011103391647338867
1K,q5,86,0.010776281356811523
1K,q5,86,0.010954618453979492
1K,q5,51,0.023979902267456055
1K,q5,51,0.011108875274658203
1K,q5,51,0.010582923889160156
1K,q5,51,0.011313915252685547
1K,q5,51,0.011359691619873047
1K,q5,33,0.02643561363220215
1K,q5,33,0.016237974166870117
1K,q5,33,0.014704704284667969
1K,q5,33,0.014881372451782227
1K,q5,33,0.013711929321289062
1K,q5,50,0.025615453720092773
1K,q5,50,0.012525558471679688
1K,q5,50,0.01102590560913086
1K,q5,50,0.011114835739135742
1K,q5,50,0.013341903686523438
1K,q5,41,0.026973962783813477
1K,q5,41,0.011120080947875977
1K,q5,41,0.012586116790771484
1K,q5,41,0.011521577835083008
1K,q5,41,0.010886192321777344
1K,q5,85,0.020509958267211914
1K,q5,85,0.013310670852661133
1K,q5,85,0.011664152145385742
1K,q5,85,0.010800838470458984
1K,q5,85,0.010859966278076172
1K,q5,30,0.022563934326171875
1K,q5,30,0.019171714782714844
1K,q5,30,0.011253595352172852
1K,q5,30,0.010553836822509766
1K,q5,30,0.011020660400390625
1K,q5,9,0.02042245864868164
1K,q5,9,0.01161956787109375
1K,q5,9,0.010567188262939453
1K,q5,9,0.010135412216186523
1K,q5,9,0.017510414123535156
1K,q5,64,0.031462669372558594
1K,q5,64,0.011555671691894531
1K,q5,64,0.010905742645263672
1K,q5,64,0.009982109069824219
1K,q5,64,0.01033329963684082
1K,q5,71,0.01977682113647461
1K,q5,71,0.01049351692199707
1K,q5,71,0.00987100601196289
1K,q5,71,0.010100364685058594
1K,q5,71,0.010473012924194336
1K,q5,72,0.019910812377929688
1K,q5,72,0.010367155075073242
1K,q5,72,0.010170698165893555
1K,q5,72,0.010487556457519531
1K,q5,72,0.010191202163696289
16K,q5,4841,0.01964569091796875
16K,q5,4841,0.010806560516357422
16K,q5,4841,0.017262935638427734
16K,q5,4841,0.010349035263061523
16K,q5,4841,0.01050710678100586
16K,q5,9959,0.018680572509765625
16K,q5,9959,0.010062932968139648
16K,q5,9959,0.013698577880859375
16K,q5,9959,0.009632349014282227
16K,q5,9959,0.013726234436035156
16K,q5,15701,0.021188735961914062
16K,q5,15701,0.015429496765136719
16K,q5,15701,0.011528968811035156
16K,q5,15701,0.016698837280273438
16K,q5,15701,0.011317968368530273
16K,q5,12789,0.02028942108154297
16K,q5,12789,0.010545492172241211
16K,q5,12789,0.014081239700317383
16K,q5,12789,0.011022567749023438
16K,q5,12789,0.01674675941467285
16K,q5,12450,0.027146100997924805
16K,q5,12450,0.014697790145874023
16K,q5,12450,0.012758255004882812
16K,q5,12450,0.013448476791381836
16K,q5,12450,0.01197361946105957
16K,q5,10294,0.025349855422973633
16K,q5,10294,0.014461755752563477
16K,q5,10294,0.010170221328735352
16K,q5,10294,0.01078939437866211
16K,q5,10294,0.011742591857910156
16K,q5,9101,0.020314931869506836
16K,q5,9101,0.011477947235107422
16K,q5,9101,0.013724565505981445
16K,q5,9101,0.011570215225219727
16K,q5,9101,0.01002812385559082
16K,q5,10724,0.0227658748626709
16K,q5,10724,0.010663032531738281
16K,q5,10724,0.010233402252197266
16K,q5,10724,0.010175466537475586
16K,q5,10724,0.010658740997314453
16K,q5,12259,0.023597240447998047
16K,q5,12259,0.011187314987182617
16K,q5,12259,0.010215997695922852
16K,q5,12259,0.010905265808105469
16K,q5,12259,0.011003494262695312
16K,q5,12202,0.02445507049560547
16K,q5,12202,0.010632514953613281
16K,q5,12202,0.010930776596069336
16K,q5,12202,0.010684013366699219
16K,q5,12202,0.010390520095825195
16K,q5,15497,0.019501686096191406
16K,q5,15497,0.010623693466186523
16K,q5,15497,0.010747432708740234
16K,q5,15497,0.01035451889038086
16K,q5,15497,0.010911226272583008
16K,q5,3587,0.02007293701171875
16K,q5,3587,0.010338306427001953
16K,q5,3587,0.010294914245605469
16K,q5,3587,0.010476350784301758
16K,q5,3587,0.010500431060791016
16K,q5,1514,0.01906299591064453
16K,q5,1514,0.010571479797363281
16K,q5,1514,0.011162281036376953
16K,q5,1514,0.010031700134277344
16K,q5,1514,0.010062217712402344
16K,q5,11047,0.01847076416015625
16K,q5,11047,0.012182235717773438
16K,q5,11047,0.010360479354858398
16K,q5,11047,0.010466575622558594
16K,q5,11047,0.010473251342773438
16K,q5,1044,0.019554853439331055
16K,q5,1044,0.010655403137207031
16K,q5,1044,0.0103302001953125
16K,q5,1044,0.010990619659423828
16K,q5,1044,0.010174036026000977
16K,q5,10245,0.018995285034179688
16K,q5,10245,0.015573978424072266
16K,q5,10245,0.010396957397460938
16K,q5,10245,0.010964632034301758
16K,q5,10245,0.01708221435546875
16K,q5,10200,0.02129054069519043
16K,q5,10200,0.01009511947631836
16K,q5,10200,0.013848543167114258
16K,q5,10200,0.010802030563354492
16K,q5,10200,0.01067972183227539
16K,q5,11893,0.02064204216003418
16K,q5,11893,0.01023721694946289
16K,q5,11893,0.010591745376586914
16K,q5,11893,0.010044097900390625
16K,q5,11893,0.010207653045654297
16K,q5,13842,0.01921534538269043
16K,q5,13842,0.010271549224853516
16K,q5,13842,0.010261058807373047
16K,q5,13842,0.01914048194885254
16K,q5,13842,0.0142669677734375
16K,q5,1479,0.023288726806640625
16K,q5,1479,0.011220455169677734
16K,q5,1479,0.010881423950195312
16K,q5,1479,0.01056218147277832
16K,q5,1479,0.010497808456420898
