16K,q3,116984,0.214
16K,q3,116984,0.297
16K,q3,116984,0.195
16K,q3,116984,0.27
16K,q3,116984,0.295
16K,q3,114983,0.213
16K,q3,114983,0.236
16K,q3,114983,0.3
16K,q3,114983,0.302
16K,q3,114983,0.27
16K,q3,58703,0.327
16K,q3,58703,0.269
16K,q3,58703,0.23
16K,q3,58703,0.301
16K,q3,58703,0.253
16K,q3,4348,0.228
16K,q3,4348,0.263
16K,q3,4348,0.287
16K,q3,4348,0.3
16K,q3,4348,0.288
16K,q3,67020,0.214
16K,q3,67020,0.286
16K,q3,67020,0.194
16K,q3,67020,0.252
16K,q3,67020,0.303
16K,q3,10727,0.197
16K,q3,10727,0.26
16K,q3,10727,0.215
16K,q3,10727,0.281
16K,q3,10727,0.289
16K,q3,3000,0.223
16K,q3,3000,0.267
16K,q3,3000,0.239
16K,q3,3000,0.272
16K,q3,3000,0.265
16K,q3,151860,0.207
16K,q3,151860,0.232
16K,q3,151860,0.287
16K,q3,151860,0.283
16K,q3,151860,0.195
16K,q3,20837,0.226
16K,q3,20837,0.199
16K,q3,20837,0.3
16K,q3,20837,0.283
16K,q3,20837,0.323
16K,q3,50529,0.287
16K,q3,50529,0.287
16K,q3,50529,0.211
16K,q3,50529,0.284
16K,q3,50529,0.305
16K,q3,135899,0.25
16K,q3,135899,0.219
16K,q3,135899,0.332
16K,q3,135899,0.183
16K,q3,135899,0.191
16K,q3,153001,0.269
16K,q3,153001,0.271
16K,q3,153001,0.194
16K,q3,153001,0.222
16K,q3,153001,0.196
16K,q3,61062,0.276
16K,q3,61062,0.215
16K,q3,61062,0.23
16K,q3,61062,0.198
16K,q3,61062,0.252
16K,q3,151458,0.193
16K,q3,151458,0.229
16K,q3,151458,0.204
16K,q3,151458,0.252
16K,q3,151458,0.183
16K,q3,116473,0.284
16K,q3,116473,0.234
16K,q3,116473,0.264
16K,q3,116473,0.284
16K,q3,116473,0.182
16K,q3,91418,0.208
16K,q3,91418,0.279
16K,q3,91418,0.186
16K,q3,91418,0.216
16K,q3,91418,0.197
16K,q3,28459,0.186
16K,q3,28459,0.203
16K,q3,28459,0.312
16K,q3,28459,0.254
16K,q3,28459,0.291
16K,q3,623,0.185
16K,q3,623,0.221
16K,q3,623,0.181
16K,q3,623,0.195
16K,q3,623,0.251
16K,q3,70071,0.204
16K,q3,70071,0.239
16K,q3,70071,0.247
16K,q3,70071,0.242
16K,q3,70071,0.188
16K,q3,48808,0.226
16K,q3,48808,0.18
16K,q3,48808,0.276
16K,q3,48808,0.282
16K,q3,48808,0.222
1K,q3,9626,0.281
1K,q3,9626,0.257
1K,q3,9626,0.247
1K,q3,9626,0.249
1K,q3,9626,0.228
1K,q3,6933,0.195
1K,q3,6933,0.221
1K,q3,6933,0.184
1K,q3,6933,0.18
1K,q3,6933,0.232
1K,q3,4175,0.201
1K,q3,4175,0.179
1K,q3,4175,0.179
1K,q3,4175,0.217
1K,q3,4175,0.237
1K,q3,2969,0.184
1K,q3,2969,0.236
1K,q3,2969,0.207
1K,q3,2969,0.228
1K,q3,2969,0.217
1K,q3,2119,0.221
1K,q3,2119,0.258
1K,q3,2119,0.231
1K,q3,2119,0.301
1K,q3,2119,0.207
1K,q3,1792,0.235
1K,q3,1792,0.188
1K,q3,1792,0.213
1K,q3,1792,0.268
1K,q3,1792,0.263
1K,q3,2757,0.284
1K,q3,2757,0.218
1K,q3,2757,0.219
1K,q3,2757,0.197
1K,q3,2757,0.305
1K,q3,1612,0.221
1K,q3,1612,0.307
1K,q3,1612,0.285
1K,q3,1612,0.254
1K,q3,1612,0.248
1K,q3,3499,0.237
1K,q3,3499,0.187
1K,q3,3499,0.188
1K,q3,3499,0.252
1K,q3,3499,0.222
1K,q3,9662,0.215
1K,q3,9662,0.196
1K,q3,9662,0.196
1K,q3,9662,0.199
1K,q3,9662,0.243
1K,q3,5422,0.226
1K,q3,5422,0.179
1K,q3,5422,0.29
1K,q3,5422,0.181
1K,q3,5422,0.248
1K,q3,1008,0.299
1K,q3,1008,0.252
1K,q3,1008,0.272
1K,q3,1008,0.249
1K,q3,1008,0.189
1K,q3,9177,0.29
1K,q3,9177,0.332
1K,q3,9177,0.229
1K,q3,9177,0.196
1K,q3,9177,0.187
1K,q3,6999,0.341
1K,q3,6999,0.265
1K,q3,6999,0.208
1K,q3,6999,0.235
1K,q3,6999,0.254
1K,q3,1332,0.231
1K,q3,1332,0.27
1K,q3,1332,0.225
1K,q3,1332,0.273
1K,q3,1332,0.219
1K,q3,1029,0.32
1K,q3,1029,0.272
1K,q3,1029,0.227
1K,q3,1029,0.26
1K,q3,1029,0.228
1K,q3,3165,0.204
1K,q3,3165,0.206
1K,q3,3165,0.306
1K,q3,3165,0.187
1K,q3,3165,0.21
1K,q3,140,0.18
1K,q3,140,0.191
1K,q3,140,0.209
1K,q3,140,0.251
1K,q3,140,0.223
1K,q3,8276,0.29
1K,q3,8276,0.188
1K,q3,8276,0.265
1K,q3,8276,0.201
1K,q3,8276,0.207
1K,q3,2765,0.333
1K,q3,2765,0.284
1K,q3,2765,0.234
1K,q3,2765,0.281
1K,q3,2765,0.182
2K,q3,15396,0.205
2K,q3,15396,0.264
2K,q3,15396,0.228
2K,q3,15396,0.229
2K,q3,15396,0.288
2K,q3,17030,0.261
2K,q3,17030,0.278
2K,q3,17030,0.302
2K,q3,17030,0.309
2K,q3,17030,0.214
2K,q3,13116,0.188
2K,q3,13116,0.296
2K,q3,13116,0.301
2K,q3,13116,0.231
2K,q3,13116,0.264
2K,q3,2517,0.199
2K,q3,2517,0.22
2K,q3,2517,0.19
2K,q3,2517,0.3
2K,q3,2517,0.215
2K,q3,10820,0.269
2K,q3,10820,0.24
2K,q3,10820,0.184
2K,q3,10820,0.219
2K,q3,10820,0.243
2K,q3,6240,0.293
2K,q3,6240,0.296
2K,q3,6240,0.314
2K,q3,6240,0.3
2K,q3,6240,0.186
2K,q3,10332,0.211
2K,q3,10332,0.255
2K,q3,10332,0.276
2K,q3,10332,0.257
2K,q3,10332,0.274
2K,q3,13418,0.327
2K,q3,13418,0.201
2K,q3,13418,0.269
2K,q3,13418,0.206
2K,q3,13418,0.278
2K,q3,6756,0.272
2K,q3,6756,0.25
2K,q3,6756,0.199
2K,q3,6756,0.24
2K,q3,6756,0.239
2K,q3,7948,0.27
2K,q3,7948,0.202
2K,q3,7948,0.188
2K,q3,7948,0.201
2K,q3,7948,0.288
2K,q3,18767,0.233
2K,q3,18767,0.249
2K,q3,18767,0.217
2K,q3,18767,0.219
2K,q3,18767,0.237
2K,q3,6584,0.276
2K,q3,6584,0.248
2K,q3,6584,0.229
2K,q3,6584,0.254
2K,q3,6584,0.281
2K,q3,10169,0.189
2K,q3,10169,0.205
2K,q3,10169,0.24
2K,q3,10169,0.294
2K,q3,10169,0.235
2K,q3,13253,0.247
2K,q3,13253,0.186
2K,q3,13253,0.223
2K,q3,13253,0.269
2K,q3,13253,0.219
2K,q3,15709,0.248
2K,q3,15709,0.258
2K,q3,15709,0.265
2K,q3,15709,0.341
2K,q3,15709,0.286
2K,q3,13669,0.308
2K,q3,13669,0.206
2K,q3,13669,0.247
2K,q3,13669,0.27
2K,q3,13669,0.288
2K,q3,17082,0.267
2K,q3,17082,0.228
2K,q3,17082,0.188
2K,q3,17082,0.285
2K,q3,17082,0.185
2K,q3,19139,0.191
2K,q3,19139,0.284
2K,q3,19139,0.288
2K,q3,19139,0.188
2K,q3,19139,0.191
2K,q3,17060,0.189
2K,q3,17060,0.276
2K,q3,17060,0.316
2K,q3,17060,0.211
2K,q3,17060,0.236
2K,q3,9532,0.332
2K,q3,9532,0.278
2K,q3,9532,0.256
2K,q3,9532,0.279
2K,q3,9532,0.301
4K,q3,20898,0.193
4K,q3,20898,0.285
4K,q3,20898,0.278
4K,q3,20898,0.337
4K,q3,20898,0.261
4K,q3,25929,0.248
4K,q3,25929,0.246
4K,q3,25929,0.183
4K,q3,25929,0.323
4K,q3,25929,0.201
4K,q3,155,0.185
4K,q3,155,0.269
4K,q3,155,0.283
4K,q3,155,0.187
4K,q3,155,0.243
4K,q3,11758,0.217
4K,q3,11758,0.195
4K,q3,11758,0.253
4K,q3,11758,0.195
4K,q3,11758,0.343
4K,q3,24075,0.209
4K,q3,24075,0.221
4K,q3,24075,0.209
4K,q3,24075,0.216
4K,q3,24075,0.19
4K,q3,3493,0.233
4K,q3,3493,0.304
4K,q3,3493,0.202
4K,q3,3493,0.288
4K,q3,3493,0.311
4K,q3,356,0.247
4K,q3,356,0.187
4K,q3,356,0.186
4K,q3,356,0.283
4K,q3,356,0.238
4K,q3,31542,0.25
4K,q3,31542,0.266
4K,q3,31542,0.187
4K,q3,31542,0.264
4K,q3,31542,0.21
4K,q3,33816,0.254
4K,q3,33816,0.261
4K,q3,33816,0.299
4K,q3,33816,0.209
4K,q3,33816,0.19
4K,q3,11311,0.26
4K,q3,11311,0.249
4K,q3,11311,0.239
4K,q3,11311,0.305
4K,q3,11311,0.252
4K,q3,5612,0.215
4K,q3,5612,0.275
4K,q3,5612,0.216
4K,q3,5612,0.196
4K,q3,5612,0.25
4K,q3,13095,0.247
4K,q3,13095,0.186
4K,q3,13095,0.274
4K,q3,13095,0.25
4K,q3,13095,0.247
4K,q3,7725,0.257
4K,q3,7725,0.28
4K,q3,7725,0.3
4K,q3,7725,0.214
4K,q3,7725,0.264
4K,q3,18161,0.278
4K,q3,18161,0.282
4K,q3,18161,0.2
4K,q3,18161,0.25
4K,q3,18161,0.197
4K,q3,7794,0.241
4K,q3,7794,0.246
4K,q3,7794,0.255
4K,q3,7794,0.261
4K,q3,7794,0.268
4K,q3,12081,0.204
4K,q3,12081,0.188
4K,q3,12081,0.183
4K,q3,12081,0.193
4K,q3,12081,0.232
4K,q3,2892,0.187
4K,q3,2892,0.287
4K,q3,2892,0.225
4K,q3,2892,0.224
4K,q3,2892,0.283
4K,q3,34264,0.2
4K,q3,34264,0.207
4K,q3,34264,0.192
4K,q3,34264,0.248
4K,q3,34264,0.311
4K,q3,33974,0.195
4K,q3,33974,0.275
4K,q3,33974,0.207
4K,q3,33974,0.232
4K,q3,33974,0.215
4K,q3,18125,0.342
4K,q3,18125,0.2
4K,q3,18125,0.276
4K,q3,18125,0.318
4K,q3,18125,0.204
8K,q3,37039,0.291
8K,q3,37039,0.212
8K,q3,37039,0.184
8K,q3,37039,0.266
8K,q3,37039,0.188
8K,q3,10466,0.271
8K,q3,10466,0.238
8K,q3,10466,0.186
8K,q3,10466,0.277
8K,q3,10466,0.24
8K,q3,572,0.19
8K,q3,572,0.204
8K,q3,572,0.195
8K,q3,572,0.271
8K,q3,572,0.282
8K,q3,60333,0.208
8K,q3,60333,0.291
8K,q3,60333,0.278
8K,q3,60333,0.256
8K,q3,60333,0.278
8K,q3,38680,0.221
8K,q3,38680,0.234
8K,q3,38680,0.265
8K,q3,38680,0.285
8K,q3,38680,0.306
8K,q3,79026,0.213
8K,q3,79026,0.223
8K,q3,79026,0.217
8K,q3,79026,0.254
8K,q3,79026,0.232
8K,q3,53537,0.253
8K,q3,53537,0.198
8K,q3,53537,0.226
8K,q3,53537,0.207
8K,q3,53537,0.211
8K,q3,10062,0.211
8K,q3,10062,0.317
8K,q3,10062,0.205
8K,q3,10062,0.187
8K,q3,10062,0.189
8K,q3,47195,0.26
8K,q3,47195,0.269
8K,q3,47195,0.289
8K,q3,47195,0.263
8K,q3,47195,0.24
8K,q3,5505,0.268
8K,q3,5505,0.315
8K,q3,5505,0.24
8K,q3,5505,0.316
8K,q3,5505,0.189
8K,q3,76414,0.221
8K,q3,76414,0.25
8K,q3,76414,0.249
8K,q3,76414,0.274
8K,q3,76414,0.209
8K,q3,51642,0.309
8K,q3,51642,0.289
8K,q3,51642,0.28
8K,q3,51642,0.278
8K,q3,51642,0.292
8K,q3,76622,0.185
8K,q3,76622,0.268
8K,q3,76622,0.389
8K,q3,76622,0.287
8K,q3,76622,0.231
8K,q3,10057,0.269
8K,q3,10057,0.186
8K,q3,10057,0.193
8K,q3,10057,0.183
8K,q3,10057,0.187
8K,q3,51916,0.189
8K,q3,51916,0.251
8K,q3,51916,0.232
8K,q3,51916,0.236
8K,q3,51916,0.209
8K,q3,40458,0.264
8K,q3,40458,0.3
8K,q3,40458,0.235
8K,q3,40458,0.21
8K,q3,40458,0.193
8K,q3,11844,0.252
8K,q3,11844,0.272
8K,q3,11844,0.269
8K,q3,11844,0.18
8K,q3,11844,0.195
8K,q3,12834,0.257
8K,q3,12834,0.291
8K,q3,12834,0.3
8K,q3,12834,0.259
8K,q3,12834,0.219
8K,q3,51192,0.28
8K,q3,51192,0.288
8K,q3,51192,0.211
8K,q3,51192,0.202
8K,q3,51192,0.202
8K,q3,72609,0.264
8K,q3,72609,0.219
8K,q3,72609,0.213
8K,q3,72609,0.186
8K,q3,72609,0.232
16K,q4,315203,0.301
16K,q4,315203,0.255
16K,q4,315203,0.372
16K,q4,315203,0.245
16K,q4,315203,0.226
16K,q4,118707,0.276
16K,q4,118707,0.316
16K,q4,118707,0.254
16K,q4,118707,0.249
16K,q4,118707,0.24
16K,q4,48270,0.269
16K,q4,48270,0.342
16K,q4,48270,0.259
16K,q4,48270,0.381
16K,q4,48270,0.284
16K,q4,272690,0.295
16K,q4,272690,0.234
16K,q4,272690,0.239
16K,q4,272690,0.228
16K,q4,272690,0.313
16K,q4,299037,0.252
16K,q4,299037,0.33
16K,q4,299037,0.256
16K,q4,299037,0.266
16K,q4,299037,0.3
16K,q4,188198,0.265
16K,q4,188198,0.374
16K,q4,188198,0.235
16K,q4,188198,0.367
16K,q4,188198,0.282
16K,q4,238876,0.269
16K,q4,238876,0.308
16K,q4,238876,0.24
16K,q4,238876,0.363
16K,q4,238876,0.256
16K,q4,317630,0.302
16K,q4,317630,0.25
16K,q4,317630,0.248
16K,q4,317630,0.245
16K,q4,317630,0.267
16K,q4,47405,0.315
16K,q4,47405,0.279
16K,q4,47405,0.369
16K,q4,47405,0.305
16K,q4,47405,0.316
16K,q4,189974,0.324
16K,q4,189974,0.321
16K,q4,189974,0.293
16K,q4,189974,0.352
16K,q4,189974,0.296
16K,q4,232026,0.319
16K,q4,232026,0.264
16K,q4,232026,0.345
16K,q4,232026,0.265
16K,q4,232026,0.225
16K,q4,82587,0.318
16K,q4,82587,0.289
16K,q4,82587,0.271
16K,q4,82587,0.335
16K,q4,82587,0.315
16K,q4,190962,0.338
16K,q4,190962,0.321
16K,q4,190962,0.224
16K,q4,190962,0.322
16K,q4,190962,0.236
16K,q4,134506,0.327
16K,q4,134506,0.301
16K,q4,134506,0.217
16K,q4,134506,0.366
16K,q4,134506,0.374
16K,q4,273234,0.239
16K,q4,273234,0.28
16K,q4,273234,0.386
16K,q4,273234,0.343
16K,q4,273234,0.308
16K,q4,83686,0.233
16K,q4,83686,0.334
16K,q4,83686,0.379
16K,q4,83686,0.313
16K,q4,83686,0.233
16K,q4,35253,0.32
16K,q4,35253,0.277
16K,q4,35253,0.282
16K,q4,35253,0.244
16K,q4,35253,0.296
16K,q4,245239,0.25
16K,q4,245239,0.284
16K,q4,245239,0.235
16K,q4,245239,0.364
16K,q4,245239,0.223
16K,q4,308431,0.296
16K,q4,308431,0.244
16K,q4,308431,0.224
16K,q4,308431,0.221
16K,q4,308431,0.365
16K,q4,205590,0.304
16K,q4,205590,0.372
16K,q4,205590,0.308
16K,q4,205590,0.267
16K,q4,205590,0.35
1K,q4,6363,0.251
1K,q4,6363,0.23
1K,q4,6363,0.289
1K,q4,6363,0.299
1K,q4,6363,0.234
1K,q4,19835,0.224
1K,q4,19835,0.253
1K,q4,19835,0.258
1K,q4,19835,0.368
1K,q4,19835,0.345
1K,q4,2903,0.365
1K,q4,2903,0.32
1K,q4,2903,0.23
1K,q4,2903,0.277
1K,q4,2903,0.34
1K,q4,19048,0.353
1K,q4,19048,0.328
1K,q4,19048,0.28
1K,q4,19048,0.42
1K,q4,19048,0.413
1K,q4,3296,0.221
1K,q4,3296,0.326
1K,q4,3296,0.328
1K,q4,3296,0.285
1K,q4,3296,0.263
1K,q4,19822,0.283
1K,q4,19822,0.327
1K,q4,19822,0.35
1K,q4,19822,0.259
1K,q4,19822,0.229
1K,q4,3822,0.231
1K,q4,3822,0.301
1K,q4,3822,0.234
1K,q4,3822,0.253
1K,q4,3822,0.339
1K,q4,13187,0.307
1K,q4,13187,0.239
1K,q4,13187,0.261
1K,q4,13187,0.237
1K,q4,13187,0.316
1K,q4,640,0.25
1K,q4,640,0.317
1K,q4,640,0.232
1K,q4,640,0.323
1K,q4,640,0.251
1K,q4,18162,0.239
1K,q4,18162,0.235
1K,q4,18162,0.245
1K,q4,18162,0.38
1K,q4,18162,0.23
1K,q4,18347,0.343
1K,q4,18347,0.337
1K,q4,18347,0.388
1K,q4,18347,0.357
1K,q4,18347,0.292
1K,q4,7430,0.266
1K,q4,7430,0.258
1K,q4,7430,0.225
1K,q4,7430,0.328
1K,q4,7430,0.333
1K,q4,14554,0.286
1K,q4,14554,0.378
1K,q4,14554,0.3
1K,q4,14554,0.355
1K,q4,14554,0.316
1K,q4,8146,0.338
1K,q4,8146,0.255
1K,q4,8146,0.225
1K,q4,8146,0.25
1K,q4,8146,0.32
1K,q4,15166,0.413
1K,q4,15166,0.245
1K,q4,15166,0.242
1K,q4,15166,0.36
1K,q4,15166,0.298
1K,q4,13526,0.338
1K,q4,13526,0.231
1K,q4,13526,0.232
1K,q4,13526,0.342
1K,q4,13526,0.259
1K,q4,16891,0.227
1K,q4,16891,0.233
1K,q4,16891,0.369
1K,q4,16891,0.265
1K,q4,16891,0.294
1K,q4,14140,0.247
1K,q4,14140,0.281
1K,q4,14140,0.28
1K,q4,14140,0.345
1K,q4,14140,0.294
1K,q4,11348,0.272
1K,q4,11348,0.229
1K,q4,11348,0.23
1K,q4,11348,0.394
1K,q4,11348,0.325
1K,q4,7797,0.294
1K,q4,7797,0.35
1K,q4,7797,0.269
1K,q4,7797,0.354
1K,q4,7797,0.251
2K,q4,22900,0.273
2K,q4,22900,0.251
2K,q4,22900,0.28
2K,q4,22900,0.232
2K,q4,22900,0.375
2K,q4,10583,0.347
2K,q4,10583,0.249
2K,q4,10583,0.338
2K,q4,10583,0.344
2K,q4,10583,0.231
2K,q4,7065,0.24
2K,q4,7065,0.246
2K,q4,7065,0.32
2K,q4,7065,0.32
2K,q4,7065,0.323
2K,q4,23727,0.331
2K,q4,23727,0.384
2K,q4,23727,0.255
2K,q4,23727,0.283
2K,q4,23727,0.377
2K,q4,27184,0.297
2K,q4,27184,0.236
2K,q4,27184,0.233
2K,q4,27184,0.35
2K,q4,27184,0.25
2K,q4,26311,0.254
2K,q4,26311,0.324
2K,q4,26311,0.293
2K,q4,26311,0.266
2K,q4,26311,0.275
2K,q4,71,0.239
2K,q4,71,0.328
2K,q4,71,0.293
2K,q4,71,0.355
2K,q4,71,0.303
2K,q4,28650,0.37
2K,q4,28650,0.235
2K,q4,28650,0.231
2K,q4,28650,0.24
2K,q4,28650,0.331
2K,q4,27064,0.253
2K,q4,27064,0.222
2K,q4,27064,0.234
2K,q4,27064,0.357
2K,q4,27064,0.282
2K,q4,22219,0.404
2K,q4,22219,0.364
2K,q4,22219,0.27
2K,q4,22219,0.337
2K,q4,22219,0.316
2K,q4,14063,0.359
2K,q4,14063,0.323
2K,q4,14063,0.228
2K,q4,14063,0.362
2K,q4,14063,0.377
2K,q4,2930,0.344
2K,q4,2930,0.229
2K,q4,2930,0.232
2K,q4,2930,0.257
2K,q4,2930,0.234
2K,q4,2013,0.244
2K,q4,2013,0.228
2K,q4,2013,0.346
2K,q4,2013,0.233
2K,q4,2013,0.237
2K,q4,13851,0.253
2K,q4,13851,0.278
2K,q4,13851,0.277
2K,q4,13851,0.259
2K,q4,13851,0.384
2K,q4,5187,0.298
2K,q4,5187,0.394
2K,q4,5187,0.235
2K,q4,5187,0.288
2K,q4,5187,0.359
2K,q4,11032,0.247
2K,q4,11032,0.253
2K,q4,11032,0.294
2K,q4,11032,0.283
2K,q4,11032,0.373
2K,q4,37002,0.299
2K,q4,37002,0.344
2K,q4,37002,0.237
2K,q4,37002,0.332
2K,q4,37002,0.295
2K,q4,21828,0.302
2K,q4,21828,0.224
2K,q4,21828,0.383
2K,q4,21828,0.391
2K,q4,21828,0.257
2K,q4,15869,0.257
2K,q4,15869,0.266
2K,q4,15869,0.305
2K,q4,15869,0.308
2K,q4,15869,0.222
2K,q4,14599,0.289
2K,q4,14599,0.233
2K,q4,14599,0.301
2K,q4,14599,0.321
2K,q4,14599,0.333
4K,q4,64166,0.299
4K,q4,64166,0.269
4K,q4,64166,0.364
4K,q4,64166,0.259
4K,q4,64166,0.377
4K,q4,74596,0.341
4K,q4,74596,0.351
4K,q4,74596,0.402
4K,q4,74596,0.256
4K,q4,74596,0.327
4K,q4,32999,0.307
4K,q4,32999,0.326
4K,q4,32999,0.311
4K,q4,32999,0.373
4K,q4,32999,0.233
4K,q4,38482,0.259
4K,q4,38482,0.239
4K,q4,38482,0.269
4K,q4,38482,0.384
4K,q4,38482,0.294
4K,q4,60611,0.332
4K,q4,60611,0.32
4K,q4,60611,0.277
4K,q4,60611,0.299
4K,q4,60611,0.32
4K,q4,31608,0.332
4K,q4,31608,0.317
4K,q4,31608,0.382
4K,q4,31608,0.398
4K,q4,31608,0.357
4K,q4,71406,0.347
4K,q4,71406,0.308
4K,q4,71406,0.423
4K,q4,71406,0.332
4K,q4,71406,0.241
4K,q4,33087,0.287
4K,q4,33087,0.398
4K,q4,33087,0.285
4K,q4,33087,0.292
4K,q4,33087,0.24
4K,q4,12869,0.28
4K,q4,12869,0.362
4K,q4,12869,0.263
4K,q4,12869,0.309
4K,q4,12869,0.293
4K,q4,62487,0.328
4K,q4,62487,0.373
4K,q4,62487,0.325
4K,q4,62487,0.243
4K,q4,62487,0.239
4K,q4,71071,0.224
4K,q4,71071,0.223
4K,q4,71071,0.407
4K,q4,71071,0.322
4K,q4,71071,0.351
4K,q4,78027,0.313
4K,q4,78027,0.304
4K,q4,78027,0.388
4K,q4,78027,0.225
4K,q4,78027,0.319
4K,q4,3013,0.341
4K,q4,3013,0.224
4K,q4,3013,0.333
4K,q4,3013,0.228
4K,q4,3013,0.232
4K,q4,21421,0.326
4K,q4,21421,0.308
4K,q4,21421,0.227
4K,q4,21421,0.362
4K,q4,21421,0.337
4K,q4,32541,0.224
4K,q4,32541,0.334
4K,q4,32541,0.376
4K,q4,32541,0.249
4K,q4,32541,0.267
4K,q4,24900,0.228
4K,q4,24900,0.251
4K,q4,24900,0.234
4K,q4,24900,0.27
4K,q4,24900,0.336
4K,q4,51291,0.266
4K,q4,51291,0.364
4K,q4,51291,0.239
4K,q4,51291,0.317
4K,q4,51291,0.232
4K,q4,71172,0.276
4K,q4,71172,0.227
4K,q4,71172,0.317
4K,q4,71172,0.23
4K,q4,71172,0.252
4K,q4,56062,0.361
4K,q4,56062,0.33
4K,q4,56062,0.248
4K,q4,56062,0.312
4K,q4,56062,0.235
4K,q4,54905,0.333
4K,q4,54905,0.301
4K,q4,54905,0.282
4K,q4,54905,0.336
4K,q4,54905,0.223
8K,q4,140025,0.212
8K,q4,140025,0.222
8K,q4,140025,0.278
8K,q4,140025,0.228
8K,q4,140025,0.261
8K,q4,151924,0.329
8K,q4,151924,0.295
8K,q4,151924,0.306
8K,q4,151924,0.248
8K,q4,151924,0.356
8K,q4,141372,0.303
8K,q4,141372,0.347
8K,q4,141372,0.315
8K,q4,141372,0.314
8K,q4,141372,0.363
8K,q4,10701,0.28
8K,q4,10701,0.384
8K,q4,10701,0.363
8K,q4,10701,0.35
8K,q4,10701,0.28
8K,q4,133229,0.306
8K,q4,133229,0.289
8K,q4,133229,0.292
8K,q4,133229,0.262
8K,q4,133229,0.3
8K,q4,47001,0.266
8K,q4,47001,0.263
8K,q4,47001,0.273
8K,q4,47001,0.308
8K,q4,47001,0.355
8K,q4,69709,0.24
8K,q4,69709,0.251
8K,q4,69709,0.259
8K,q4,69709,0.272
8K,q4,69709,0.315
8K,q4,24107,0.247
8K,q4,24107,0.227
8K,q4,24107,0.32
8K,q4,24107,0.355
8K,q4,24107,0.25
8K,q4,142781,0.365
8K,q4,142781,0.267
8K,q4,142781,0.332
8K,q4,142781,0.293
8K,q4,142781,0.25
8K,q4,25083,0.238
8K,q4,25083,0.289
8K,q4,25083,0.282
8K,q4,25083,0.277
8K,q4,25083,0.315
8K,q4,97996,0.259
8K,q4,97996,0.275
8K,q4,97996,0.254
8K,q4,97996,0.253
8K,q4,97996,0.329
8K,q4,121392,0.228
8K,q4,121392,0.358
8K,q4,121392,0.238
8K,q4,121392,0.23
8K,q4,121392,0.254
8K,q4,76384,0.301
8K,q4,76384,0.304
8K,q4,76384,0.261
8K,q4,76384,0.298
8K,q4,76384,0.319
8K,q4,4459,0.251
8K,q4,4459,0.35
8K,q4,4459,0.315
8K,q4,4459,0.396
8K,q4,4459,0.25
8K,q4,134032,0.274
8K,q4,134032,0.327
8K,q4,134032,0.234
8K,q4,134032,0.235
8K,q4,134032,0.352
8K,q4,68284,0.26
8K,q4,68284,0.354
8K,q4,68284,0.284
8K,q4,68284,0.24
8K,q4,68284,0.284
8K,q4,130388,0.346
8K,q4,130388,0.314
8K,q4,130388,0.269
8K,q4,130388,0.263
8K,q4,130388,0.318
8K,q4,66259,0.34
8K,q4,66259,0.227
8K,q4,66259,0.346
8K,q4,66259,0.256
8K,q4,66259,0.254
8K,q4,40567,0.287
8K,q4,40567,0.364
8K,q4,40567,0.304
8K,q4,40567,0.321
8K,q4,40567,0.29
8K,q4,67190,0.228
8K,q4,67190,0.301
8K,q4,67190,0.384
8K,q4,67190,0.403
8K,q4,67190,0.229
16K,q1,218469,0.249
16K,q1,218469,0.251
16K,q1,218469,0.277
16K,q1,218469,0.218
16K,q1,218469,0.292
16K,q1,203621,0.285
16K,q1,203621,0.232
16K,q1,203621,0.226
16K,q1,203621,0.29
16K,q1,203621,0.199
16K,q1,173616,0.311
16K,q1,173616,0.188
16K,q1,173616,0.243
16K,q1,173616,0.215
16K,q1,173616,0.266
16K,q1,67884,0.254
16K,q1,67884,0.189
16K,q1,67884,0.271
16K,q1,67884,0.197
16K,q1,67884,0.322
16K,q1,84114,0.187
16K,q1,84114,0.282
16K,q1,84114,0.181
16K,q1,84114,0.282
16K,q1,84114,0.291
16K,q1,291850,0.244
16K,q1,291850,0.265
16K,q1,291850,0.281
16K,q1,291850,0.306
16K,q1,291850,0.232
16K,q1,266503,0.214
16K,q1,266503,0.182
16K,q1,266503,0.326
16K,q1,266503,0.237
16K,q1,266503,0.198
16K,q1,25818,0.231
16K,q1,25818,0.202
16K,q1,25818,0.27
16K,q1,25818,0.287
16K,q1,25818,0.244
16K,q1,314883,0.262
16K,q1,314883,0.206
16K,q1,314883,0.189
16K,q1,314883,0.345
16K,q1,314883,0.239
16K,q1,49254,0.181
16K,q1,49254,0.217
16K,q1,49254,0.252
16K,q1,49254,0.197
16K,q1,49254,0.215
16K,q1,308448,0.246
16K,q1,308448,0.183
16K,q1,308448,0.293
16K,q1,308448,0.186
16K,q1,308448,0.218
16K,q1,319757,0.191
16K,q1,319757,0.261
16K,q1,319757,0.246
16K,q1,319757,0.195
16K,q1,319757,0.187
16K,q1,217441,0.218
16K,q1,217441,0.218
16K,q1,217441,0.258
16K,q1,217441,0.18
16K,q1,217441,0.327
16K,q1,97241,0.243
16K,q1,97241,0.279
16K,q1,97241,0.188
16K,q1,97241,0.188
16K,q1,97241,0.248
16K,q1,113214,0.221
16K,q1,113214,0.226
16K,q1,113214,0.222
16K,q1,113214,0.293
16K,q1,113214,0.298
16K,q1,269583,0.233
16K,q1,269583,0.194
16K,q1,269583,0.187
16K,q1,269583,0.192
16K,q1,269583,0.218
16K,q1,102200,0.212
16K,q1,102200,0.292
16K,q1,102200,0.187
16K,q1,102200,0.295
16K,q1,102200,0.253
16K,q1,242732,0.261
16K,q1,242732,0.178
16K,q1,242732,0.292
16K,q1,242732,0.253
16K,q1,242732,0.239
16K,q1,217854,0.184
16K,q1,217854,0.216
16K,q1,217854,0.216
16K,q1,217854,0.195
16K,q1,217854,0.195
16K,q1,227239,0.182
16K,q1,227239,0.287
16K,q1,227239,0.225
16K,q1,227239,0.276
16K,q1,227239,0.248
1K,q1,19128,0.256
1K,q1,19128,0.335
1K,q1,19128,0.27
1K,q1,19128,0.229
1K,q1,19128,0.216
1K,q1,15729,0.233
1K,q1,15729,0.185
1K,q1,15729,0.241
1K,q1,15729,0.259
1K,q1,15729,0.254
1K,q1,4450,0.256
1K,q1,4450,0.257
1K,q1,4450,0.241
1K,q1,4450,0.224
1K,q1,4450,0.183
1K,q1,16196,0.206
1K,q1,16196,0.279
1K,q1,16196,0.234
1K,q1,16196,0.181
1K,q1,16196,0.253
1K,q1,10019,0.189
1K,q1,10019,0.174
1K,q1,10019,0.268
1K,q1,10019,0.236
1K,q1,10019,0.257
1K,q1,7581,0.217
1K,q1,7581,0.223
1K,q1,7581,0.18
1K,q1,7581,0.185
1K,q1,7581,0.229
1K,q1,9007,0.183
1K,q1,9007,0.216
1K,q1,9007,0.176
1K,q1,9007,0.209
1K,q1,9007,0.178
1K,q1,12136,0.257
1K,q1,12136,0.195
1K,q1,12136,0.179
1K,q1,12136,0.224
1K,q1,12136,0.227
1K,q1,14967,0.181
1K,q1,14967,0.187
1K,q1,14967,0.216
1K,q1,14967,0.242
1K,q1,14967,0.179
1K,q1,9997,0.254
1K,q1,9997,0.289
1K,q1,9997,0.254
1K,q1,9997,0.224
1K,q1,9997,0.295
1K,q1,12476,0.189
1K,q1,12476,0.272
1K,q1,12476,0.316
1K,q1,12476,0.248
1K,q1,12476,0.259
1K,q1,4507,0.192
1K,q1,4507,0.24
1K,q1,4507,0.248
1K,q1,4507,0.246
1K,q1,4507,0.25
1K,q1,1264,0.265
1K,q1,1264,0.18
1K,q1,1264,0.247
1K,q1,1264,0.276
1K,q1,1264,0.214
1K,q1,3643,0.184
1K,q1,3643,0.193
1K,q1,3643,0.208
1K,q1,3643,0.234
1K,q1,3643,0.178
1K,q1,12519,0.18
1K,q1,12519,0.18
1K,q1,12519,0.254
1K,q1,12519,0.223
1K,q1,12519,0.254
1K,q1,12698,0.195
1K,q1,12698,0.178
1K,q1,12698,0.291
1K,q1,12698,0.236
1K,q1,12698,0.2
1K,q1,11004,0.26
1K,q1,11004,0.199
1K,q1,11004,0.299
1K,q1,11004,0.257
1K,q1,11004,0.22
1K,q1,6019,0.19
1K,q1,6019,0.27
1K,q1,6019,0.204
1K,q1,6019,0.221
1K,q1,6019,0.257
1K,q1,14892,0.289
1K,q1,14892,0.228
1K,q1,14892,0.184
1K,q1,14892,0.275
1K,q1,14892,0.181
1K,q1,14323,0.247
1K,q1,14323,0.351
1K,q1,14323,0.214
1K,q1,14323,0.321
1K,q1,14323,0.177
2K,q1,16321,0.249
2K,q1,16321,0.193
2K,q1,16321,0.21
2K,q1,16321,0.258
2K,q1,16321,0.18
2K,q1,14730,0.279
2K,q1,14730,0.176
2K,q1,14730,0.275
2K,q1,14730,0.18
2K,q1,14730,0.176
2K,q1,7535,0.231
2K,q1,7535,0.236
2K,q1,7535,0.191
2K,q1,7535,0.209
2K,q1,7535,0.255
2K,q1,6515,0.175
2K,q1,6515,0.282
2K,q1,6515,0.184
2K,q1,6515,0.247
2K,q1,6515,0.203
2K,q1,471,0.174
2K,q1,471,0.199
2K,q1,471,0.198
2K,q1,471,0.21
2K,q1,471,0.232
2K,q1,12158,0.218
2K,q1,12158,0.256
2K,q1,12158,0.182
2K,q1,12158,0.286
2K,q1,12158,0.234
2K,q1,21888,0.186
2K,q1,21888,0.189
2K,q1,21888,0.193
2K,q1,21888,0.289
2K,q1,21888,0.24
2K,q1,19306,0.215
2K,q1,19306,0.181
2K,q1,19306,0.232
2K,q1,19306,0.196
2K,q1,19306,0.212
2K,q1,39223,0.184
2K,q1,39223,0.249
2K,q1,39223,0.259
2K,q1,39223,0.216
2K,q1,39223,0.171
2K,q1,1701,0.178
2K,q1,1701,0.193
2K,q1,1701,0.22
2K,q1,1701,0.227
2K,q1,1701,0.297
2K,q1,14004,0.228
2K,q1,14004,0.182
2K,q1,14004,0.174
2K,q1,14004,0.328
2K,q1,14004,0.239
2K,q1,2178,0.201
2K,q1,2178,0.204
2K,q1,2178,0.211
2K,q1,2178,0.316
2K,q1,2178,0.242
2K,q1,17939,0.209
2K,q1,17939,0.183
2K,q1,17939,0.183
2K,q1,17939,0.232
2K,q1,17939,0.182
2K,q1,12736,0.197
2K,q1,12736,0.245
2K,q1,12736,0.217
2K,q1,12736,0.18
2K,q1,12736,0.252
2K,q1,17014,0.178
2K,q1,17014,0.249
2K,q1,17014,0.211
2K,q1,17014,0.312
2K,q1,17014,0.188
2K,q1,25321,0.293
2K,q1,25321,0.273
2K,q1,25321,0.284
2K,q1,25321,0.197
2K,q1,25321,0.183
2K,q1,2605,0.242
2K,q1,2605,0.244
2K,q1,2605,0.182
2K,q1,2605,0.243
2K,q1,2605,0.187
2K,q1,5574,0.187
2K,q1,5574,0.313
2K,q1,5574,0.239
2K,q1,5574,0.182
2K,q1,5574,0.205
2K,q1,32750,0.254
2K,q1,32750,0.188
2K,q1,32750,0.23
2K,q1,32750,0.199
2K,q1,32750,0.185
2K,q1,19001,0.201
2K,q1,19001,0.198
2K,q1,19001,0.289
2K,q1,19001,0.196
2K,q1,19001,0.201
4K,q1,53167,0.253
4K,q1,53167,0.251
4K,q1,53167,0.253
4K,q1,53167,0.194
4K,q1,53167,0.187
4K,q1,34685,0.2
4K,q1,34685,0.281
4K,q1,34685,0.26
4K,q1,34685,0.188
4K,q1,34685,0.195
4K,q1,17526,0.273
4K,q1,17526,0.263
4K,q1,17526,0.254
4K,q1,17526,0.232
4K,q1,17526,0.269
4K,q1,37476,0.175
4K,q1,37476,0.249
4K,q1,37476,0.258
4K,q1,37476,0.23
4K,q1,37476,0.231
4K,q1,24778,0.253
4K,q1,24778,0.18
4K,q1,24778,0.211
4K,q1,24778,0.242
4K,q1,24778,0.255
4K,q1,15916,0.184
4K,q1,15916,0.251
4K,q1,15916,0.276
4K,q1,15916,0.203
4K,q1,15916,0.224
4K,q1,6867,0.226
4K,q1,6867,0.18
4K,q1,6867,0.253
4K,q1,6867,0.196
4K,q1,6867,0.193
4K,q1,74073,0.214
4K,q1,74073,0.248
4K,q1,74073,0.2
4K,q1,74073,0.243
4K,q1,74073,0.204
4K,q1,4814,0.225
4K,q1,4814,0.209
4K,q1,4814,0.186
4K,q1,4814,0.229
4K,q1,4814,0.179
4K,q1,44035,0.205
4K,q1,44035,0.246
4K,q1,44035,0.211
4K,q1,44035,0.197
4K,q1,44035,0.279
4K,q1,22098,0.198
4K,q1,22098,0.224
4K,q1,22098,0.231
4K,q1,22098,0.338
4K,q1,22098,0.257
4K,q1,73599,0.274
4K,q1,73599,0.224
4K,q1,73599,0.179
4K,q1,73599,0.187
4K,q1,73599,0.254
4K,q1,28362,0.213
4K,q1,28362,0.288
4K,q1,28362,0.256
4K,q1,28362,0.206
4K,q1,28362,0.202
4K,q1,41067,0.41
4K,q1,41067,0.195
4K,q1,41067,0.253
4K,q1,41067,0.262
4K,q1,41067,0.248
4K,q1,17761,0.19
4K,q1,17761,0.321
4K,q1,17761,0.185
4K,q1,17761,0.237
4K,q1,17761,0.224
4K,q1,78214,0.184
4K,q1,78214,0.25
4K,q1,78214,0.193
4K,q1,78214,0.223
4K,q1,78214,0.273
4K,q1,39313,0.195
4K,q1,39313,0.257
4K,q1,39313,0.195
4K,q1,39313,0.244
4K,q1,39313,0.219
4K,q1,63001,0.267
4K,q1,63001,0.186
4K,q1,63001,0.192
4K,q1,63001,0.184
4K,q1,63001,0.256
4K,q1,20918,0.232
4K,q1,20918,0.201
4K,q1,20918,0.222
4K,q1,20918,0.257
4K,q1,20918,0.219
4K,q1,2169,0.315
4K,q1,2169,0.207
4K,q1,2169,0.257
4K,q1,2169,0.302
4K,q1,2169,0.259
8K,q1,106369,0.179
8K,q1,106369,0.229
8K,q1,106369,0.179
8K,q1,106369,0.227
8K,q1,106369,0.225
8K,q1,4965,0.196
8K,q1,4965,0.188
8K,q1,4965,0.273
8K,q1,4965,0.193
8K,q1,4965,0.265
8K,q1,135431,0.187
8K,q1,135431,0.264
8K,q1,135431,0.201
8K,q1,135431,0.251
8K,q1,135431,0.267
8K,q1,85249,0.259
8K,q1,85249,0.276
8K,q1,85249,0.199
8K,q1,85249,0.26
8K,q1,85249,0.33
8K,q1,14143,0.205
8K,q1,14143,0.273
8K,q1,14143,0.257
8K,q1,14143,0.229
8K,q1,14143,0.22
8K,q1,38692,0.233
8K,q1,38692,0.178
8K,q1,38692,0.24
8K,q1,38692,0.306
8K,q1,38692,0.205
8K,q1,133927,0.288
8K,q1,133927,0.255
8K,q1,133927,0.311
8K,q1,133927,0.181
8K,q1,133927,0.25
8K,q1,28927,0.24
8K,q1,28927,0.178
8K,q1,28927,0.183
8K,q1,28927,0.184
8K,q1,28927,0.191
8K,q1,154385,0.188
8K,q1,154385,0.22
8K,q1,154385,0.275
8K,q1,154385,0.283
8K,q1,154385,0.273
8K,q1,106907,0.342
8K,q1,106907,0.24
8K,q1,106907,0.178
8K,q1,106907,0.184
8K,q1,106907,0.211
8K,q1,5894,0.304
8K,q1,5894,0.245
8K,q1,5894,0.278
8K,q1,5894,0.181
8K,q1,5894,0.258
8K,q1,31370,0.197
8K,q1,31370,0.447
8K,q1,31370,0.379
8K,q1,31370,0.415
8K,q1,31370,0.52
8K,q1,91837,0.437
8K,q1,91837,0.481
8K,q1,91837,0.393
8K,q1,91837,0.345
8K,q1,91837,0.375
8K,q1,89045,0.364
8K,q1,89045,0.433
8K,q1,89045,0.315
8K,q1,89045,0.374
8K,q1,89045,0.326
8K,q1,21494,0.378
8K,q1,21494,0.385
8K,q1,21494,0.421
8K,q1,21494,0.391
8K,q1,21494,0.408
8K,q1,86879,0.426
8K,q1,86879,0.324
8K,q1,86879,0.46
8K,q1,86879,0.391
8K,q1,86879,0.417
8K,q1,21782,0.401
8K,q1,21782,0.355
8K,q1,21782,0.409
8K,q1,21782,0.456
8K,q1,21782,0.425
8K,q1,97704,0.383
8K,q1,97704,0.455
8K,q1,97704,0.516
8K,q1,97704,0.423
8K,q1,97704,0.367
8K,q1,16176,0.45
8K,q1,16176,0.389
8K,q1,16176,0.381
8K,q1,16176,0.479
8K,q1,16176,0.404
8K,q1,6801,0.32
8K,q1,6801,0.411
8K,q1,6801,0.329
8K,q1,6801,0.373
8K,q1,6801,0.458
16K,q6,62,0.123
16K,q6,62,0.139
16K,q6,62,0.173
16K,q6,62,0.185
16K,q6,62,0.133
16K,q6,21,0.173
16K,q6,21,0.216
16K,q6,21,0.156
16K,q6,21,0.179
16K,q6,21,0.172
16K,q6,69,0.184
16K,q6,69,0.206
16K,q6,69,0.122
16K,q6,69,0.171
16K,q6,69,0.18
16K,q6,62,0.114
16K,q6,62,0.151
16K,q6,62,0.164
16K,q6,62,0.157
16K,q6,62,0.13
16K,q6,140,0.121
16K,q6,140,0.156
16K,q6,140,0.174
16K,q6,140,0.185
16K,q6,140,0.156
16K,q6,119,0.168
16K,q6,119,0.11
16K,q6,119,0.142
16K,q6,119,0.172
16K,q6,119,0.121
16K,q6,127,0.15
16K,q6,127,0.177
16K,q6,127,0.147
16K,q6,127,0.139
16K,q6,127,0.12
16K,q6,32,0.19
16K,q6,32,0.172
16K,q6,32,0.217
16K,q6,32,0.137
16K,q6,32,0.151
16K,q6,65,0.124
16K,q6,65,0.153
16K,q6,65,0.161
16K,q6,65,0.158
16K,q6,65,0.18
16K,q6,13,0.152
16K,q6,13,0.206
16K,q6,13,0.168
16K,q6,13,0.202
16K,q6,13,0.178
16K,q6,17,0.116
16K,q6,17,0.124
16K,q6,17,0.209
16K,q6,17,0.143
16K,q6,17,0.214
16K,q6,20,0.166
16K,q6,20,0.15
16K,q6,20,0.196
16K,q6,20,0.126
16K,q6,20,0.187
16K,q6,20,0.174
16K,q6,20,0.175
16K,q6,20,0.156
16K,q6,20,0.152
16K,q6,20,0.206
16K,q6,72,0.204
16K,q6,72,0.168
16K,q6,72,0.174
16K,q6,72,0.203
16K,q6,72,0.172
16K,q6,65,0.186
16K,q6,65,0.216
16K,q6,65,0.158
16K,q6,65,0.189
16K,q6,65,0.219
16K,q6,80,0.185
16K,q6,80,0.164
16K,q6,80,0.2
16K,q6,80,0.127
16K,q6,80,0.173
16K,q6,10,0.18
16K,q6,10,0.193
16K,q6,10,0.166
16K,q6,10,0.216
16K,q6,10,0.153
16K,q6,13,0.148
16K,q6,13,0.158
16K,q6,13,0.207
16K,q6,13,0.139
16K,q6,13,0.179
16K,q6,111,0.191
16K,q6,111,0.217
16K,q6,111,0.2
16K,q6,111,0.199
16K,q6,111,0.199
16K,q6,139,0.209
16K,q6,139,0.21
16K,q6,139,0.136
16K,q6,139,0.121
16K,q6,139,0.223
1K,q6,2,0.123
1K,q6,2,0.211
1K,q6,2,0.163
1K,q6,2,0.201
1K,q6,2,0.238
1K,q6,3,0.231
1K,q6,3,0.185
1K,q6,3,0.199
1K,q6,3,0.228
1K,q6,3,0.175
1K,q6,7,0.206
1K,q6,7,0.16
1K,q6,7,0.227
1K,q6,7,0.22
1K,q6,7,0.242
1K,q6,3,0.139
1K,q6,3,0.21
1K,q6,3,0.191
1K,q6,3,0.171
1K,q6,3,0.182
1K,q6,1,0.123
1K,q6,1,0.271
1K,q6,1,0.242
1K,q6,1,0.144
1K,q6,1,0.18
1K,q6,7,0.161
1K,q6,7,0.195
1K,q6,7,0.231
1K,q6,7,0.209
1K,q6,7,0.211
1K,q6,11,0.161
1K,q6,11,0.15
1K,q6,11,0.176
1K,q6,11,0.113
1K,q6,11,0.216
1K,q6,4,0.241
1K,q6,4,0.206
1K,q6,4,0.149
1K,q6,4,0.18
1K,q6,4,0.241
1K,q6,7,0.181
1K,q6,7,0.206
1K,q6,7,0.194
1K,q6,7,0.199
1K,q6,7,0.171
1K,q6,3,0.106
1K,q6,3,0.201
1K,q6,3,0.172
1K,q6,3,0.176
1K,q6,3,0.259
1K,q6,11,0.157
1K,q6,11,0.201
1K,q6,11,0.221
1K,q6,11,0.187
1K,q6,11,0.175
1K,q6,2,0.199
1K,q6,2,0.215
1K,q6,2,0.456
1K,q6,2,0.2
1K,q6,2,0.167
1K,q6,7,0.157
1K,q6,7,0.165
1K,q6,7,0.168
1K,q6,7,0.161
1K,q6,7,0.197
1K,q6,1,0.09
1K,q6,1,0.157
1K,q6,1,0.259
1K,q6,1,0.213
1K,q6,1,0.216
1K,q6,5,0.256
1K,q6,5,0.186
1K,q6,5,0.202
1K,q6,5,0.157
1K,q6,5,0.178
1K,q6,3,0.15
1K,q6,3,0.194
1K,q6,3,0.137
1K,q6,3,0.1
1K,q6,3,0.18
1K,q6,7,0.172
1K,q6,7,0.193
1K,q6,7,0.297
1K,q6,7,0.125
1K,q6,7,0.13
1K,q6,7,0.162
1K,q6,7,0.186
1K,q6,7,0.126
1K,q6,7,0.178
1K,q6,7,0.123
1K,q6,10,0.139
1K,q6,10,0.279
1K,q6,10,0.19
1K,q6,10,0.358
1K,q6,10,0.56
1K,q6,8,0.208
1K,q6,8,0.215
1K,q6,8,0.219
1K,q6,8,0.2
1K,q6,8,0.18
2K,q6,5,0.45
2K,q6,5,0.228
2K,q6,5,0.201
2K,q6,5,0.163
2K,q6,5,0.121
2K,q6,14,0.189
2K,q6,14,0.157
2K,q6,14,0.24
2K,q6,14,0.198
2K,q6,14,0.202
2K,q6,19,0.132
2K,q6,19,0.156
2K,q6,19,0.191
2K,q6,19,0.17
2K,q6,19,0.158
2K,q6,19,0.132
2K,q6,19,0.224
2K,q6,19,0.205
2K,q6,19,0.162
2K,q6,19,0.18
2K,q6,14,0.13
2K,q6,14,0.191
2K,q6,14,0.179
2K,q6,14,0.205
2K,q6,14,0.131
2K,q6,6,0.225
2K,q6,6,0.179
2K,q6,6,0.325
2K,q6,6,0.205
2K,q6,6,0.171
2K,q6,21,0.224
2K,q6,21,0.199
2K,q6,21,0.213
2K,q6,21,0.158
2K,q6,21,0.187
2K,q6,1,0.242
2K,q6,1,0.196
2K,q6,1,0.21
2K,q6,1,0.325
2K,q6,1,0.134
2K,q6,12,0.175
2K,q6,12,0.203
2K,q6,12,0.176
2K,q6,12,0.202
2K,q6,12,0.226
2K,q6,14,0.203
2K,q6,14,0.187
2K,q6,14,0.161
2K,q6,14,0.182
2K,q6,14,0.216
2K,q6,0,0.152
2K,q6,0,0.278
2K,q6,0,0.175
2K,q6,0,0.195
2K,q6,0,0.166
2K,q6,19,0.213
2K,q6,19,0.256
2K,q6,19,0.241
2K,q6,19,0.233
2K,q6,19,0.186
2K,q6,1,0.161
2K,q6,1,0.151
2K,q6,1,0.161
2K,q6,1,0.31
2K,q6,1,0.162
2K,q6,8,0.155
2K,q6,8,0.197
2K,q6,8,0.187
2K,q6,8,0.217
2K,q6,8,0.103
2K,q6,11,0.206
2K,q6,11,0.22
2K,q6,11,0.152
2K,q6,11,0.166
2K,q6,11,0.117
2K,q6,0,0.144
2K,q6,0,0.299
2K,q6,0,0.225
2K,q6,0,0.158
2K,q6,0,0.147
2K,q6,17,0.274
2K,q6,17,0.153
2K,q6,17,0.168
2K,q6,17,0.184
2K,q6,17,0.183
2K,q6,4,0.232
2K,q6,4,0.165
2K,q6,4,0.196
2K,q6,4,0.208
2K,q6,4,0.382
2K,q6,22,0.305
2K,q6,22,0.141
2K,q6,22,0.134
2K,q6,22,0.206
2K,q6,22,0.125
2K,q6,4,0.198
2K,q6,4,0.207
2K,q6,4,0.332
2K,q6,4,0.187
2K,q6,4,0.237
4K,q6,33,0.288
4K,q6,33,0.287
4K,q6,33,0.232
4K,q6,33,0.168
4K,q6,33,0.352
4K,q6,24,0.181
4K,q6,24,0.179
4K,q6,24,0.245
4K,q6,24,0.255
4K,q6,24,0.188
4K,q6,8,0.15
4K,q6,8,0.246
4K,q6,8,0.38
4K,q6,8,0.255
4K,q6,8,0.197
4K,q6,19,0.16
4K,q6,19,0.196
4K,q6,19,0.139
4K,q6,19,0.243
4K,q6,19,0.161
4K,q6,34,0.152
4K,q6,34,0.157
4K,q6,34,0.166
4K,q6,34,0.231
4K,q6,34,0.171
4K,q6,34,0.208
4K,q6,34,0.247
4K,q6,34,0.157
4K,q6,34,0.182
4K,q6,34,0.132
4K,q6,14,0.324
4K,q6,14,0.225
4K,q6,14,0.236
4K,q6,14,0.224
4K,q6,14,0.403
4K,q6,37,0.173
4K,q6,37,0.159
4K,q6,37,0.237
4K,q6,37,0.157
4K,q6,37,0.161
4K,q6,34,0.193
4K,q6,34,0.216
4K,q6,34,0.171
4K,q6,34,0.168
4K,q6,34,0.115
4K,q6,18,0.181
4K,q6,18,0.171
4K,q6,18,0.297
4K,q6,18,0.134
4K,q6,18,0.15
4K,q6,32,0.206
4K,q6,32,0.19
4K,q6,32,0.174
4K,q6,32,0.238
4K,q6,32,0.225
4K,q6,16,0.174
4K,q6,16,0.246
4K,q6,16,0.142
4K,q6,16,0.196
4K,q6,16,0.194
4K,q6,10,0.183
4K,q6,10,0.235
4K,q6,10,0.168
4K,q6,10,0.219
4K,q6,10,0.13
4K,q6,7,0.203
4K,q6,7,0.35
4K,q6,7,0.222
4K,q6,7,0.202
4K,q6,7,0.191
4K,q6,15,0.291
4K,q6,15,0.15
4K,q6,15,0.312
4K,q6,15,0.153
4K,q6,15,0.408
4K,q6,2,0.196
4K,q6,2,0.134
4K,q6,2,0.194
4K,q6,2,0.155
4K,q6,2,0.245
4K,q6,16,0.168
4K,q6,16,0.127
4K,q6,16,0.168
4K,q6,16,0.236
4K,q6,16,0.199
4K,q6,18,0.282
4K,q6,18,0.204
4K,q6,18,0.139
4K,q6,18,0.192
4K,q6,18,0.16
4K,q6,22,0.193
4K,q6,22,0.19
4K,q6,22,0.192
4K,q6,22,0.212
4K,q6,22,0.301
4K,q6,7,0.11
4K,q6,7,0.179
4K,q6,7,0.21
4K,q6,7,0.191
4K,q6,7,0.184
8K,q6,30,0.223
8K,q6,30,0.213
8K,q6,30,0.216
8K,q6,30,0.168
8K,q6,30,0.128
8K,q6,65,0.184
8K,q6,65,0.134
8K,q6,65,0.316
8K,q6,65,0.147
8K,q6,65,0.211
8K,q6,71,0.183
8K,q6,71,0.331
8K,q6,71,0.162
8K,q6,71,0.2
8K,q6,71,0.162
8K,q6,67,0.427
8K,q6,67,0.13
8K,q6,67,0.148
8K,q6,67,0.145
8K,q6,67,0.162
8K,q6,28,0.273
8K,q6,28,0.186
8K,q6,28,0.425
8K,q6,28,0.154
8K,q6,28,0.2
8K,q6,71,0.146
8K,q6,71,0.219
8K,q6,71,0.257
8K,q6,71,0.34
8K,q6,71,0.202
8K,q6,23,0.123
8K,q6,23,0.169
8K,q6,23,0.183
8K,q6,23,0.169
8K,q6,23,0.238
8K,q6,40,0.374
8K,q6,40,0.314
8K,q6,40,0.2
8K,q6,40,0.158
8K,q6,40,0.174
8K,q6,3,0.168
8K,q6,3,0.273
8K,q6,3,0.163
8K,q6,3,0.146
8K,q6,3,0.205
8K,q6,71,0.17
8K,q6,71,0.148
8K,q6,71,0.201
8K,q6,71,0.176
8K,q6,71,0.162
8K,q6,40,0.166
8K,q6,40,0.162
8K,q6,40,0.207
8K,q6,40,0.151
8K,q6,40,0.317
8K,q6,62,0.161
8K,q6,62,0.14
8K,q6,62,0.334
8K,q6,62,0.193
8K,q6,62,0.186
8K,q6,77,0.136
8K,q6,77,0.147
8K,q6,77,0.229
8K,q6,77,0.183
8K,q6,77,0.171
8K,q6,9,0.32
8K,q6,9,0.232
8K,q6,9,0.272
8K,q6,9,0.208
8K,q6,9,0.212
8K,q6,12,0.212
8K,q6,12,0.245
8K,q6,12,0.206
8K,q6,12,0.22
8K,q6,12,0.164
8K,q6,40,0.162
8K,q6,40,0.168
8K,q6,40,0.195
8K,q6,40,0.148
8K,q6,40,0.2
8K,q6,45,0.163
8K,q6,45,0.139
8K,q6,45,0.109
8K,q6,45,0.157
8K,q6,45,0.135
8K,q6,10,0.15
8K,q6,10,0.205
8K,q6,10,0.134
8K,q6,10,0.12
8K,q6,10,0.191
8K,q6,27,0.181
8K,q6,27,0.176
8K,q6,27,0.203
8K,q6,27,0.217
8K,q6,27,0.178
8K,q6,37,0.159
8K,q6,37,0.14
8K,q6,37,0.189
8K,q6,37,0.109
8K,q6,37,0.238
16K,q2,306,0.297
16K,q2,306,0.078
16K,q2,306,0.177
16K,q2,306,0.142
16K,q2,306,0.139
16K,q2,313,0.109
16K,q2,313,0.184
16K,q2,313,0.145
16K,q2,313,0.135
16K,q2,313,0.216
16K,q2,18,0.198
16K,q2,18,0.157
16K,q2,18,0.192
16K,q2,18,0.187
16K,q2,18,0.179
16K,q2,62,0.167
16K,q2,62,0.203
16K,q2,62,0.119
16K,q2,62,0.198
16K,q2,62,0.191
16K,q2,101,0.15
16K,q2,101,0.217
16K,q2,101,0.18
16K,q2,101,0.229
16K,q2,101,0.099
16K,q2,62,0.144
16K,q2,62,0.115
16K,q2,62,0.182
16K,q2,62,0.198
16K,q2,62,0.149
16K,q2,259,0.121
16K,q2,259,0.221
16K,q2,259,0.24
16K,q2,259,0.199
16K,q2,259,0.126
16K,q2,85,0.195
16K,q2,85,0.167
16K,q2,85,0.234
16K,q2,85,0.149
16K,q2,85,0.445
16K,q2,218,0.266
16K,q2,218,0.25
16K,q2,218,0.172
16K,q2,218,0.113
16K,q2,218,0.217
16K,q2,225,0.223
16K,q2,225,0.217
16K,q2,225,0.156
16K,q2,225,0.125
16K,q2,225,0.081
16K,q2,266,0.13
16K,q2,266,0.145
16K,q2,266,0.22
16K,q2,266,0.184
16K,q2,266,0.224
16K,q2,9,0.168
16K,q2,9,0.119
16K,q2,9,0.189
16K,q2,9,0.152
16K,q2,9,0.123
16K,q2,283,0.153
16K,q2,283,0.151
16K,q2,283,0.105
16K,q2,283,0.109
16K,q2,283,0.148
16K,q2,289,0.173
16K,q2,289,0.182
16K,q2,289,0.228
16K,q2,289,0.117
16K,q2,289,0.271
16K,q2,55,0.177
16K,q2,55,0.204
16K,q2,55,0.127
16K,q2,55,0.189
16K,q2,55,0.181
16K,q2,294,0.236
16K,q2,294,0.403
16K,q2,294,0.139
16K,q2,294,0.166
16K,q2,294,0.081
16K,q2,324,0.17
16K,q2,324,0.202
16K,q2,324,0.193
16K,q2,324,0.207
16K,q2,324,0.312
16K,q2,219,0.142
16K,q2,219,0.135
16K,q2,219,0.168
16K,q2,219,0.141
16K,q2,219,0.156
16K,q2,254,0.371
16K,q2,254,0.22
16K,q2,254,0.24
16K,q2,254,0.196
16K,q2,254,0.145
16K,q2,315,0.194
16K,q2,315,0.198
16K,q2,315,0.314
16K,q2,315,0.211
16K,q2,315,0.143
1K,q2,3,0.148
1K,q2,3,0.195
1K,q2,3,0.194
1K,q2,3,0.201
1K,q2,3,0.422
1K,q2,1,0.233
1K,q2,1,0.284
1K,q2,1,0.121
1K,q2,1,0.263
1K,q2,1,0.142
1K,q2,8,0.221
1K,q2,8,0.113
1K,q2,8,0.112
1K,q2,8,0.158
1K,q2,8,0.246
1K,q2,3,0.239
1K,q2,3,0.125
1K,q2,3,0.167
1K,q2,3,0.193
1K,q2,3,0.152
1K,q2,19,0.333
1K,q2,19,0.224
1K,q2,19,0.216
1K,q2,19,0.216
1K,q2,19,0.374
1K,q2,10,0.115
1K,q2,10,0.202
1K,q2,10,0.391
1K,q2,10,0.218
1K,q2,10,0.127
1K,q2,21,0.24
1K,q2,21,0.133
1K,q2,21,0.176
1K,q2,21,0.098
1K,q2,21,0.119
1K,q2,16,0.207
1K,q2,16,0.127
1K,q2,16,0.247
1K,q2,16,0.251
1K,q2,16,0.194
1K,q2,14,0.142
1K,q2,14,0.176
1K,q2,14,0.164
1K,q2,14,0.145
1K,q2,14,0.198
1K,q2,1,0.287
1K,q2,1,0.345
1K,q2,1,0.254
1K,q2,1,0.374
1K,q2,1,0.129
1K,q2,3,0.189
1K,q2,3,0.113
1K,q2,3,0.157
1K,q2,3,0.139
1K,q2,3,0.169
1K,q2,20,0.382
1K,q2,20,0.201
1K,q2,20,0.226
1K,q2,20,0.118
1K,q2,20,0.204
1K,q2,4,0.206
1K,q2,4,0.296
1K,q2,4,0.234
1K,q2,4,0.235
1K,q2,4,0.231
1K,q2,12,0.272
1K,q2,12,0.112
1K,q2,12,0.171
1K,q2,12,0.214
1K,q2,12,0.196
1K,q2,12,0.254
1K,q2,12,0.141
1K,q2,12,0.136
1K,q2,12,0.133
1K,q2,12,0.14
1K,q2,7,0.244
1K,q2,7,0.241
1K,q2,7,0.206
1K,q2,7,0.139
1K,q2,7,0.218
1K,q2,16,0.173
1K,q2,16,0.172
1K,q2,16,0.298
1K,q2,16,0.227
1K,q2,16,0.168
1K,q2,19,0.169
1K,q2,19,0.372
1K,q2,19,0.155
1K,q2,19,0.136
1K,q2,19,0.159
1K,q2,9,0.261
1K,q2,9,0.214
1K,q2,9,0.17
1K,q2,9,0.125
1K,q2,9,0.125
1K,q2,10,0.164
1K,q2,10,0.114
1K,q2,10,0.286
1K,q2,10,0.159
1K,q2,10,0.236
2K,q2,36,0.272
2K,q2,36,0.159
2K,q2,36,0.181
2K,q2,36,0.173
2K,q2,36,0.162
2K,q2,25,0.202
2K,q2,25,0.218
2K,q2,25,0.16
2K,q2,25,0.128
2K,q2,25,0.203
2K,q2,37,0.12
2K,q2,37,0.252
2K,q2,37,0.356
2K,q2,37,0.2
2K,q2,37,0.118
2K,q2,23,0.241
2K,q2,23,0.179
2K,q2,23,0.185
2K,q2,23,0.123
2K,q2,23,0.145
2K,q2,39,0.119
2K,q2,39,0.126
2K,q2,39,0.137
2K,q2,39,0.238
2K,q2,39,0.18
2K,q2,19,0.144
2K,q2,19,0.179
2K,q2,19,0.158
2K,q2,19,0.109
2K,q2,19,0.138
2K,q2,17,0.172
2K,q2,17,0.161
2K,q2,17,0.245
2K,q2,17,0.267
2K,q2,17,0.223
2K,q2,6,0.162
2K,q2,6,0.157
2K,q2,6,0.168
2K,q2,6,0.104
2K,q2,6,0.162
2K,q2,8,0.253
2K,q2,8,0.171
2K,q2,8,0.255
2K,q2,8,0.211
2K,q2,8,0.338
2K,q2,0,0.122
2K,q2,0,0.208
2K,q2,0,0.27
2K,q2,0,0.256
2K,q2,0,0.148
2K,q2,26,0.243
2K,q2,26,0.15
2K,q2,26,0.21
2K,q2,26,0.146
2K,q2,26,0.113
2K,q2,10,0.19
2K,q2,10,0.368
2K,q2,10,0.127
2K,q2,10,0.135
2K,q2,10,0.149
2K,q2,39,0.138
2K,q2,39,0.115
2K,q2,39,0.146
2K,q2,39,0.169
2K,q2,39,0.136
2K,q2,3,0.125
2K,q2,3,0.126
2K,q2,3,0.146
2K,q2,3,0.122
2K,q2,3,0.11
2K,q2,16,0.221
2K,q2,16,0.184
2K,q2,16,0.16
2K,q2,16,0.089
2K,q2,16,0.141
2K,q2,14,0.198
2K,q2,14,0.242
2K,q2,14,0.209
2K,q2,14,0.097
2K,q2,14,0.116
2K,q2,3,0.195
2K,q2,3,0.161
2K,q2,3,0.213
2K,q2,3,0.313
2K,q2,3,0.166
2K,q2,6,0.174
2K,q2,6,0.159
2K,q2,6,0.168
2K,q2,6,0.123
2K,q2,6,0.13
2K,q2,17,0.121
2K,q2,17,0.105
2K,q2,17,0.183
2K,q2,17,0.124
2K,q2,17,0.141
2K,q2,28,0.124
2K,q2,28,0.149
2K,q2,28,0.147
2K,q2,28,0.152
2K,q2,28,0.255
4K,q2,7,0.235
4K,q2,7,0.246
4K,q2,7,0.17
4K,q2,7,0.339
4K,q2,7,0.187
4K,q2,48,0.236
4K,q2,48,0.212
4K,q2,48,0.109
4K,q2,48,0.301
4K,q2,48,0.217
4K,q2,18,0.187
4K,q2,18,0.12
4K,q2,18,0.276
4K,q2,18,0.151
4K,q2,18,0.193
4K,q2,39,0.14
4K,q2,39,0.218
4K,q2,39,0.206
4K,q2,39,0.294
4K,q2,39,0.235
4K,q2,18,0.125
4K,q2,18,0.253
4K,q2,18,0.182
4K,q2,18,0.171
4K,q2,18,0.156
4K,q2,69,0.169
4K,q2,69,0.236
4K,q2,69,0.197
4K,q2,69,0.222
4K,q2,69,0.137
4K,q2,10,0.174
4K,q2,10,0.132
4K,q2,10,0.184
4K,q2,10,0.173
4K,q2,10,0.196
4K,q2,30,0.17
4K,q2,30,0.14
4K,q2,30,0.121
4K,q2,30,0.185
4K,q2,30,0.187
4K,q2,43,0.179
4K,q2,43,0.16
4K,q2,43,0.144
4K,q2,43,0.126
4K,q2,43,0.143
4K,q2,72,0.404
4K,q2,72,0.316
4K,q2,72,0.387
4K,q2,72,0.288
4K,q2,72,0.21
4K,q2,53,0.158
4K,q2,53,0.13
4K,q2,53,0.187
4K,q2,53,0.133
4K,q2,53,0.219
4K,q2,25,0.142
4K,q2,25,0.136
4K,q2,25,0.24
4K,q2,25,0.122
4K,q2,25,0.213
4K,q2,77,0.196
4K,q2,77,0.133
4K,q2,77,0.178
4K,q2,77,0.13
4K,q2,77,0.138
4K,q2,65,0.132
4K,q2,65,0.186
4K,q2,65,0.213
4K,q2,65,0.187
4K,q2,65,0.165
4K,q2,55,0.224
4K,q2,55,0.12
4K,q2,55,0.175
4K,q2,55,0.143
4K,q2,55,0.146
4K,q2,23,0.104
4K,q2,23,0.17
4K,q2,23,0.246
4K,q2,23,0.151
4K,q2,23,0.189
4K,q2,82,0.185
4K,q2,82,0.131
4K,q2,82,0.12
4K,q2,82,0.158
4K,q2,82,0.17
4K,q2,33,0.178
4K,q2,33,0.134
4K,q2,33,0.355
4K,q2,33,0.188
4K,q2,33,0.152
4K,q2,82,0.163
4K,q2,82,0.203
4K,q2,82,0.129
4K,q2,82,0.18
4K,q2,82,0.177
4K,q2,25,0.18
4K,q2,25,0.242
4K,q2,25,0.269
4K,q2,25,0.31
4K,q2,25,0.131
8K,q2,82,0.167
8K,q2,82,0.152
8K,q2,82,0.086
8K,q2,82,0.148
8K,q2,82,0.142
8K,q2,41,0.186
8K,q2,41,0.189
8K,q2,41,0.19
8K,q2,41,0.22
8K,q2,41,0.237
8K,q2,72,0.26
8K,q2,72,0.157
8K,q2,72,0.12
8K,q2,72,0.155
8K,q2,72,0.138
8K,q2,110,0.174
8K,q2,110,0.151
8K,q2,110,0.113
8K,q2,110,0.119
8K,q2,110,0.126
8K,q2,121,0.275
8K,q2,121,0.12
8K,q2,121,0.267
8K,q2,121,0.127
8K,q2,121,0.121
8K,q2,140,0.213
8K,q2,140,0.2
8K,q2,140,0.136
8K,q2,140,0.223
8K,q2,140,0.416
8K,q2,115,0.199
8K,q2,115,0.175
8K,q2,115,0.205
8K,q2,115,0.17
8K,q2,115,0.234
8K,q2,81,0.267
8K,q2,81,0.322
8K,q2,81,0.414
8K,q2,81,0.175
8K,q2,81,0.17
8K,q2,153,0.124
8K,q2,153,0.159
8K,q2,153,0.158
8K,q2,153,0.16
8K,q2,153,0.159
8K,q2,137,0.229
8K,q2,137,0.218
8K,q2,137,0.129
8K,q2,137,0.126
8K,q2,137,0.138
8K,q2,3,0.117
8K,q2,3,0.128
8K,q2,3,0.144
8K,q2,3,0.212
8K,q2,3,0.148
8K,q2,103,0.177
8K,q2,103,0.143
8K,q2,103,0.126
8K,q2,103,0.192
8K,q2,103,0.116
8K,q2,16,0.17
8K,q2,16,0.138
8K,q2,16,0.121
8K,q2,16,0.177
8K,q2,16,0.209
8K,q2,65,0.137
8K,q2,65,0.282
8K,q2,65,0.2
8K,q2,65,0.195
8K,q2,65,0.091
8K,q2,134,0.219
8K,q2,134,0.162
8K,q2,134,0.156
8K,q2,134,0.371
8K,q2,134,0.172
8K,q2,144,0.186
8K,q2,144,0.232
8K,q2,144,0.133
8K,q2,144,0.136
8K,q2,144,0.212
8K,q2,110,0.183
8K,q2,110,0.124
8K,q2,110,0.166
8K,q2,110,0.191
8K,q2,110,0.535
8K,q2,23,0.216
8K,q2,23,0.106
8K,q2,23,0.078
8K,q2,23,0.143
8K,q2,23,0.163
8K,q2,16,0.498
8K,q2,16,0.271
8K,q2,16,0.3
8K,q2,16,0.122
8K,q2,16,0.086
8K,q2,10,0.149
8K,q2,10,0.304
8K,q2,10,0.309
8K,q2,10,0.241
8K,q2,10,0.226
16K,q5,4841,0.742
16K,q5,4841,0.639
16K,q5,4841,0.782
16K,q5,4841,0.955
16K,q5,4841,0.776
16K,q5,9959,0.641
16K,q5,9959,0.587
16K,q5,9959,0.675
16K,q5,9959,0.561
16K,q5,9959,0.726
16K,q5,15701,1.149
16K,q5,15701,0.484
16K,q5,15701,0.716
16K,q5,15701,0.722
16K,q5,15701,0.676
16K,q5,12789,0.917
16K,q5,12789,0.772
16K,q5,12789,0.58
16K,q5,12789,0.959
16K,q5,12789,0.842
16K,q5,12450,0.661
16K,q5,12450,0.837
16K,q5,12450,0.681
16K,q5,12450,0.517
16K,q5,12450,0.577
16K,q5,10294,0.743
16K,q5,10294,0.784
16K,q5,10294,0.808
16K,q5,10294,0.737
16K,q5,10294,0.851
16K,q5,9101,0.891
16K,q5,9101,0.516
16K,q5,9101,0.643
16K,q5,9101,0.923
16K,q5,9101,0.884
16K,q5,10724,0.923
16K,q5,10724,0.68
16K,q5,10724,0.802
16K,q5,10724,0.98
16K,q5,10724,0.77
16K,q5,12259,0.954
16K,q5,12259,0.655
16K,q5,12259,0.663
16K,q5,12259,0.868
16K,q5,12259,0.744
16K,q5,12202,0.948
16K,q5,12202,0.57
16K,q5,12202,0.656
16K,q5,12202,0.534
16K,q5,12202,0.708
16K,q5,15497,0.534
16K,q5,15497,0.822
16K,q5,15497,0.642
16K,q5,15497,0.817
16K,q5,15497,0.722
16K,q5,3587,0.833
16K,q5,3587,0.984
16K,q5,3587,0.602
16K,q5,3587,0.783
16K,q5,3587,1.012
16K,q5,1514,0.622
16K,q5,1514,0.793
16K,q5,1514,0.645
16K,q5,1514,0.549
16K,q5,1514,0.571
16K,q5,11047,1.043
16K,q5,11047,0.938
16K,q5,11047,0.538
16K,q5,11047,0.712
16K,q5,11047,0.755
16K,q5,1044,1.007
16K,q5,1044,0.708
16K,q5,1044,0.826
16K,q5,1044,0.544
16K,q5,1044,0.616
16K,q5,10245,0.912
16K,q5,10245,0.812
16K,q5,10245,0.91
16K,q5,10245,0.588
16K,q5,10245,0.565
16K,q5,10200,0.566
16K,q5,10200,0.851
16K,q5,10200,0.934
16K,q5,10200,0.618
16K,q5,10200,0.633
16K,q5,11893,0.743
16K,q5,11893,0.77
16K,q5,11893,0.804
16K,q5,11893,0.786
16K,q5,11893,0.692
16K,q5,13842,0.858
16K,q5,13842,0.536
16K,q5,13842,0.475
16K,q5,13842,0.836
16K,q5,13842,0.586
16K,q5,1479,0.934
16K,q5,1479,0.711
16K,q5,1479,0.758
16K,q5,1479,0.897
16K,q5,1479,0.613
1K,q5,48,0.781
1K,q5,48,0.887
1K,q5,48,0.7
1K,q5,48,0.623
1K,q5,48,0.884
1K,q5,7,0.765
1K,q5,7,0.64
1K,q5,7,0.999
1K,q5,7,0.823
1K,q5,7,0.616
1K,q5,52,0.686
1K,q5,52,0.878
1K,q5,52,0.572
1K,q5,52,0.552
1K,q5,52,0.667
1K,q5,19,0.644
1K,q5,19,0.787
1K,q5,19,0.677
1K,q5,19,0.586
1K,q5,19,0.85
1K,q5,27,0.784
1K,q5,27,0.693
1K,q5,27,0.608
1K,q5,27,0.659
1K,q5,27,0.769
1K,q5,34,0.646
1K,q5,34,0.611
1K,q5,34,0.704
1K,q5,34,1.177
1K,q5,34,0.681
1K,q5,62,0.732
1K,q5,62,0.776
1K,q5,62,0.76
1K,q5,62,0.835
1K,q5,62,0.759
1K,q5,16,0.851
1K,q5,16,0.75
1K,q5,16,0.728
1K,q5,16,0.73
1K,q5,16,0.696
1K,q5,61,0.832
1K,q5,61,0.666
1K,q5,61,0.853
1K,q5,61,0.612
1K,q5,61,1.085
1K,q5,86,0.72
1K,q5,86,0.659
1K,q5,86,0.565
1K,q5,86,0.684
1K,q5,86,0.708
1K,q5,51,0.572
1K,q5,51,1.104
1K,q5,51,0.791
1K,q5,51,0.656
1K,q5,51,0.65
1K,q5,33,0.722
1K,q5,33,0.889
1K,q5,33,0.647
1K,q5,33,0.576
1K,q5,33,0.795
1K,q5,50,0.75
1K,q5,50,0.667
1K,q5,50,0.645
1K,q5,50,0.924
1K,q5,50,0.731
1K,q5,41,0.706
1K,q5,41,0.704
1K,q5,41,0.676
1K,q5,41,0.558
1K,q5,41,0.797
1K,q5,85,0.726
1K,q5,85,0.805
1K,q5,85,0.699
1K,q5,85,0.838
1K,q5,85,0.815
1K,q5,30,0.812
1K,q5,30,0.802
1K,q5,30,0.807
1K,q5,30,0.658
1K,q5,30,0.876
1K,q5,9,0.735
1K,q5,9,0.701
1K,q5,9,0.762
1K,q5,9,0.572
1K,q5,9,1.047
1K,q5,64,0.672
1K,q5,64,1.102
1K,q5,64,0.865
1K,q5,64,0.736
1K,q5,64,0.656
1K,q5,71,0.897
1K,q5,71,0.637
1K,q5,71,0.544
1K,q5,71,0.843
1K,q5,71,0.697
1K,q5,72,0.705
1K,q5,72,0.728
1K,q5,72,0.618
1K,q5,72,0.568
1K,q5,72,0.6
2K,q5,1843,0.638
2K,q5,1843,0.826
2K,q5,1843,0.72
2K,q5,1843,1.112
2K,q5,1843,0.682
2K,q5,206,0.73
2K,q5,206,0.508
2K,q5,206,0.48
2K,q5,206,0.688
2K,q5,206,0.567
2K,q5,1071,0.813
2K,q5,1071,0.729
2K,q5,1071,0.527
2K,q5,1071,0.976
2K,q5,1071,0.616
2K,q5,1789,0.753
2K,q5,1789,0.816
2K,q5,1789,0.469
2K,q5,1789,0.608
2K,q5,1789,0.64
2K,q5,1757,0.628
2K,q5,1757,0.52
2K,q5,1757,0.731
2K,q5,1757,1.012
2K,q5,1757,0.632
2K,q5,1606,0.486
2K,q5,1606,0.488
2K,q5,1606,0.561
2K,q5,1606,0.562
2K,q5,1606,0.848
2K,q5,1490,0.705
2K,q5,1490,1.14
2K,q5,1490,0.572
2K,q5,1490,0.578
2K,q5,1490,0.642
2K,q5,1685,0.514
2K,q5,1685,0.616
2K,q5,1685,0.825
2K,q5,1685,0.67
2K,q5,1685,0.639
2K,q5,538,0.777
2K,q5,538,0.763
2K,q5,538,0.742
2K,q5,538,0.71
2K,q5,538,0.628
2K,q5,853,0.72
2K,q5,853,0.548
2K,q5,853,0.803
2K,q5,853,0.599
2K,q5,853,0.523
2K,q5,341,0.902
2K,q5,341,0.576
2K,q5,341,0.7
2K,q5,341,0.576
2K,q5,341,0.649
2K,q5,1410,0.922
2K,q5,1410,0.985
2K,q5,1410,0.526
2K,q5,1410,0.65
2K,q5,1410,1.021
2K,q5,1140,0.708
2K,q5,1140,0.662
2K,q5,1140,0.694
2K,q5,1140,0.763
2K,q5,1140,0.773
2K,q5,730,0.601
2K,q5,730,0.612
2K,q5,730,0.844
2K,q5,730,0.756
2K,q5,730,0.71
2K,q5,1700,0.783
2K,q5,1700,0.951
2K,q5,1700,0.619
2K,q5,1700,0.659
2K,q5,1700,0.992
2K,q5,266,0.743
2K,q5,266,0.993
2K,q5,266,0.835
2K,q5,266,0.946
2K,q5,266,0.552
2K,q5,811,0.893
2K,q5,811,0.96
2K,q5,811,0.609
2K,q5,811,0.724
2K,q5,811,0.525
2K,q5,1570,0.618
2K,q5,1570,0.896
2K,q5,1570,0.81
2K,q5,1570,0.732
2K,q5,1570,0.56
2K,q5,1813,0.643
2K,q5,1813,0.505
2K,q5,1813,0.899
2K,q5,1813,0.878
2K,q5,1813,0.736
2K,q5,737,0.793
2K,q5,737,0.888
2K,q5,737,0.758
2K,q5,737,0.705
2K,q5,737,0.765
4K,q5,3769,0.582
4K,q5,3769,0.907
4K,q5,3769,0.541
4K,q5,3769,0.634
4K,q5,3769,0.612
4K,q5,412,0.743
4K,q5,412,0.771
4K,q5,412,0.648
4K,q5,412,0.74
4K,q5,412,0.383
4K,q5,184,0.692
4K,q5,184,0.727
4K,q5,184,0.612
4K,q5,184,0.639
4K,q5,184,0.968
4K,q5,2992,0.561
4K,q5,2992,0.764
4K,q5,2992,0.888
4K,q5,2992,0.766
4K,q5,2992,0.917
4K,q5,3216,0.828
4K,q5,3216,0.659
4K,q5,3216,0.711
4K,q5,3216,0.708
4K,q5,3216,0.583
4K,q5,1959,0.605
4K,q5,1959,0.72
4K,q5,1959,0.551
4K,q5,1959,0.733
4K,q5,1959,1.171
4K,q5,783,0.587
4K,q5,783,0.964
4K,q5,783,0.612
4K,q5,783,1.05
4K,q5,783,0.719
4K,q5,722,0.792
4K,q5,722,0.704
4K,q5,722,0.773
4K,q5,722,0.593
4K,q5,722,0.739
4K,q5,2271,0.767
4K,q5,2271,0.843
4K,q5,2271,0.728
4K,q5,2271,0.911
4K,q5,2271,0.887
4K,q5,2025,0.536
4K,q5,2025,0.681
4K,q5,2025,0.649
4K,q5,2025,0.657
4K,q5,2025,0.741
4K,q5,3844,0.76
4K,q5,3844,0.764
4K,q5,3844,1.005
4K,q5,3844,1.069
4K,q5,3844,0.634
4K,q5,2337,0.986
4K,q5,2337,1.026
4K,q5,2337,0.709
4K,q5,2337,0.63
4K,q5,2337,0.725
4K,q5,1420,1.123
4K,q5,1420,0.716
4K,q5,1420,0.833
4K,q5,1420,1.046
4K,q5,1420,0.835
4K,q5,2219,0.902
4K,q5,2219,0.572
4K,q5,2219,0.67
4K,q5,2219,0.81
4K,q5,2219,0.688
4K,q5,2426,0.929
4K,q5,2426,0.894
4K,q5,2426,0.782
4K,q5,2426,0.524
4K,q5,2426,0.849
4K,q5,420,0.493
4K,q5,420,0.602
4K,q5,420,0.645
4K,q5,420,0.971
4K,q5,420,0.741
4K,q5,179,0.637
4K,q5,179,0.786
4K,q5,179,0.822
4K,q5,179,0.776
4K,q5,179,0.547
4K,q5,1774,0.657
4K,q5,1774,0.561
4K,q5,1774,0.603
4K,q5,1774,0.842
4K,q5,1774,0.728
4K,q5,1252,0.978
4K,q5,1252,0.485
4K,q5,1252,0.804
4K,q5,1252,0.832
4K,q5,1252,0.705
4K,q5,1131,0.651
4K,q5,1131,0.48
4K,q5,1131,0.795
4K,q5,1131,0.653
4K,q5,1131,0.634
8K,q5,7986,0.662
8K,q5,7986,0.887
8K,q5,7986,0.945
8K,q5,7986,0.608
8K,q5,7986,0.653
8K,q5,3519,0.79
8K,q5,3519,0.675
8K,q5,3519,0.717
8K,q5,3519,0.883
8K,q5,3519,0.794
8K,q5,1657,0.773
8K,q5,1657,0.746
8K,q5,1657,0.648
8K,q5,1657,0.953
8K,q5,1657,0.813
8K,q5,2552,0.692
8K,q5,2552,0.599
8K,q5,2552,0.332
8K,q5,2552,0.649
8K,q5,2552,0.663
8K,q5,7006,0.672
8K,q5,7006,0.733
8K,q5,7006,0.477
8K,q5,7006,0.838
8K,q5,7006,0.753
8K,q5,981,0.596
8K,q5,981,0.859
8K,q5,981,0.745
8K,q5,981,0.693
8K,q5,981,0.584
8K,q5,2189,0.62
8K,q5,2189,0.622
8K,q5,2189,0.507
8K,q5,2189,0.805
8K,q5,2189,0.834
8K,q5,1696,0.747
8K,q5,1696,0.741
8K,q5,1696,0.604
8K,q5,1696,0.536
8K,q5,1696,0.69
8K,q5,6506,0.674
8K,q5,6506,1.1
8K,q5,6506,0.78
8K,q5,6506,0.575
8K,q5,6506,0.638
8K,q5,5231,0.724
8K,q5,5231,0.842
8K,q5,5231,0.809
8K,q5,5231,0.846
8K,q5,5231,0.808
8K,q5,1652,0.728
8K,q5,1652,0.758
8K,q5,1652,0.725
8K,q5,1652,0.546
8K,q5,1652,0.775
8K,q5,3162,0.723
8K,q5,3162,0.735
8K,q5,3162,0.628
8K,q5,3162,0.69
8K,q5,3162,0.603
8K,q5,5117,0.75
8K,q5,5117,0.587
8K,q5,5117,0.979
8K,q5,5117,0.678
8K,q5,5117,0.66
8K,q5,805,0.831
8K,q5,805,0.819
8K,q5,805,0.995
8K,q5,805,0.569
8K,q5,805,0.616
8K,q5,3644,0.499
8K,q5,3644,0.877
8K,q5,3644,0.718
8K,q5,3644,0.924
8K,q5,3644,0.56
8K,q5,4329,0.599
8K,q5,4329,0.659
8K,q5,4329,0.592
8K,q5,4329,1.007
8K,q5,4329,0.596
8K,q5,1985,1.015
8K,q5,1985,0.635
8K,q5,1985,1.128
8K,q5,1985,0.602
8K,q5,1985,0.588
8K,q5,7680,1.219
8K,q5,7680,0.771
8K,q5,7680,0.756
8K,q5,7680,0.797
8K,q5,7680,0.569
8K,q5,7526,0.581
8K,q5,7526,0.858
8K,q5,7526,0.977
8K,q5,7526,0.613
8K,q5,7526,0.756
8K,q5,2519,0.749
8K,q5,2519,0.946
8K,q5,2519,0.784
8K,q5,2519,0.729
8K,q5,2519,0.61
