4K,q6,33,0.03108668327331543
4K,q6,33,0.00750732421875
4K,q6,33,0.007476091384887695
4K,q6,33,0.006900787353515625
4K,q6,33,0.008217573165893555
4K,q6,24,0.01063227653503418
4K,q6,24,0.006155490875244141
4K,q6,24,0.005347251892089844
4K,q6,24,0.004187583923339844
4K,q6,24,0.0039424896240234375
4K,q6,8,0.006760835647583008
4K,q6,8,0.003993988037109375
4K,q6,8,0.0045013427734375
4K,q6,8,0.004222869873046875
4K,q6,8,0.0042760372161865234
4K,q6,19,0.0069696903228759766
4K,q6,19,0.00409245491027832
4K,q6,19,0.004171609878540039
4K,q6,19,0.004060506820678711
4K,q6,19,0.0040836334228515625
4K,q6,34,0.004756450653076172
4K,q6,34,0.004592180252075195
4K,q6,34,0.0042324066162109375
4K,q6,34,0.004293680191040039
4K,q6,34,0.0043032169342041016
4K,q6,34,0.004413604736328125
4K,q6,34,0.004277229309082031
4K,q6,34,0.0041751861572265625
4K,q6,34,0.005056619644165039
4K,q6,34,0.0063228607177734375
4K,q6,14,0.006940126419067383
4K,q6,14,0.004187107086181641
4K,q6,14,0.00404667854309082
4K,q6,14,0.003920555114746094
4K,q6,14,0.004012346267700195
4K,q6,37,0.006531238555908203
4K,q6,37,0.00491023063659668
4K,q6,37,0.0056841373443603516
4K,q6,37,0.00629878044128418
4K,q6,37,0.005135059356689453
4K,q6,34,0.004582405090332031
4K,q6,34,0.0070950984954833984
4K,q6,34,0.006731748580932617
4K,q6,34,0.0064067840576171875
4K,q6,34,0.006219148635864258
4K,q6,18,0.010985374450683594
4K,q6,18,0.006242275238037109
4K,q6,18,0.0086517333984375
4K,q6,18,0.005713701248168945
4K,q6,18,0.005972862243652344
4K,q6,32,0.009745121002197266
4K,q6,32,0.00780797004699707
4K,q6,32,0.00634312629699707
4K,q6,32,0.00634312629699707
4K,q6,32,0.006048679351806641
4K,q6,16,0.009429216384887695
4K,q6,16,0.005540609359741211
4K,q6,16,0.005291938781738281
4K,q6,16,0.00514984130859375
4K,q6,16,0.0065021514892578125
4K,q6,10,0.012511491775512695
4K,q6,10,0.006799221038818359
4K,q6,10,0.006754636764526367
4K,q6,10,0.006820201873779297
4K,q6,10,0.006612062454223633
4K,q6,7,0.007685422897338867
4K,q6,7,0.0082244873046875
4K,q6,7,0.007862567901611328
4K,q6,7,0.0071675777435302734
4K,q6,7,0.006884574890136719
4K,q6,15,0.011520147323608398
4K,q6,15,0.006450653076171875
4K,q6,15,0.006384611129760742
4K,q6,15,0.006410121917724609
4K,q6,15,0.006663322448730469
4K,q6,2,0.011036872863769531
4K,q6,2,0.006803274154663086
4K,q6,2,0.006536722183227539
4K,q6,2,0.007864713668823242
4K,q6,2,0.007888317108154297
4K,q6,16,0.007985353469848633
4K,q6,16,0.006510019302368164
4K,q6,16,0.006273508071899414
4K,q6,16,0.0062711238861083984
4K,q6,16,0.006203413009643555
4K,q6,18,0.006032228469848633
4K,q6,18,0.005751132965087891
4K,q6,18,0.005768537521362305
4K,q6,18,0.006089210510253906
4K,q6,18,0.005079030990600586
4K,q6,22,0.005343914031982422
4K,q6,22,0.0048902034759521484
4K,q6,22,0.005146980285644531
4K,q6,22,0.005671977996826172
4K,q6,22,0.005293846130371094
4K,q6,7,0.005280971527099609
4K,q6,7,0.005242586135864258
4K,q6,7,0.0060961246490478516
4K,q6,7,0.006221294403076172
4K,q6,7,0.005629539489746094
2K,q6,5,0.005391597747802734
2K,q6,5,0.005591869354248047
2K,q6,5,0.005209445953369141
2K,q6,5,0.004923343658447266
2K,q6,5,0.0045011043548583984
2K,q6,14,0.007737874984741211
2K,q6,14,0.0045413970947265625
2K,q6,14,0.004436492919921875
2K,q6,14,0.004070758819580078
2K,q6,14,0.005686521530151367
2K,q6,19,0.009683609008789062
2K,q6,19,0.0057032108306884766
2K,q6,19,0.0057027339935302734
2K,q6,19,0.005431175231933594
2K,q6,19,0.005377054214477539
2K,q6,19,0.005556344985961914
2K,q6,19,0.004552602767944336
2K,q6,19,0.004563093185424805
2K,q6,19,0.004313230514526367
2K,q6,19,0.0042841434478759766
2K,q6,14,0.004624605178833008
2K,q6,14,0.004354953765869141
2K,q6,14,0.0044209957122802734
2K,q6,14,0.0042819976806640625
2K,q6,14,0.004225254058837891
2K,q6,6,0.007328987121582031
2K,q6,6,0.004793405532836914
2K,q6,6,0.0056552886962890625
2K,q6,6,0.0060350894927978516
2K,q6,6,0.005719423294067383
2K,q6,21,0.00883340835571289
2K,q6,21,0.003901958465576172
2K,q6,21,0.0038437843322753906
2K,q6,21,0.0037980079650878906
2K,q6,21,0.00459742546081543
2K,q6,1,0.00862264633178711
2K,q6,1,0.003760814666748047
2K,q6,1,0.003751993179321289
2K,q6,1,0.0038678646087646484
2K,q6,1,0.0037689208984375
2K,q6,12,0.0071985721588134766
2K,q6,12,0.006819486618041992
2K,q6,12,0.006383419036865234
2K,q6,12,0.0071599483489990234
2K,q6,12,0.006372213363647461
2K,q6,14,0.0045316219329833984
2K,q6,14,0.004285573959350586
2K,q6,14,0.0041615962982177734
2K,q6,14,0.004209995269775391
2K,q6,14,0.004222393035888672
2K,q6,0,0.0066034793853759766
2K,q6,0,0.003981828689575195
2K,q6,0,0.0038547515869140625
2K,q6,0,0.0042798519134521484
2K,q6,0,0.004085540771484375
2K,q6,19,0.004109382629394531
2K,q6,19,0.0040705204010009766
2K,q6,19,0.004132509231567383
2K,q6,19,0.004122734069824219
2K,q6,19,0.004619598388671875
2K,q6,1,0.004644870758056641
2K,q6,1,0.004499912261962891
2K,q6,1,0.004177570343017578
2K,q6,1,0.004471540451049805
2K,q6,1,0.0042192935943603516
2K,q6,8,0.00673222541809082
2K,q6,8,0.004554271697998047
2K,q6,8,0.004342079162597656
2K,q6,8,0.004418611526489258
2K,q6,8,0.004187822341918945
2K,q6,11,0.006667137145996094
2K,q6,11,0.00449371337890625
2K,q6,11,0.004225254058837891
2K,q6,11,0.004235029220581055
2K,q6,11,0.0044095516204833984
2K,q6,0,0.004279375076293945
2K,q6,0,0.004275798797607422
2K,q6,0,0.004366874694824219
2K,q6,0,0.004315614700317383
2K,q6,0,0.004241943359375
2K,q6,17,0.006922721862792969
2K,q6,17,0.0043833255767822266
2K,q6,17,0.00430750846862793
2K,q6,17,0.004446268081665039
2K,q6,17,0.0042912960052490234
2K,q6,4,0.007044315338134766
2K,q6,4,0.004423856735229492
2K,q6,4,0.0042383670806884766
2K,q6,4,0.004146575927734375
2K,q6,4,0.004286050796508789
2K,q6,22,0.006882429122924805
2K,q6,22,0.004474163055419922
2K,q6,22,0.004339456558227539
2K,q6,22,0.0042607784271240234
2K,q6,22,0.004878520965576172
2K,q6,4,0.004477739334106445
2K,q6,4,0.004579067230224609
2K,q6,4,0.0044977664947509766
2K,q6,4,0.004465341567993164
2K,q6,4,0.004328012466430664
8K,q6,30,0.00728154182434082
8K,q6,30,0.004332542419433594
8K,q6,30,0.004388093948364258
8K,q6,30,0.0043888092041015625
8K,q6,30,0.00457453727722168
8K,q6,65,0.004384279251098633
8K,q6,65,0.004307270050048828
8K,q6,65,0.0043146610260009766
8K,q6,65,0.004456043243408203
8K,q6,65,0.0044782161712646484
8K,q6,71,0.006590843200683594
8K,q6,71,0.00432896614074707
8K,q6,71,0.004303455352783203
8K,q6,71,0.004222869873046875
8K,q6,71,0.004323005676269531
8K,q6,67,0.006513118743896484
8K,q6,67,0.0042226314544677734
8K,q6,67,0.0043566226959228516
8K,q6,67,0.004171848297119141
8K,q6,67,0.00407099723815918
8K,q6,28,0.0040814876556396484
8K,q6,28,0.004189491271972656
8K,q6,28,0.004159688949584961
8K,q6,28,0.004206180572509766
8K,q6,28,0.004208564758300781
8K,q6,71,0.0043849945068359375
8K,q6,71,0.0041959285736083984
8K,q6,71,0.004461765289306641
8K,q6,71,0.0045049190521240234
8K,q6,71,0.004438161849975586
8K,q6,23,0.006499767303466797
8K,q6,23,0.004347324371337891
8K,q6,23,0.004027128219604492
8K,q6,23,0.004013538360595703
8K,q6,23,0.003963470458984375
8K,q6,40,0.007121086120605469
8K,q6,40,0.0046274662017822266
8K,q6,40,0.0044782161712646484
8K,q6,40,0.004259586334228516
8K,q6,40,0.004233360290527344
8K,q6,3,0.004564046859741211
8K,q6,3,0.00426793098449707
8K,q6,3,0.0043179988861083984
8K,q6,3,0.0046575069427490234
8K,q6,3,0.00434565544128418
8K,q6,71,0.00440526008605957
8K,q6,71,0.004456281661987305
8K,q6,71,0.00452876091003418
8K,q6,71,0.004610300064086914
8K,q6,71,0.004529714584350586
8K,q6,40,0.004500389099121094
8K,q6,40,0.004082441329956055
8K,q6,40,0.004453897476196289
8K,q6,40,0.0046536922454833984
8K,q6,40,0.004662513732910156
8K,q6,62,0.005385160446166992
8K,q6,62,0.004281044006347656
8K,q6,62,0.004169940948486328
8K,q6,62,0.004167079925537109
8K,q6,62,0.004353523254394531
8K,q6,77,0.006941795349121094
8K,q6,77,0.004342794418334961
8K,q6,77,0.004403114318847656
8K,q6,77,0.004282474517822266
8K,q6,77,0.004259824752807617
8K,q6,9,0.004172563552856445
8K,q6,9,0.0041713714599609375
8K,q6,9,0.004073143005371094
8K,q6,9,0.004426479339599609
8K,q6,9,0.004080057144165039
8K,q6,12,0.004049777984619141
8K,q6,12,0.004172563552856445
8K,q6,12,0.004509449005126953
8K,q6,12,0.004105329513549805
8K,q6,12,0.004115104675292969
8K,q6,40,0.003863096237182617
8K,q6,40,0.0038881301879882812
8K,q6,40,0.0039026737213134766
8K,q6,40,0.004117727279663086
8K,q6,40,0.003901958465576172
8K,q6,45,0.00655674934387207
8K,q6,45,0.004082679748535156
8K,q6,45,0.0039033889770507812
8K,q6,45,0.004414558410644531
8K,q6,45,0.0042231082916259766
8K,q6,10,0.00662541389465332
8K,q6,10,0.004183053970336914
8K,q6,10,0.004201412200927734
8K,q6,10,0.004285335540771484
8K,q6,10,0.003869295120239258
8K,q6,27,0.006315946578979492
8K,q6,27,0.003790616989135742
8K,q6,27,0.0037806034088134766
8K,q6,27,0.004059314727783203
8K,q6,27,0.0039365291595458984
8K,q6,37,0.004035234451293945
8K,q6,37,0.003962993621826172
8K,q6,37,0.004084587097167969
8K,q6,37,0.003914356231689453
8K,q6,37,0.003918886184692383
16K,q6,62,0.006433248519897461
16K,q6,62,0.005093812942504883
16K,q6,62,0.003835916519165039
16K,q6,62,0.003979921340942383
16K,q6,62,0.0036830902099609375
16K,q6,21,0.0064923763275146484
16K,q6,21,0.004930973052978516
16K,q6,21,0.0049021244049072266
16K,q6,21,0.003996849060058594
16K,q6,21,0.005583524703979492
16K,q6,69,0.006757259368896484
16K,q6,69,0.0040111541748046875
16K,q6,69,0.0042572021484375
16K,q6,69,0.00432896614074707
16K,q6,69,0.004213094711303711
16K,q6,62,0.0038475990295410156
16K,q6,62,0.003949165344238281
16K,q6,62,0.0039060115814208984
16K,q6,62,0.003935813903808594
16K,q6,62,0.0041158199310302734
16K,q6,140,0.0038585662841796875
16K,q6,140,0.0037674903869628906
16K,q6,140,0.004073619842529297
16K,q6,140,0.009080171585083008
16K,q6,140,0.004294872283935547
16K,q6,119,0.006865262985229492
16K,q6,119,0.004277229309082031
16K,q6,119,0.0047130584716796875
16K,q6,119,0.0047605037689208984
16K,q6,119,0.0048105716705322266
16K,q6,127,0.0045015811920166016
16K,q6,127,0.00404667854309082
16K,q6,127,0.0041158199310302734
16K,q6,127,0.003936052322387695
16K,q6,127,0.004193305969238281
16K,q6,32,0.007171154022216797
16K,q6,32,0.004638671875
16K,q6,32,0.003787517547607422
16K,q6,32,0.0038604736328125
16K,q6,32,0.0040590763092041016
16K,q6,65,0.006381511688232422
16K,q6,65,0.0038695335388183594
16K,q6,65,0.004257678985595703
16K,q6,65,0.004317045211791992
16K,q6,65,0.004343509674072266
16K,q6,13,0.0043337345123291016
16K,q6,13,0.0043489933013916016
16K,q6,13,0.004258871078491211
16K,q6,13,0.004290580749511719
16K,q6,13,0.004380941390991211
16K,q6,17,0.004565000534057617
16K,q6,17,0.00445556640625
16K,q6,17,0.0043222904205322266
16K,q6,17,0.00431513786315918
16K,q6,17,0.004295825958251953
16K,q6,20,0.0069773197174072266
16K,q6,20,0.004540443420410156
16K,q6,20,0.004024982452392578
16K,q6,20,0.004438638687133789
16K,q6,20,0.004288911819458008
16K,q6,20,0.0046350955963134766
16K,q6,20,0.004884481430053711
16K,q6,20,0.004350900650024414
16K,q6,20,0.004522562026977539
16K,q6,20,0.0043792724609375
16K,q6,72,0.006971597671508789
16K,q6,72,0.004387617111206055
16K,q6,72,0.004407644271850586
16K,q6,72,0.004326581954956055
16K,q6,72,0.0042896270751953125
16K,q6,65,0.004302501678466797
16K,q6,65,0.004347562789916992
16K,q6,65,0.004223346710205078
16K,q6,65,0.0043337345123291016
16K,q6,65,0.004327535629272461
16K,q6,80,0.006743907928466797
16K,q6,80,0.0043032169342041016
16K,q6,80,0.004216670989990234
16K,q6,80,0.0042285919189453125
16K,q6,80,0.004068851470947266
16K,q6,10,0.004229068756103516
16K,q6,10,0.011746406555175781
16K,q6,10,0.004621028900146484
16K,q6,10,0.0048596858978271484
16K,q6,10,0.004445552825927734
16K,q6,13,0.004405975341796875
16K,q6,13,0.0044481754302978516
16K,q6,13,0.004489421844482422
16K,q6,13,0.004452705383300781
16K,q6,13,0.0043752193450927734
16K,q6,111,0.004064083099365234
16K,q6,111,0.007563352584838867
16K,q6,111,0.007912874221801758
16K,q6,111,0.007076263427734375
16K,q6,111,0.007372140884399414
16K,q6,139,0.011545419692993164
16K,q6,139,0.006977081298828125
16K,q6,139,0.00671696662902832
16K,q6,139,0.0064585208892822266
16K,q6,139,0.006246328353881836
1K,q6,2,0.006230592727661133
1K,q6,2,0.0069425106048583984
1K,q6,2,0.0057904720306396484
1K,q6,2,0.005913972854614258
1K,q6,2,0.006415605545043945
1K,q6,3,0.010238170623779297
1K,q6,3,0.0058786869049072266
1K,q6,3,0.0062563419342041016
1K,q6,3,0.007401704788208008
1K,q6,3,0.004308462142944336
1K,q6,7,0.006773948669433594
1K,q6,7,0.007776021957397461
1K,q6,7,0.007219076156616211
1K,q6,7,0.007338285446166992
1K,q6,7,0.006976604461669922
1K,q6,3,0.00776982307434082
1K,q6,3,0.007524251937866211
1K,q6,3,0.007920980453491211
1K,q6,3,0.0068933963775634766
1K,q6,3,0.005856513977050781
1K,q6,1,0.006810188293457031
1K,q6,1,0.006310224533081055
1K,q6,1,0.006249904632568359
1K,q6,1,0.005354166030883789
1K,q6,1,0.005311727523803711
1K,q6,7,0.0066835880279541016
1K,q6,7,0.006694793701171875
1K,q6,7,0.006116390228271484
1K,q6,7,0.006012439727783203
1K,q6,7,0.006174802780151367
1K,q6,11,0.009873628616333008
1K,q6,11,0.004240989685058594
1K,q6,11,0.004149436950683594
1K,q6,11,0.004227876663208008
1K,q6,11,0.00396728515625
1K,q6,4,0.006438016891479492
1K,q6,4,0.003762960433959961
1K,q6,4,0.0050144195556640625
1K,q6,4,0.005251407623291016
1K,q6,4,0.005273103713989258
1K,q6,7,0.005471944808959961
1K,q6,7,0.004993915557861328
1K,q6,7,0.0048177242279052734
1K,q6,7,0.004722118377685547
1K,q6,7,0.004883766174316406
1K,q6,3,0.008001327514648438
1K,q6,3,0.004831075668334961
1K,q6,3,0.004835367202758789
1K,q6,3,0.005132436752319336
1K,q6,3,0.0048923492431640625
1K,q6,11,0.004863739013671875
1K,q6,11,0.005013942718505859
1K,q6,11,0.004799365997314453
1K,q6,11,0.004504680633544922
1K,q6,11,0.00439763069152832
1K,q6,2,0.006520748138427734
1K,q6,2,0.00613713264465332
1K,q6,2,0.006498098373413086
1K,q6,2,0.0061457157135009766
1K,q6,2,0.00637507438659668
1K,q6,7,0.0039017200469970703
1K,q6,7,0.003698110580444336
1K,q6,7,0.007160663604736328
1K,q6,7,0.007658958435058594
1K,q6,7,0.006352901458740234
1K,q6,1,0.0070993900299072266
1K,q6,1,0.00684046745300293
1K,q6,1,0.007185697555541992
1K,q6,1,0.006147146224975586
1K,q6,1,0.006369352340698242
1K,q6,5,0.011512517929077148
1K,q6,5,0.00716710090637207
1K,q6,5,0.007184743881225586
1K,q6,5,0.006853818893432617
1K,q6,5,0.0076923370361328125
1K,q6,3,0.006720066070556641
1K,q6,3,0.0067746639251708984
1K,q6,3,0.006679534912109375
1K,q6,3,0.0066683292388916016
1K,q6,3,0.006865024566650391
1K,q6,7,0.00682520866394043
1K,q6,7,0.006565093994140625
1K,q6,7,0.006437540054321289
1K,q6,7,0.006824016571044922
1K,q6,7,0.006551265716552734
1K,q6,7,0.006638526916503906
1K,q6,7,0.006730079650878906
1K,q6,7,0.007268428802490234
1K,q6,7,0.006721019744873047
1K,q6,7,0.0068624019622802734
1K,q6,10,0.012956857681274414
1K,q6,10,0.006977081298828125
1K,q6,10,0.007661581039428711
1K,q6,10,0.0074689388275146484
1K,q6,10,0.004606723785400391
1K,q6,8,0.004564046859741211
1K,q6,8,0.0046079158782958984
1K,q6,8,0.0049898624420166016
1K,q6,8,0.004686832427978516
1K,q6,8,0.0044040679931640625
4K,q2,7,0.0057833194732666016
4K,q2,7,0.004816532135009766
4K,q2,7,0.004299640655517578
4K,q2,7,0.004503726959228516
4K,q2,7,0.0040171146392822266
4K,q2,48,0.006155967712402344
4K,q2,48,0.004186153411865234
4K,q2,48,0.004122257232666016
4K,q2,48,0.003718137741088867
4K,q2,48,0.003892660140991211
4K,q2,18,0.00484919548034668
4K,q2,18,0.0033254623413085938
4K,q2,18,0.0035452842712402344
4K,q2,18,0.0034317970275878906
4K,q2,18,0.003383636474609375
4K,q2,39,0.0051882266998291016
4K,q2,39,0.003222227096557617
4K,q2,39,0.003363370895385742
4K,q2,39,0.003458738327026367
4K,q2,39,0.0032584667205810547
4K,q2,18,0.003530740737915039
4K,q2,18,0.003399372100830078
4K,q2,18,0.003349781036376953
4K,q2,18,0.00400853157043457
4K,q2,18,0.0035429000854492188
4K,q2,69,0.005614757537841797
4K,q2,69,0.0036780834197998047
4K,q2,69,0.003949642181396484
4K,q2,69,0.004103899002075195
4K,q2,69,0.004193305969238281
4K,q2,10,0.005417823791503906
4K,q2,10,0.0038950443267822266
4K,q2,10,0.003998279571533203
4K,q2,10,0.003672361373901367
4K,q2,10,0.0037543773651123047
4K,q2,30,0.007014036178588867
4K,q2,30,0.004704713821411133
4K,q2,30,0.00473475456237793
4K,q2,30,0.003926515579223633
4K,q2,30,0.003822803497314453
4K,q2,43,0.005914449691772461
4K,q2,43,0.003926753997802734
4K,q2,43,0.003958463668823242
4K,q2,43,0.0037126541137695312
4K,q2,43,0.004015684127807617
4K,q2,72,0.0056302547454833984
4K,q2,72,0.003997087478637695
4K,q2,72,0.004004716873168945
4K,q2,72,0.00435638427734375
4K,q2,72,0.0047206878662109375
4K,q2,53,0.005889892578125
4K,q2,53,0.0040607452392578125
4K,q2,53,0.0041811466217041016
4K,q2,53,0.004138946533203125
4K,q2,53,0.005101680755615234
4K,q2,25,0.005995750427246094
4K,q2,25,0.004159688949584961
4K,q2,25,0.0037908554077148438
4K,q2,25,0.0036573410034179688
4K,q2,25,0.0037953853607177734
4K,q2,77,0.0051114559173583984
4K,q2,77,0.003551959991455078
4K,q2,77,0.003606557846069336
4K,q2,77,0.0036995410919189453
4K,q2,77,0.004052400588989258
4K,q2,65,0.005310535430908203
4K,q2,65,0.0035529136657714844
4K,q2,65,0.0035445690155029297
4K,q2,65,0.0033721923828125
4K,q2,65,0.0037186145782470703
4K,q2,55,0.005023002624511719
4K,q2,55,0.003365039825439453
4K,q2,55,0.004257678985595703
4K,q2,55,0.005822658538818359
4K,q2,55,0.005018472671508789
4K,q2,23,0.005287647247314453
4K,q2,23,0.006845712661743164
4K,q2,23,0.005188703536987305
4K,q2,23,0.004032135009765625
4K,q2,23,0.0038993358612060547
4K,q2,82,0.0042154788970947266
4K,q2,82,0.0036063194274902344
4K,q2,82,0.0037038326263427734
4K,q2,82,0.004213094711303711
4K,q2,82,0.004416942596435547
4K,q2,33,0.00816035270690918
4K,q2,33,0.004294633865356445
4K,q2,33,0.004059791564941406
4K,q2,33,0.004225254058837891
4K,q2,33,0.004901885986328125
4K,q2,82,0.005033254623413086
4K,q2,82,0.0047338008880615234
4K,q2,82,0.0051844120025634766
4K,q2,82,0.004715442657470703
4K,q2,82,0.004544258117675781
4K,q2,25,0.0038208961486816406
4K,q2,25,0.004576206207275391
4K,q2,25,0.004297971725463867
4K,q2,25,0.004193544387817383
4K,q2,25,0.0045909881591796875
2K,q2,36,0.006667375564575195
2K,q2,36,0.004179477691650391
2K,q2,36,0.004232645034790039
2K,q2,36,0.0044367313385009766
2K,q2,36,0.004080772399902344
2K,q2,25,0.005417585372924805
2K,q2,25,0.004423618316650391
2K,q2,25,0.003777742385864258
2K,q2,25,0.004302501678466797
2K,q2,25,0.0042912960052490234
2K,q2,37,0.0049474239349365234
2K,q2,37,0.0035865306854248047
2K,q2,37,0.003337860107421875
2K,q2,37,0.0034885406494140625
2K,q2,37,0.003378152847290039
2K,q2,23,0.004349946975708008
2K,q2,23,0.003148794174194336
2K,q2,23,0.0031566619873046875
2K,q2,23,0.003053426742553711
2K,q2,23,0.0032608509063720703
2K,q2,39,0.0045850276947021484
2K,q2,39,0.003228902816772461
2K,q2,39,0.003245115280151367
2K,q2,39,0.003195047378540039
2K,q2,39,0.003184080123901367
2K,q2,19,0.0045087337493896484
2K,q2,19,0.0031249523162841797
2K,q2,19,0.0033342838287353516
2K,q2,19,0.003345966339111328
2K,q2,19,0.003217935562133789
2K,q2,17,0.0045452117919921875
2K,q2,17,0.0032129287719726562
2K,q2,17,0.0032265186309814453
2K,q2,17,0.0033864974975585938
2K,q2,17,0.003147125244140625
2K,q2,6,0.00443720817565918
2K,q2,6,0.0035550594329833984
2K,q2,6,0.003520488739013672
2K,q2,6,0.003733396530151367
2K,q2,6,0.004449605941772461
2K,q2,8,0.007519721984863281
2K,q2,8,0.004328250885009766
2K,q2,8,0.004324197769165039
2K,q2,8,0.004404783248901367
2K,q2,8,0.0038814544677734375
2K,q2,0,0.007397174835205078
2K,q2,0,0.004942417144775391
2K,q2,0,0.004852294921875
2K,q2,0,0.004601716995239258
2K,q2,0,0.004788398742675781
2K,q2,26,0.006952762603759766
2K,q2,26,0.004642963409423828
2K,q2,26,0.004239797592163086
2K,q2,26,0.003965616226196289
2K,q2,26,0.004513740539550781
2K,q2,10,0.006863832473754883
2K,q2,10,0.004167079925537109
2K,q2,10,0.004317283630371094
2K,q2,10,0.004420280456542969
2K,q2,10,0.004401206970214844
2K,q2,39,0.003732919692993164
2K,q2,39,0.003988742828369141
2K,q2,39,0.00376129150390625
2K,q2,39,0.0038623809814453125
2K,q2,39,0.004545688629150391
2K,q2,3,0.007185935974121094
2K,q2,3,0.005149364471435547
2K,q2,3,0.004003763198852539
2K,q2,3,0.003603219985961914
2K,q2,3,0.003918170928955078
2K,q2,16,0.005174875259399414
2K,q2,16,0.0034351348876953125
2K,q2,16,0.0030939579010009766
2K,q2,16,0.004330873489379883
2K,q2,16,0.004258155822753906
2K,q2,14,0.007432699203491211
2K,q2,14,0.005231380462646484
2K,q2,14,0.004851341247558594
2K,q2,14,0.00480961799621582
2K,q2,14,0.004128217697143555
2K,q2,3,0.004390239715576172
2K,q2,3,0.004244089126586914
2K,q2,3,0.00509953498840332
2K,q2,3,0.004801511764526367
2K,q2,3,0.004751682281494141
2K,q2,6,0.004528045654296875
2K,q2,6,0.0045621395111083984
2K,q2,6,0.00462651252746582
2K,q2,6,0.00483393669128418
2K,q2,6,0.0049822330474853516
2K,q2,17,0.004500150680541992
2K,q2,17,0.00463414192199707
2K,q2,17,0.004683732986450195
2K,q2,17,0.004404783248901367
2K,q2,17,0.004430294036865234
2K,q2,28,0.004701375961303711
2K,q2,28,0.00469660758972168
2K,q2,28,0.005209684371948242
2K,q2,28,0.004828453063964844
2K,q2,28,0.0048525333404541016
8K,q2,82,0.007210254669189453
8K,q2,82,0.004609823226928711
8K,q2,82,0.0047969818115234375
8K,q2,82,0.004743337631225586
8K,q2,82,0.00500035285949707
8K,q2,41,0.007342100143432617
8K,q2,41,0.0044040679931640625
8K,q2,41,0.004549980163574219
8K,q2,41,0.004397392272949219
8K,q2,41,0.004400491714477539
8K,q2,72,0.006353139877319336
8K,q2,72,0.0039768218994140625
8K,q2,72,0.003970146179199219
8K,q2,72,0.0039784908294677734
8K,q2,72,0.0037124156951904297
8K,q2,110,0.004425048828125
8K,q2,110,0.0026586055755615234
8K,q2,110,0.00301361083984375
8K,q2,110,0.003633260726928711
8K,q2,110,0.003500699996948242
8K,q2,121,0.004598855972290039
8K,q2,121,0.003314971923828125
8K,q2,121,0.0031309127807617188
8K,q2,121,0.0032150745391845703
8K,q2,121,0.0031867027282714844
8K,q2,140,0.004359245300292969
8K,q2,140,0.0032362937927246094
8K,q2,140,0.0032062530517578125
8K,q2,140,0.0032029151916503906
8K,q2,140,0.003145456314086914
8K,q2,115,0.004507780075073242
8K,q2,115,0.00482487678527832
8K,q2,115,0.0046939849853515625
8K,q2,115,0.004288911819458008
8K,q2,115,0.0031387805938720703
8K,q2,81,0.0045511722564697266
8K,q2,81,0.0030710697174072266
8K,q2,81,0.003007650375366211
8K,q2,81,0.003067493438720703
8K,q2,81,0.0036573410034179688
8K,q2,153,0.003348827362060547
8K,q2,153,0.003092050552368164
8K,q2,153,0.003354787826538086
8K,q2,153,0.003310680389404297
8K,q2,153,0.0030112266540527344
8K,q2,137,0.006233692169189453
8K,q2,137,0.003983259201049805
8K,q2,137,0.004114866256713867
8K,q2,137,0.003932476043701172
8K,q2,137,0.003859281539916992
8K,q2,3,0.005647182464599609
8K,q2,3,0.0031905174255371094
8K,q2,3,0.005726814270019531
8K,q2,3,0.0029642581939697266
8K,q2,3,0.0029747486114501953
8K,q2,103,0.005878448486328125
8K,q2,103,0.003873586654663086
8K,q2,103,0.003793954849243164
8K,q2,103,0.0037984848022460938
8K,q2,103,0.003789186477661133
8K,q2,16,0.006109714508056641
8K,q2,16,0.004191398620605469
8K,q2,16,0.0042040348052978516
8K,q2,16,0.0032927989959716797
8K,q2,16,0.0031311511993408203
8K,q2,65,0.004419565200805664
8K,q2,65,0.003196239471435547
8K,q2,65,0.0030536651611328125
8K,q2,65,0.0030493736267089844
8K,q2,65,0.003006458282470703
8K,q2,134,0.004176139831542969
8K,q2,134,0.003235340118408203
8K,q2,134,0.0032410621643066406
8K,q2,134,0.0029954910278320312
8K,q2,134,0.0032787322998046875
8K,q2,144,0.004371166229248047
8K,q2,144,0.0030744075775146484
8K,q2,144,0.003076791763305664
8K,q2,144,0.003009319305419922
8K,q2,144,0.002978086471557617
8K,q2,110,0.0030231475830078125
8K,q2,110,0.002969980239868164
8K,q2,110,0.0032258033752441406
8K,q2,110,0.0033931732177734375
8K,q2,110,0.003093719482421875
8K,q2,23,0.004173994064331055
8K,q2,23,0.0030443668365478516
8K,q2,23,0.0029840469360351562
8K,q2,23,0.003027677536010742
8K,q2,23,0.0030143260955810547
8K,q2,16,0.004286050796508789
8K,q2,16,0.0030426979064941406
8K,q2,16,0.0029747486114501953
8K,q2,16,0.0030059814453125
8K,q2,16,0.002927541732788086
8K,q2,10,0.0046274662017822266
8K,q2,10,0.0029916763305664062
8K,q2,10,0.0030765533447265625
8K,q2,10,0.0031456947326660156
8K,q2,10,0.003945589065551758
16K,q2,306,0.006074428558349609
16K,q2,306,0.002939939498901367
16K,q2,306,0.0032536983489990234
16K,q2,306,0.0033905506134033203
16K,q2,306,0.003250598907470703
16K,q2,313,0.004624128341674805
16K,q2,313,0.003292560577392578
16K,q2,313,0.0032939910888671875
16K,q2,313,0.0033140182495117188
16K,q2,313,0.003059864044189453
16K,q2,18,0.00505518913269043
16K,q2,18,0.005204677581787109
16K,q2,18,0.004981279373168945
16K,q2,18,0.005086660385131836
16K,q2,18,0.005445003509521484
16K,q2,62,0.0076656341552734375
16K,q2,62,0.004759311676025391
16K,q2,62,0.004699230194091797
16K,q2,62,0.00446629524230957
16K,q2,62,0.0041730403900146484
16K,q2,101,0.006360530853271484
16K,q2,101,0.0042819976806640625
16K,q2,101,0.0038945674896240234
16K,q2,101,0.004584550857543945
16K,q2,101,0.003887176513671875
16K,q2,62,0.004354953765869141
16K,q2,62,0.004186391830444336
16K,q2,62,0.004458189010620117
16K,q2,62,0.0043032169342041016
16K,q2,62,0.00423741340637207
16K,q2,259,0.0044040679931640625
16K,q2,259,0.004862070083618164
16K,q2,259,0.004494428634643555
16K,q2,259,0.004075765609741211
16K,q2,259,0.003964900970458984
16K,q2,85,0.004379987716674805
16K,q2,85,0.0029604434967041016
16K,q2,85,0.0029065608978271484
16K,q2,85,0.008101940155029297
16K,q2,85,0.0033338069915771484
16K,q2,218,0.004641294479370117
16K,q2,218,0.003246784210205078
16K,q2,218,0.003144502639770508
16K,q2,218,0.0033507347106933594
16K,q2,218,0.0036940574645996094
16K,q2,225,0.004507303237915039
16K,q2,225,0.0028836727142333984
16K,q2,225,0.002805948257446289
16K,q2,225,0.002776622772216797
16K,q2,225,0.0030634403228759766
16K,q2,266,0.004667043685913086
16K,q2,266,0.0032880306243896484
16K,q2,266,0.0031049251556396484
16K,q2,266,0.0036461353302001953
16K,q2,266,0.003142118453979492
16K,q2,9,0.004555225372314453
16K,q2,9,0.0030095577239990234
16K,q2,9,0.002900362014770508
16K,q2,9,0.0030488967895507812
16K,q2,9,0.002791881561279297
16K,q2,283,0.004460573196411133
16K,q2,283,0.003232240676879883
16K,q2,283,0.0033006668090820312
16K,q2,283,0.0036382675170898438
16K,q2,283,0.0031516551971435547
16K,q2,289,0.0048863887786865234
16K,q2,289,0.0032732486724853516
16K,q2,289,0.002986431121826172
16K,q2,289,0.0031599998474121094
16K,q2,289,0.0036072731018066406
16K,q2,55,0.004761219024658203
16K,q2,55,0.003158092498779297
16K,q2,55,0.0028989315032958984
16K,q2,55,0.00423431396484375
16K,q2,55,0.00467681884765625
16K,q2,294,0.00446629524230957
16K,q2,294,0.004830360412597656
16K,q2,294,0.004721403121948242
16K,q2,294,0.0038857460021972656
16K,q2,294,0.0047566890716552734
16K,q2,324,0.0071179866790771484
16K,q2,324,0.004366159439086914
16K,q2,324,0.004267215728759766
16K,q2,324,0.00424647331237793
16K,q2,324,0.004225492477416992
16K,q2,219,0.005905628204345703
16K,q2,219,0.004107475280761719
16K,q2,219,0.011560678482055664
16K,q2,219,0.0037412643432617188
16K,q2,219,0.003283262252807617
16K,q2,254,0.005179166793823242
16K,q2,254,0.003290414810180664
16K,q2,254,0.0033130645751953125
16K,q2,254,0.0032444000244140625
16K,q2,254,0.003119230270385742
16K,q2,315,0.004781484603881836
16K,q2,315,0.00307464599609375
16K,q2,315,0.003088235855102539
16K,q2,315,0.0030503273010253906
16K,q2,315,0.0029730796813964844
1K,q2,3,0.004402875900268555
1K,q2,3,0.002943754196166992
1K,q2,3,0.004418373107910156
1K,q2,3,0.004163503646850586
1K,q2,3,0.0040264129638671875
1K,q2,1,0.006499052047729492
1K,q2,1,0.0033812522888183594
1K,q2,1,0.005032777786254883
1K,q2,1,0.004596233367919922
1K,q2,1,0.004756450653076172
1K,q2,8,0.006661653518676758
1K,q2,8,0.005137920379638672
1K,q2,8,0.012135744094848633
1K,q2,8,0.0049130916595458984
1K,q2,8,0.0038602352142333984
1K,q2,3,0.004038572311401367
1K,q2,3,0.004273653030395508
1K,q2,3,0.0036389827728271484
1K,q2,3,0.0042688846588134766
1K,q2,3,0.003720521926879883
1K,q2,19,0.005663394927978516
1K,q2,19,0.003843069076538086
1K,q2,19,0.003945350646972656
1K,q2,19,0.0036706924438476562
1K,q2,19,0.0037772655487060547
1K,q2,10,0.005339860916137695
1K,q2,10,0.003590822219848633
1K,q2,10,0.0034148693084716797
1K,q2,10,0.00360107421875
1K,q2,10,0.0035011768341064453
1K,q2,21,0.004853963851928711
1K,q2,21,0.003450632095336914
1K,q2,21,0.003401517868041992
1K,q2,21,0.003406524658203125
1K,q2,21,0.0032036304473876953
1K,q2,16,0.004782915115356445
1K,q2,16,0.0033195018768310547
1K,q2,16,0.003220081329345703
1K,q2,16,0.0031096935272216797
1K,q2,16,0.0029516220092773438
1K,q2,14,0.00709843635559082
1K,q2,14,0.004214763641357422
1K,q2,14,0.00439453125
1K,q2,14,0.004008054733276367
1K,q2,14,0.004082679748535156
1K,q2,1,0.0043337345123291016
1K,q2,1,0.004872322082519531
1K,q2,1,0.00506138801574707
1K,q2,1,0.004766225814819336
1K,q2,1,0.002984285354614258
1K,q2,3,0.004072427749633789
1K,q2,3,0.003073453903198242
1K,q2,3,0.0042383670806884766
1K,q2,3,0.004245281219482422
1K,q2,3,0.00464177131652832
1K,q2,20,0.007502555847167969
1K,q2,20,0.004400491714477539
1K,q2,20,0.00453495979309082
1K,q2,20,0.004561185836791992
1K,q2,20,0.005342721939086914
1K,q2,4,0.007476329803466797
1K,q2,4,0.0048182010650634766
1K,q2,4,0.004541158676147461
1K,q2,4,0.004060983657836914
1K,q2,4,0.004031658172607422
1K,q2,12,0.0057027339935302734
1K,q2,12,0.0033414363861083984
1K,q2,12,0.00470423698425293
1K,q2,12,0.004972219467163086
1K,q2,12,0.004334211349487305
1K,q2,12,0.0042400360107421875
1K,q2,12,0.0040929317474365234
1K,q2,12,0.004230022430419922
1K,q2,12,0.004268169403076172
1K,q2,12,0.011032342910766602
1K,q2,7,0.006852388381958008
1K,q2,7,0.0047762393951416016
1K,q2,7,0.005094766616821289
1K,q2,7,0.0042531490325927734
1K,q2,7,0.002810239791870117
1K,q2,16,0.003954410552978516
1K,q2,16,0.004122734069824219
1K,q2,16,0.0027704238891601562
1K,q2,16,0.0028252601623535156
1K,q2,16,0.0028791427612304688
1K,q2,19,0.002849102020263672
1K,q2,19,0.0027632713317871094
1K,q2,19,0.0028328895568847656
1K,q2,19,0.0039103031158447266
1K,q2,19,0.0038988590240478516
1K,q2,9,0.0062541961669921875
1K,q2,9,0.004211902618408203
1K,q2,9,0.004880189895629883
1K,q2,9,0.0048923492431640625
1K,q2,9,0.005294084548950195
1K,q2,10,0.005299091339111328
1K,q2,10,0.00495600700378418
1K,q2,10,0.00500941276550293
1K,q2,10,0.004700660705566406
1K,q2,10,0.0053904056549072266
4K,q5,3769,0.03435969352722168
4K,q5,3769,0.017703771591186523
4K,q5,3769,0.016131162643432617
4K,q5,3769,0.01139068603515625
4K,q5,3769,0.020815134048461914
4K,q5,412,0.03393721580505371
4K,q5,412,0.017001628875732422
4K,q5,412,0.010267972946166992
4K,q5,412,0.010798931121826172
4K,q5,412,0.010883808135986328
4K,q5,184,0.019745826721191406
4K,q5,184,0.011692523956298828
4K,q5,184,0.02014446258544922
4K,q5,184,0.021006107330322266
4K,q5,184,0.018931865692138672
4K,q5,2992,0.030308961868286133
4K,q5,2992,0.015402078628540039
4K,q5,2992,0.016005277633666992
4K,q5,2992,0.015163183212280273
4K,q5,2992,0.019764184951782227
4K,q5,3216,0.018358707427978516
4K,q5,3216,0.016397714614868164
4K,q5,3216,0.014854669570922852
4K,q5,3216,0.015450716018676758
4K,q5,3216,0.014476776123046875
4K,q5,1959,0.02437281608581543
4K,q5,1959,0.013535261154174805
4K,q5,1959,0.013175725936889648
4K,q5,1959,0.019561290740966797
4K,q5,1959,0.020063400268554688
4K,q5,783,0.033606529235839844
4K,q5,783,0.016510009765625
4K,q5,783,0.01672530174255371
4K,q5,783,0.020404338836669922
4K,q5,783,0.019242048263549805
4K,q5,722,0.029546737670898438
4K,q5,722,0.020808696746826172
4K,q5,722,0.02190423011779785
4K,q5,722,0.0245358943939209
4K,q5,722,0.01741337776184082
4K,q5,2271,0.030821561813354492
4K,q5,2271,0.024933576583862305
4K,q5,2271,0.016536235809326172
4K,q5,2271,0.016491174697875977
4K,q5,2271,0.015396356582641602
4K,q5,2025,0.028348922729492188
4K,q5,2025,0.01413583755493164
4K,q5,2025,0.013348579406738281
4K,q5,2025,0.018702030181884766
4K,q5,2025,0.016968727111816406
4K,q5,3844,0.02334451675415039
4K,q5,3844,0.012335062026977539
4K,q5,3844,0.01215672492980957
4K,q5,3844,0.011495828628540039
4K,q5,3844,0.010384798049926758
4K,q5,2337,0.018569231033325195
4K,q5,2337,0.010177373886108398
4K,q5,2337,0.010436773300170898
4K,q5,2337,0.011413812637329102
4K,q5,2337,0.01129007339477539
4K,q5,1420,0.011518716812133789
4K,q5,1420,0.015929698944091797
4K,q5,1420,0.010921478271484375
4K,q5,1420,0.01107478141784668
4K,q5,1420,0.02010631561279297
4K,q5,2219,0.03533625602722168
4K,q5,2219,0.021381139755249023
4K,q5,2219,0.01997089385986328
4K,q5,2219,0.018361568450927734
4K,q5,2219,0.016507625579833984
4K,q5,2426,0.02164745330810547
4K,q5,2426,0.019427061080932617
4K,q5,2426,0.01858043670654297
4K,q5,2426,0.0215911865234375
4K,q5,2426,0.019019126892089844
4K,q5,420,0.01728367805480957
4K,q5,420,0.01564621925354004
4K,q5,420,0.014477729797363281
4K,q5,420,0.014627695083618164
4K,q5,420,0.021086692810058594
4K,q5,179,0.018677949905395508
4K,q5,179,0.016520023345947266
4K,q5,179,0.016055822372436523
4K,q5,179,0.014984846115112305
4K,q5,179,0.014231443405151367
4K,q5,1774,0.02397918701171875
4K,q5,1774,0.012445926666259766
4K,q5,1774,0.011906147003173828
4K,q5,1774,0.011341571807861328
4K,q5,1774,0.010355472564697266
4K,q5,1252,0.019111156463623047
4K,q5,1252,0.011580705642700195
4K,q5,1252,0.011156082153320312
4K,q5,1252,0.010848045349121094
4K,q5,1252,0.012473583221435547
4K,q5,1131,0.03379058837890625
4K,q5,1131,0.016241788864135742
4K,q5,1131,0.0152130126953125
4K,q5,1131,0.014669656753540039
4K,q5,1131,0.013124942779541016
2K,q5,1843,0.02208685874938965
2K,q5,1843,0.011490821838378906
2K,q5,1843,0.010800361633300781
2K,q5,1843,0.01099705696105957
2K,q5,1843,0.010728836059570312
2K,q5,206,0.02004075050354004
2K,q5,206,0.011453390121459961
2K,q5,206,0.010584115982055664
2K,q5,206,0.010799884796142578
2K,q5,206,0.010768651962280273
2K,q5,1071,0.019520044326782227
2K,q5,1071,0.011078834533691406
2K,q5,1071,0.012206315994262695
2K,q5,1071,0.011330842971801758
2K,q5,1071,0.011195659637451172
2K,q5,1789,0.018953561782836914
2K,q5,1789,0.010814428329467773
2K,q5,1789,0.010823726654052734
2K,q5,1789,0.011038780212402344
2K,q5,1789,0.011254549026489258
2K,q5,1757,0.02012944221496582
2K,q5,1757,0.010790109634399414
2K,q5,1757,0.011420011520385742
2K,q5,1757,0.012276887893676758
2K,q5,1757,0.011457681655883789
2K,q5,1606,0.01980900764465332
2K,q5,1606,0.01042938232421875
2K,q5,1606,0.010444164276123047
2K,q5,1606,0.011132478713989258
2K,q5,1606,0.010760784149169922
2K,q5,1490,0.01956009864807129
2K,q5,1490,0.011328697204589844
2K,q5,1490,0.010850191116333008
2K,q5,1490,0.010757207870483398
2K,q5,1490,0.012170791625976562
2K,q5,1685,0.018913984298706055
2K,q5,1685,0.011331796646118164
2K,q5,1685,0.01063227653503418
2K,q5,1685,0.010758399963378906
2K,q5,1685,0.01134037971496582
2K,q5,538,0.01862812042236328
2K,q5,538,0.010831594467163086
2K,q5,538,0.02417755126953125
2K,q5,538,0.011918306350708008
2K,q5,538,0.011698007583618164
2K,q5,853,0.019214153289794922
2K,q5,853,0.011375188827514648
2K,q5,853,0.011055946350097656
2K,q5,853,0.011330127716064453
2K,q5,853,0.011658668518066406
2K,q5,341,0.01151585578918457
2K,q5,341,0.011050224304199219
2K,q5,341,0.011039257049560547
2K,q5,341,0.01112675666809082
2K,q5,341,0.011218070983886719
2K,q5,1410,0.018727779388427734
2K,q5,1410,0.011032819747924805
2K,q5,1410,0.010783195495605469
2K,q5,1410,0.01092386245727539
2K,q5,1410,0.0114898681640625
2K,q5,1140,0.01949763298034668
2K,q5,1140,0.011928558349609375
2K,q5,1140,0.011416912078857422
2K,q5,1140,0.011745929718017578
2K,q5,1140,0.01070094108581543
2K,q5,730,0.018955230712890625
2K,q5,730,0.011729240417480469
2K,q5,730,0.011270523071289062
2K,q5,730,0.011409282684326172
2K,q5,730,0.011166095733642578
2K,q5,1700,0.019303321838378906
2K,q5,1700,0.010844230651855469
2K,q5,1700,0.011277198791503906
2K,q5,1700,0.010761499404907227
2K,q5,1700,0.011232852935791016
2K,q5,266,0.01921224594116211
2K,q5,266,0.011176586151123047
2K,q5,266,0.010910272598266602
2K,q5,266,0.010914325714111328
2K,q5,266,0.02624368667602539
2K,q5,811,0.03305840492248535
2K,q5,811,0.015962600708007812
2K,q5,811,0.013040781021118164
2K,q5,811,0.012514591217041016
2K,q5,811,0.01171112060546875
2K,q5,1570,0.019311904907226562
2K,q5,1570,0.01067805290222168
2K,q5,1570,0.010489940643310547
2K,q5,1570,0.010618209838867188
2K,q5,1570,0.010618448257446289
2K,q5,1813,0.01076364517211914
2K,q5,1813,0.010384321212768555
2K,q5,1813,0.010574102401733398
2K,q5,1813,0.01061701774597168
2K,q5,1813,0.010472536087036133
2K,q5,737,0.010689258575439453
2K,q5,737,0.011426925659179688
2K,q5,737,0.010491609573364258
2K,q5,737,0.010370492935180664
2K,q5,737,0.010414838790893555
8K,q5,7986,0.019034624099731445
8K,q5,7986,0.010290145874023438
8K,q5,7986,0.010286092758178711
8K,q5,7986,0.010376691818237305
8K,q5,7986,0.01046299934387207
8K,q5,3519,0.018741130828857422
8K,q5,3519,0.010589838027954102
8K,q5,3519,0.01044607162475586
8K,q5,3519,0.01049041748046875
8K,q5,3519,0.010353565216064453
8K,q5,1657,0.018494606018066406
8K,q5,1657,0.010459184646606445
8K,q5,1657,0.010112762451171875
8K,q5,1657,0.010432004928588867
8K,q5,1657,0.010426521301269531
8K,q5,2552,0.010541915893554688
8K,q5,2552,0.010471343994140625
8K,q5,2552,0.01041722297668457
8K,q5,2552,0.010338783264160156
8K,q5,2552,0.010156393051147461
8K,q5,7006,0.018147945404052734
8K,q5,7006,0.010449886322021484
8K,q5,7006,0.010712146759033203
8K,q5,7006,0.010770320892333984
8K,q5,7006,0.010458230972290039
8K,q5,981,0.018467187881469727
8K,q5,981,0.01032400131225586
8K,q5,981,0.010202646255493164
8K,q5,981,0.010359764099121094
8K,q5,981,0.010545730590820312
8K,q5,2189,0.01864147186279297
8K,q5,2189,0.010489702224731445
8K,q5,2189,0.01054072380065918
8K,q5,2189,0.010043621063232422
8K,q5,2189,0.010568857192993164
8K,q5,1696,0.019457340240478516
8K,q5,1696,0.01067209243774414
8K,q5,1696,0.010526180267333984
8K,q5,1696,0.010582208633422852
8K,q5,1696,0.010600566864013672
8K,q5,6506,0.018260955810546875
8K,q5,6506,0.010596513748168945
8K,q5,6506,0.010123729705810547
8K,q5,6506,0.01021885871887207
8K,q5,6506,0.010909318923950195
8K,q5,5231,0.019212007522583008
8K,q5,5231,0.010520696640014648
8K,q5,5231,0.010225057601928711
8K,q5,5231,0.010324478149414062
8K,q5,5231,0.010603904724121094
8K,q5,1652,0.018768787384033203
8K,q5,1652,0.010374307632446289
8K,q5,1652,0.010404825210571289
8K,q5,1652,0.010429143905639648
8K,q5,1652,0.010367155075073242
8K,q5,3162,0.028407812118530273
8K,q5,3162,0.01122426986694336
8K,q5,3162,0.011098384857177734
8K,q5,3162,0.010303497314453125
8K,q5,3162,0.010399818420410156
8K,q5,5117,0.01874828338623047
8K,q5,5117,0.010476112365722656
8K,q5,5117,0.01013326644897461
8K,q5,5117,0.01031184196472168
8K,q5,5117,0.010509490966796875
8K,q5,805,0.018047332763671875
8K,q5,805,0.010496377944946289
8K,q5,805,0.010551691055297852
8K,q5,805,0.010804176330566406
8K,q5,805,0.010512590408325195
8K,q5,3644,0.01927471160888672
8K,q5,3644,0.010700702667236328
8K,q5,3644,0.010397911071777344
8K,q5,3644,0.010844707489013672
8K,q5,3644,0.011111736297607422
8K,q5,4329,0.018785476684570312
8K,q5,4329,0.010486125946044922
8K,q5,4329,0.010400533676147461
8K,q5,4329,0.010610103607177734
8K,q5,4329,0.01047515869140625
8K,q5,1985,0.01036691665649414
8K,q5,1985,0.010591506958007812
8K,q5,1985,0.010484933853149414
8K,q5,1985,0.010503292083740234
8K,q5,1985,0.009764432907104492
8K,q5,7680,0.018129825592041016
8K,q5,7680,0.01057744026184082
8K,q5,7680,0.010445594787597656
8K,q5,7680,0.010484695434570312
8K,q5,7680,0.01051950454711914
8K,q5,7526,0.018712997436523438
8K,q5,7526,0.010412216186523438
8K,q5,7526,0.010338783264160156
8K,q5,7526,0.010045766830444336
8K,q5,7526,0.010298490524291992
8K,q5,2519,0.018924236297607422
8K,q5,2519,0.010503292083740234
8K,q5,2519,0.0104522705078125
8K,q5,2519,0.010401725769042969
8K,q5,2519,0.010413646697998047
16K,q5,4841,0.019436359405517578
16K,q5,4841,0.010663270950317383
16K,q5,4841,0.010590791702270508
16K,q5,4841,0.010267019271850586
16K,q5,4841,0.01007080078125
16K,q5,9959,0.018628597259521484
16K,q5,9959,0.010405540466308594
16K,q5,9959,0.010535001754760742
16K,q5,9959,0.010125160217285156
16K,q5,9959,0.010191917419433594
16K,q5,15701,0.019256114959716797
16K,q5,15701,0.010613203048706055
16K,q5,15701,0.010701417922973633
16K,q5,15701,0.01091623306274414
16K,q5,15701,0.010772705078125
16K,q5,12789,0.018332719802856445
16K,q5,12789,0.0101776123046875
16K,q5,12789,0.00986790657043457
16K,q5,12789,0.010282754898071289
16K,q5,12789,0.010837078094482422
16K,q5,12450,0.018584728240966797
16K,q5,12450,0.010323524475097656
16K,q5,12450,0.010772466659545898
16K,q5,12450,0.010378837585449219
16K,q5,12450,0.01001429557800293
16K,q5,10294,0.010154008865356445
16K,q5,10294,0.01027059555053711
16K,q5,10294,0.010306119918823242
16K,q5,10294,0.010466814041137695
16K,q5,10294,0.010755062103271484
16K,q5,9101,0.010546445846557617
16K,q5,9101,0.010475397109985352
16K,q5,9101,0.010346174240112305
16K,q5,9101,0.010135173797607422
16K,q5,9101,0.010126352310180664
16K,q5,10724,0.019103527069091797
16K,q5,10724,0.011004447937011719
16K,q5,10724,0.01141214370727539
16K,q5,10724,0.0110931396484375
16K,q5,10724,0.01110386848449707
16K,q5,12259,0.018830060958862305
16K,q5,12259,0.010578155517578125
16K,q5,12259,0.010322093963623047
16K,q5,12259,0.010280132293701172
16K,q5,12259,0.010482311248779297
16K,q5,12202,0.01909613609313965
16K,q5,12202,0.010870933532714844
16K,q5,12202,0.010788202285766602
16K,q5,12202,0.010699987411499023
16K,q5,12202,0.010633707046508789
16K,q5,15497,0.011484861373901367
16K,q5,15497,0.011061429977416992
16K,q5,15497,0.010950803756713867
16K,q5,15497,0.01129007339477539
16K,q5,15497,0.010637044906616211
16K,q5,3587,0.019073486328125
16K,q5,3587,0.022649765014648438
16K,q5,3587,0.019964218139648438
16K,q5,3587,0.018001079559326172
16K,q5,3587,0.015472888946533203
16K,q5,1514,0.011187314987182617
16K,q5,1514,0.011012077331542969
16K,q5,1514,0.011007308959960938
16K,q5,1514,0.010632038116455078
16K,q5,1514,0.010695219039916992
16K,q5,11047,0.020447969436645508
16K,q5,11047,0.0191957950592041
16K,q5,11047,0.011171102523803711
16K,q5,11047,0.010537385940551758
16K,q5,11047,0.018204927444458008
16K,q5,1044,0.031184911727905273
16K,q5,1044,0.01081228256225586
16K,q5,1044,0.010756254196166992
16K,q5,1044,0.010988235473632812
16K,q5,1044,0.011374473571777344
16K,q5,10245,0.018505334854125977
16K,q5,10245,0.010291337966918945
16K,q5,10245,0.010076045989990234
16K,q5,10245,0.010593891143798828
16K,q5,10245,0.010178089141845703
16K,q5,10200,0.019025564193725586
16K,q5,10200,0.011281967163085938
16K,q5,10200,0.010765790939331055
16K,q5,10200,0.01085662841796875
16K,q5,10200,0.010879278182983398
16K,q5,11893,0.01096487045288086
16K,q5,11893,0.010493040084838867
16K,q5,11893,0.010929107666015625
16K,q5,11893,0.010816097259521484
16K,q5,11893,0.010953426361083984
16K,q5,13842,0.01946258544921875
16K,q5,13842,0.01123666763305664
16K,q5,13842,0.01158595085144043
16K,q5,13842,0.011337995529174805
16K,q5,13842,0.010987520217895508
16K,q5,1479,0.019586801528930664
16K,q5,1479,0.010724544525146484
16K,q5,1479,0.011155366897583008
16K,q5,1479,0.011484146118164062
16K,q5,1479,0.011322021484375
1K,q5,48,0.020218610763549805
1K,q5,48,0.011260509490966797
1K,q5,48,0.011141538619995117
1K,q5,48,0.011159420013427734
1K,q5,48,0.011186838150024414
1K,q5,7,0.03788447380065918
1K,q5,7,0.01882457733154297
1K,q5,7,0.018837928771972656
1K,q5,7,0.016965150833129883
1K,q5,7,0.015552520751953125
1K,q5,52,0.026413679122924805
1K,q5,52,0.014174699783325195
1K,q5,52,0.01339268684387207
1K,q5,52,0.013592720031738281
1K,q5,52,0.012690067291259766
1K,q5,19,0.01908278465270996
1K,q5,19,0.01923346519470215
1K,q5,19,0.0177154541015625
1K,q5,19,0.01648116111755371
1K,q5,19,0.019381999969482422
1K,q5,27,0.031206846237182617
1K,q5,27,0.02050042152404785
1K,q5,27,0.019141674041748047
1K,q5,27,0.01759624481201172
1K,q5,27,0.017580747604370117
1K,q5,34,0.027800321578979492
1K,q5,34,0.014188766479492188
1K,q5,34,0.01445150375366211
1K,q5,34,0.014268159866333008
1K,q5,34,0.013576745986938477
1K,q5,62,0.025236129760742188
1K,q5,62,0.018407344818115234
1K,q5,62,0.012584447860717773
1K,q5,62,0.013356447219848633
1K,q5,62,0.01309347152709961
1K,q5,16,0.02170419692993164
1K,q5,16,0.012088298797607422
1K,q5,16,0.011940717697143555
1K,q5,16,0.011154890060424805
1K,q5,16,0.011831998825073242
1K,q5,61,0.03461098670959473
1K,q5,61,0.01652240753173828
1K,q5,61,0.014992237091064453
1K,q5,61,0.014607667922973633
1K,q5,61,0.013998985290527344
1K,q5,86,0.023845672607421875
1K,q5,86,0.01947951316833496
1K,q5,86,0.02001500129699707
1K,q5,86,0.020639657974243164
1K,q5,86,0.01859450340270996
1K,q5,51,0.02778339385986328
1K,q5,51,0.01817607879638672
1K,q5,51,0.01685357093811035
1K,q5,51,0.02110433578491211
1K,q5,51,0.019680261611938477
1K,q5,33,0.03554034233093262
1K,q5,33,0.017455339431762695
1K,q5,33,0.01583576202392578
1K,q5,33,0.014480113983154297
1K,q5,33,0.013933897018432617
1K,q5,50,0.03419232368469238
1K,q5,50,0.016644001007080078
1K,q5,50,0.015804290771484375
1K,q5,50,0.015262842178344727
1K,q5,50,0.01404714584350586
1K,q5,41,0.03686714172363281
1K,q5,41,0.02249455451965332
1K,q5,41,0.01903223991394043
1K,q5,41,0.017093181610107422
1K,q5,41,0.01625227928161621
1K,q5,85,0.015754222869873047
1K,q5,85,0.01447153091430664
1K,q5,85,0.01969742774963379
1K,q5,85,0.017637252807617188
1K,q5,85,0.02222132682800293
1K,q5,30,0.03585481643676758
1K,q5,30,0.017034053802490234
1K,q5,30,0.015778541564941406
1K,q5,30,0.015919923782348633
1K,q5,30,0.015207767486572266
1K,q5,9,0.03369307518005371
1K,q5,9,0.016592025756835938
1K,q5,9,0.01552724838256836
1K,q5,9,0.018639564514160156
1K,q5,9,0.01774287223815918
1K,q5,64,0.02878260612487793
1K,q5,64,0.015386819839477539
1K,q5,64,0.014037609100341797
1K,q5,64,0.013187170028686523
1K,q5,64,0.013037443161010742
1K,q5,71,0.021048307418823242
1K,q5,71,0.02033519744873047
1K,q5,71,0.018159151077270508
1K,q5,71,0.01217961311340332
1K,q5,71,0.020229816436767578
1K,q5,72,0.032041072845458984
1K,q5,72,0.01570725440979004
1K,q5,72,0.014087677001953125
1K,q5,72,0.013228416442871094
1K,q5,72,0.018941402435302734
4K,q1,53167,0.1099860668182373
4K,q1,53167,0.04046201705932617
4K,q1,53167,0.03863811492919922
4K,q1,53167,0.0642704963684082
4K,q1,53167,0.059619903564453125
4K,q1,34685,0.10331034660339355
4K,q1,34685,0.06665682792663574
4K,q1,34685,0.03806567192077637
4K,q1,34685,0.06208229064941406
4K,q1,34685,0.0402224063873291
4K,q1,17526,0.07454943656921387
4K,q1,17526,0.0377049446105957
4K,q1,17526,0.03729414939880371
4K,q1,17526,0.06670975685119629
4K,q1,17526,0.059700727462768555
4K,q1,37476,0.08968973159790039
4K,q1,37476,0.036661624908447266
4K,q1,37476,0.05773019790649414
4K,q1,37476,0.061379194259643555
4K,q1,37476,0.04875993728637695
4K,q1,24778,0.0745244026184082
4K,q1,24778,0.03942227363586426
4K,q1,24778,0.03784656524658203
4K,q1,24778,0.03749728202819824
4K,q1,24778,0.037909746170043945
4K,q1,15916,0.07136011123657227
4K,q1,15916,0.036685943603515625
4K,q1,15916,0.039138078689575195
4K,q1,15916,0.06250596046447754
4K,q1,15916,0.04812955856323242
4K,q1,6867,0.07477402687072754
4K,q1,6867,0.03644132614135742
4K,q1,6867,0.03708982467651367
4K,q1,6867,0.06433677673339844
4K,q1,6867,0.049576759338378906
4K,q1,74073,0.07628011703491211
4K,q1,74073,0.06649947166442871
4K,q1,74073,0.04985213279724121
4K,q1,74073,0.0466761589050293
4K,q1,74073,0.0422515869140625
4K,q1,4814,0.0749814510345459
4K,q1,4814,0.03793811798095703
4K,q1,4814,0.03799033164978027
4K,q1,4814,0.03813767433166504
4K,q1,4814,0.037873268127441406
4K,q1,44035,0.06963324546813965
4K,q1,44035,0.038010358810424805
4K,q1,44035,0.037326812744140625
4K,q1,44035,0.03613638877868652
4K,q1,44035,0.03681778907775879
4K,q1,22098,0.0713961124420166
4K,q1,22098,0.06751394271850586
4K,q1,22098,0.05243730545043945
4K,q1,22098,0.04249691963195801
4K,q1,22098,0.044801950454711914
4K,q1,73599,0.07007431983947754
4K,q1,73599,0.03807711601257324
4K,q1,73599,0.03789162635803223
4K,q1,73599,0.038543701171875
4K,q1,73599,0.03803563117980957
4K,q1,28362,0.07410001754760742
4K,q1,28362,0.03923344612121582
4K,q1,28362,0.03760027885437012
4K,q1,28362,0.03943634033203125
4K,q1,28362,0.03934121131896973
4K,q1,41067,0.07039499282836914
4K,q1,41067,0.03368782997131348
4K,q1,41067,0.03601336479187012
4K,q1,41067,0.0373835563659668
4K,q1,41067,0.03742527961730957
4K,q1,17761,0.11334705352783203
4K,q1,17761,0.06694626808166504
4K,q1,17761,0.050504207611083984
4K,q1,17761,0.0422208309173584
4K,q1,17761,0.06542491912841797
4K,q1,78214,0.09156918525695801
4K,q1,78214,0.06883811950683594
4K,q1,78214,0.05094552040100098
4K,q1,78214,0.0434114933013916
4K,q1,78214,0.0692589282989502
4K,q1,39313,0.09126162528991699
4K,q1,39313,0.03956031799316406
4K,q1,39313,0.03824901580810547
4K,q1,39313,0.03715109825134277
4K,q1,39313,0.03789162635803223
4K,q1,63001,0.07323360443115234
4K,q1,63001,0.038739681243896484
4K,q1,63001,0.0638890266418457
4K,q1,63001,0.06318521499633789
4K,q1,63001,0.04791545867919922
4K,q1,20918,0.0731649398803711
4K,q1,20918,0.037799835205078125
4K,q1,20918,0.03849673271179199
4K,q1,20918,0.03907179832458496
4K,q1,20918,0.03729844093322754
4K,q1,2169,0.07354259490966797
4K,q1,2169,0.06235766410827637
4K,q1,2169,0.05391836166381836
4K,q1,2169,0.04378032684326172
4K,q1,2169,0.03922247886657715
2K,q1,16321,0.07257747650146484
2K,q1,16321,0.07097434997558594
2K,q1,16321,0.05201244354248047
2K,q1,16321,0.04516792297363281
2K,q1,16321,0.03970479965209961
2K,q1,14730,0.09781908988952637
2K,q1,14730,0.05199098587036133
2K,q1,14730,0.04652905464172363
2K,q1,14730,0.07043004035949707
2K,q1,14730,0.0540316104888916
2K,q1,7535,0.0809774398803711
2K,q1,7535,0.04282569885253906
2K,q1,7535,0.03797459602355957
2K,q1,7535,0.061974287033081055
2K,q1,7535,0.049942970275878906
2K,q1,6515,0.11208796501159668
2K,q1,6515,0.06636595726013184
2K,q1,6515,0.0595240592956543
2K,q1,6515,0.04358530044555664
2K,q1,6515,0.03816866874694824
2K,q1,471,0.07199716567993164
2K,q1,471,0.03999066352844238
2K,q1,471,0.04071497917175293
2K,q1,471,0.0393984317779541
2K,q1,471,0.03869938850402832
2K,q1,12158,0.07197451591491699
2K,q1,12158,0.04108619689941406
2K,q1,12158,0.03822159767150879
2K,q1,12158,0.03830766677856445
2K,q1,12158,0.037964820861816406
2K,q1,21888,0.0731511116027832
2K,q1,21888,0.06801962852478027
2K,q1,21888,0.05291938781738281
2K,q1,21888,0.0465853214263916
2K,q1,21888,0.03880000114440918
2K,q1,19306,0.07550764083862305
2K,q1,19306,0.04047441482543945
2K,q1,19306,0.037947893142700195
2K,q1,19306,0.03800177574157715
2K,q1,19306,0.0367276668548584
2K,q1,39223,0.07165360450744629
2K,q1,39223,0.03766131401062012
2K,q1,39223,0.037186384201049805
2K,q1,39223,0.037344932556152344
2K,q1,39223,0.03904318809509277
2K,q1,1701,0.07100868225097656
2K,q1,1701,0.0389714241027832
2K,q1,1701,0.03799748420715332
2K,q1,1701,0.03841567039489746
2K,q1,1701,0.038099050521850586
2K,q1,14004,0.07186675071716309
2K,q1,14004,0.037125587463378906
2K,q1,14004,0.04001951217651367
2K,q1,14004,0.041086435317993164
2K,q1,14004,0.040579795837402344
2K,q1,2178,0.0753324031829834
2K,q1,2178,0.06844305992126465
2K,q1,2178,0.05304384231567383
2K,q1,2178,0.04437565803527832
2K,q1,2178,0.037111520767211914
2K,q1,17939,0.13384389877319336
2K,q1,17939,0.06974315643310547
2K,q1,17939,0.05630850791931152
2K,q1,17939,0.043648481369018555
2K,q1,17939,0.06339120864868164
2K,q1,12736,0.09196591377258301
2K,q1,12736,0.0409855842590332
2K,q1,12736,0.03860640525817871
2K,q1,12736,0.03828024864196777
2K,q1,12736,0.038317203521728516
2K,q1,17014,0.07694554328918457
2K,q1,17014,0.0390324592590332
2K,q1,17014,0.06349444389343262
2K,q1,17014,0.05051159858703613
2K,q1,17014,0.04411458969116211
2K,q1,25321,0.07619380950927734
2K,q1,25321,0.03833317756652832
2K,q1,25321,0.03674125671386719
2K,q1,25321,0.03810691833496094
2K,q1,25321,0.03827404975891113
2K,q1,2605,0.07759499549865723
2K,q1,2605,0.04028725624084473
2K,q1,2605,0.03556537628173828
2K,q1,2605,0.038489341735839844
2K,q1,2605,0.038617849349975586
2K,q1,5574,0.07286643981933594
2K,q1,5574,0.038112640380859375
2K,q1,5574,0.06599068641662598
2K,q1,5574,0.04883980751037598
2K,q1,5574,0.04117536544799805
2K,q1,32750,0.0735321044921875
2K,q1,32750,0.03820204734802246
2K,q1,32750,0.03734779357910156
2K,q1,32750,0.03835296630859375
2K,q1,32750,0.03931617736816406
2K,q1,19001,0.07271170616149902
2K,q1,19001,0.0409853458404541
2K,q1,19001,0.04021120071411133
2K,q1,19001,0.03603506088256836
2K,q1,19001,0.03666186332702637
8K,q1,106369,0.07378888130187988
8K,q1,106369,0.03944563865661621
8K,q1,106369,0.03994345664978027
8K,q1,106369,0.039304494857788086
8K,q1,106369,0.038718461990356445
8K,q1,4965,0.0717933177947998
8K,q1,4965,0.04369783401489258
8K,q1,4965,0.03785204887390137
8K,q1,4965,0.03702831268310547
8K,q1,4965,0.038532257080078125
8K,q1,135431,0.07410383224487305
8K,q1,135431,0.040703535079956055
8K,q1,135431,0.0398707389831543
8K,q1,135431,0.039011240005493164
8K,q1,135431,0.06426382064819336
8K,q1,85249,0.08916306495666504
8K,q1,85249,0.03875160217285156
8K,q1,85249,0.039507150650024414
8K,q1,85249,0.03852963447570801
8K,q1,85249,0.03759288787841797
8K,q1,14143,0.07320666313171387
8K,q1,14143,0.03887510299682617
8K,q1,14143,0.0383756160736084
8K,q1,14143,0.064605712890625
8K,q1,14143,0.05125284194946289
8K,q1,38692,0.08464694023132324
8K,q1,38692,0.038649797439575195
8K,q1,38692,0.039399147033691406
8K,q1,38692,0.03941798210144043
8K,q1,38692,0.03986096382141113
8K,q1,133927,0.11635637283325195
8K,q1,133927,0.06689190864562988
8K,q1,133927,0.06547164916992188
8K,q1,133927,0.050699472427368164
8K,q1,133927,0.06663775444030762
8K,q1,28927,0.09295392036437988
8K,q1,28927,0.03771686553955078
8K,q1,28927,0.03562664985656738
8K,q1,28927,0.03824639320373535
8K,q1,28927,0.03835630416870117
8K,q1,154385,0.1133873462677002
8K,q1,154385,0.04359555244445801
8K,q1,154385,0.04053544998168945
8K,q1,154385,0.07824897766113281
8K,q1,154385,0.06668400764465332
8K,q1,106907,0.08988547325134277
8K,q1,106907,0.03932309150695801
8K,q1,106907,0.03716135025024414
8K,q1,106907,0.03644847869873047
8K,q1,106907,0.03940892219543457
8K,q1,5894,0.07470226287841797
8K,q1,5894,0.06852149963378906
8K,q1,5894,0.05067753791809082
8K,q1,5894,0.042630910873413086
8K,q1,5894,0.03882241249084473
8K,q1,31370,0.07026815414428711
8K,q1,31370,0.03804326057434082
8K,q1,31370,0.038118839263916016
8K,q1,31370,0.03656482696533203
8K,q1,31370,0.06444025039672852
8K,q1,91837,0.08984375
8K,q1,91837,0.03774571418762207
8K,q1,91837,0.03812432289123535
8K,q1,91837,0.03897976875305176
8K,q1,91837,0.03662586212158203
8K,q1,89045,0.07259774208068848
8K,q1,89045,0.03997159004211426
8K,q1,89045,0.0387723445892334
8K,q1,89045,0.06467103958129883
8K,q1,89045,0.05119132995605469
8K,q1,21494,0.07769227027893066
8K,q1,21494,0.038303375244140625
8K,q1,21494,0.038246870040893555
8K,q1,21494,0.03737354278564453
8K,q1,21494,0.038280487060546875
8K,q1,86879,0.07103180885314941
8K,q1,86879,0.039295196533203125
8K,q1,86879,0.03768730163574219
8K,q1,86879,0.03779959678649902
8K,q1,86879,0.03769254684448242
8K,q1,21782,0.07280182838439941
8K,q1,21782,0.03740048408508301
8K,q1,21782,0.03843426704406738
8K,q1,21782,0.03869318962097168
8K,q1,21782,0.04682803153991699
8K,q1,97704,0.11864399909973145
8K,q1,97704,0.04278421401977539
8K,q1,97704,0.05866098403930664
8K,q1,97704,0.04702568054199219
8K,q1,97704,0.04096555709838867
8K,q1,16176,0.07214164733886719
8K,q1,16176,0.03862357139587402
8K,q1,16176,0.06639218330383301
8K,q1,16176,0.0496063232421875
8K,q1,16176,0.04049277305603027
8K,q1,6801,0.07230067253112793
8K,q1,6801,0.03819131851196289
8K,q1,6801,0.04401969909667969
8K,q1,6801,0.03847002983093262
8K,q1,6801,0.03777575492858887
16K,q1,218469,0.10831785202026367
16K,q1,218469,0.06609511375427246
16K,q1,218469,0.05042672157287598
16K,q1,218469,0.04327106475830078
16K,q1,218469,0.06581425666809082
16K,q1,203621,0.08953022956848145
16K,q1,203621,0.03943276405334473
16K,q1,203621,0.03789019584655762
16K,q1,203621,0.037274837493896484
16K,q1,203621,0.03772377967834473
16K,q1,173616,0.07412004470825195
16K,q1,173616,0.03890705108642578
16K,q1,173616,0.03791356086730957
16K,q1,173616,0.040930747985839844
16K,q1,173616,0.04084014892578125
16K,q1,67884,0.07074785232543945
16K,q1,67884,0.03811311721801758
16K,q1,67884,0.06426477432250977
16K,q1,67884,0.04934072494506836
16K,q1,67884,0.04203295707702637
16K,q1,84114,0.074676513671875
16K,q1,84114,0.039034128189086914
16K,q1,84114,0.0392451286315918
16K,q1,84114,0.039553165435791016
16K,q1,84114,0.03974628448486328
16K,q1,291850,0.07555723190307617
16K,q1,291850,0.03992652893066406
16K,q1,291850,0.04011225700378418
16K,q1,291850,0.037611961364746094
16K,q1,291850,0.06645345687866211
16K,q1,266503,0.0875251293182373
16K,q1,266503,0.037153005599975586
16K,q1,266503,0.036760568618774414
16K,q1,266503,0.07267570495605469
16K,q1,266503,0.05273771286010742
16K,q1,25818,0.07738018035888672
16K,q1,25818,0.03804159164428711
16K,q1,25818,0.06426095962524414
16K,q1,25818,0.052706241607666016
16K,q1,25818,0.051480770111083984
16K,q1,314883,0.09952044486999512
16K,q1,314883,0.039641380310058594
16K,q1,314883,0.03862953186035156
16K,q1,314883,0.0646977424621582
16K,q1,314883,0.05122232437133789
16K,q1,49254,0.07633519172668457
16K,q1,49254,0.03776979446411133
16K,q1,49254,0.03732657432556152
16K,q1,49254,0.06546950340270996
16K,q1,49254,0.05224132537841797
16K,q1,308448,0.0812685489654541
16K,q1,308448,0.03853464126586914
16K,q1,308448,0.03790020942687988
16K,q1,308448,0.03766369819641113
16K,q1,308448,0.039574623107910156
16K,q1,319757,0.07177567481994629
16K,q1,319757,0.037583351135253906
16K,q1,319757,0.037923336029052734
16K,q1,319757,0.037871360778808594
16K,q1,319757,0.03864574432373047
16K,q1,217441,0.11489558219909668
16K,q1,217441,0.0431060791015625
16K,q1,217441,0.038283586502075195
16K,q1,217441,0.03670525550842285
16K,q1,217441,0.037508249282836914
16K,q1,97241,0.07665681838989258
16K,q1,97241,0.038077354431152344
16K,q1,97241,0.038330793380737305
16K,q1,97241,0.06446385383605957
16K,q1,97241,0.05007767677307129
16K,q1,113214,0.10954785346984863
16K,q1,113214,0.04497885704040527
16K,q1,113214,0.04072117805480957
16K,q1,113214,0.040555715560913086
16K,q1,113214,0.03694891929626465
16K,q1,269583,0.0722661018371582
16K,q1,269583,0.0652010440826416
16K,q1,269583,0.06931185722351074
16K,q1,269583,0.053585052490234375
16K,q1,269583,0.04519200325012207
16K,q1,102200,0.07266068458557129
16K,q1,102200,0.06271171569824219
16K,q1,102200,0.05235099792480469
16K,q1,102200,0.04261445999145508
16K,q1,102200,0.03917360305786133
16K,q1,242732,0.037503719329833984
16K,q1,242732,0.03892374038696289
16K,q1,242732,0.038721561431884766
16K,q1,242732,0.03852987289428711
16K,q1,242732,0.038202762603759766
16K,q1,217854,0.07351326942443848
16K,q1,217854,0.03856396675109863
16K,q1,217854,0.03827786445617676
16K,q1,217854,0.03786516189575195
16K,q1,217854,0.03815484046936035
16K,q1,227239,0.07415914535522461
16K,q1,227239,0.0551455020904541
16K,q1,227239,0.06445121765136719
16K,q1,227239,0.06450200080871582
16K,q1,227239,0.04079556465148926
1K,q1,19128,0.07235503196716309
1K,q1,19128,0.03809356689453125
1K,q1,19128,0.03795742988586426
1K,q1,19128,0.0380246639251709
1K,q1,19128,0.06018424034118652
1K,q1,15729,0.08759880065917969
1K,q1,15729,0.03891897201538086
1K,q1,15729,0.038689613342285156
1K,q1,15729,0.0390629768371582
1K,q1,15729,0.03769421577453613
1K,q1,4450,0.07269454002380371
1K,q1,4450,0.0404052734375
1K,q1,4450,0.058279991149902344
1K,q1,4450,0.06855392456054688
1K,q1,4450,0.05179429054260254
1K,q1,16196,0.07731342315673828
1K,q1,16196,0.04058694839477539
1K,q1,16196,0.0373990535736084
1K,q1,16196,0.03888559341430664
1K,q1,16196,0.04012584686279297
1K,q1,10019,0.0976552963256836
1K,q1,10019,0.04021430015563965
1K,q1,10019,0.038292884826660156
1K,q1,10019,0.03640317916870117
1K,q1,10019,0.037322044372558594
1K,q1,7581,0.071441650390625
1K,q1,7581,0.03968358039855957
1K,q1,7581,0.06915092468261719
1K,q1,7581,0.05309772491455078
1K,q1,7581,0.04436087608337402
1K,q1,9007,0.07269692420959473
1K,q1,9007,0.06719613075256348
1K,q1,9007,0.07012081146240234
1K,q1,9007,0.05193161964416504
1K,q1,9007,0.039731740951538086
1K,q1,12136,0.07351970672607422
1K,q1,12136,0.039380550384521484
1K,q1,12136,0.038681745529174805
1K,q1,12136,0.06282877922058105
1K,q1,12136,0.0614776611328125
1K,q1,14967,0.10655450820922852
1K,q1,14967,0.04172992706298828
1K,q1,14967,0.03746938705444336
1K,q1,14967,0.05677437782287598
1K,q1,14967,0.0377812385559082
1K,q1,9997,0.07187986373901367
1K,q1,9997,0.04198503494262695
1K,q1,9997,0.0395510196685791
1K,q1,9997,0.03780937194824219
1K,q1,9997,0.038869619369506836
1K,q1,12476,0.13266992568969727
1K,q1,12476,0.05740046501159668
1K,q1,12476,0.04613661766052246
1K,q1,12476,0.03988075256347656
1K,q1,12476,0.03866410255432129
1K,q1,4507,0.07337045669555664
1K,q1,4507,0.03682875633239746
1K,q1,4507,0.03658914566040039
1K,q1,4507,0.038147926330566406
1K,q1,4507,0.03787827491760254
1K,q1,1264,0.07122921943664551
1K,q1,1264,0.06423020362854004
1K,q1,1264,0.04312276840209961
1K,q1,1264,0.03685903549194336
1K,q1,1264,0.037778615951538086
1K,q1,3643,0.07077789306640625
1K,q1,3643,0.06541657447814941
1K,q1,3643,0.06259441375732422
1K,q1,3643,0.05191373825073242
1K,q1,3643,0.038771629333496094
1K,q1,12519,0.07280421257019043
1K,q1,12519,0.06543993949890137
1K,q1,12519,0.057839155197143555
1K,q1,12519,0.062211036682128906
1K,q1,12519,0.06873416900634766
1K,q1,12698,0.0902247428894043
1K,q1,12698,0.0576624870300293
1K,q1,12698,0.06793045997619629
1K,q1,12698,0.05388331413269043
1K,q1,12698,0.07073569297790527
1K,q1,11004,0.09426259994506836
1K,q1,11004,0.06326866149902344
1K,q1,11004,0.040314435958862305
1K,q1,11004,0.038626909255981445
1K,q1,11004,0.03724193572998047
1K,q1,6019,0.07202553749084473
1K,q1,6019,0.06355118751525879
1K,q1,6019,0.04889392852783203
1K,q1,6019,0.03989577293395996
1K,q1,6019,0.03784513473510742
1K,q1,14892,0.11340856552124023
1K,q1,14892,0.06034731864929199
1K,q1,14892,0.04023909568786621
1K,q1,14892,0.03931307792663574
1K,q1,14892,0.037558794021606445
1K,q1,14323,0.11012840270996094
1K,q1,14323,0.042345523834228516
1K,q1,14323,0.0395355224609375
1K,q1,14323,0.038461923599243164
1K,q1,14323,0.0373837947845459
4K,q4,64166,0.09211063385009766
4K,q4,64166,0.054117679595947266
4K,q4,64166,0.04443216323852539
4K,q4,64166,0.04995012283325195
4K,q4,64166,0.0503239631652832
4K,q4,74596,0.06730341911315918
4K,q4,74596,0.0514528751373291
4K,q4,74596,0.04900479316711426
4K,q4,74596,0.030642986297607422
4K,q4,74596,0.029278039932250977
4K,q4,32999,0.0541987419128418
4K,q4,32999,0.03279232978820801
4K,q4,32999,0.028825759887695312
4K,q4,32999,0.029822587966918945
4K,q4,32999,0.02914738655090332
4K,q4,38482,0.05332779884338379
4K,q4,38482,0.02762317657470703
4K,q4,38482,0.030141592025756836
4K,q4,38482,0.02936553955078125
4K,q4,38482,0.02812814712524414
4K,q4,60611,0.052202701568603516
4K,q4,60611,0.028620004653930664
4K,q4,60611,0.029410362243652344
4K,q4,60611,0.029391765594482422
4K,q4,60611,0.028275012969970703
4K,q4,31608,0.07633256912231445
4K,q4,31608,0.04331660270690918
4K,q4,31608,0.029781103134155273
4K,q4,31608,0.028880834579467773
4K,q4,31608,0.05074310302734375
4K,q4,71406,0.07133316993713379
4K,q4,71406,0.03203153610229492
4K,q4,71406,0.02978229522705078
4K,q4,71406,0.02930617332458496
4K,q4,71406,0.029234647750854492
4K,q4,33087,0.052747249603271484
4K,q4,33087,0.029233694076538086
4K,q4,33087,0.028628110885620117
4K,q4,33087,0.027875900268554688
4K,q4,33087,0.029363632202148438
4K,q4,12869,0.05522322654724121
4K,q4,12869,0.0290830135345459
4K,q4,12869,0.02857828140258789
4K,q4,12869,0.029191255569458008
4K,q4,12869,0.02987813949584961
4K,q4,62487,0.05512261390686035
4K,q4,62487,0.0289151668548584
4K,q4,62487,0.028931379318237305
4K,q4,62487,0.029761075973510742
4K,q4,62487,0.02973461151123047
4K,q4,71071,0.056362152099609375
4K,q4,71071,0.031064271926879883
4K,q4,71071,0.029348134994506836
4K,q4,71071,0.028919696807861328
4K,q4,71071,0.028902530670166016
4K,q4,78027,0.05431675910949707
4K,q4,78027,0.042569875717163086
4K,q4,78027,0.05232572555541992
4K,q4,78027,0.041152000427246094
4K,q4,78027,0.036881208419799805
4K,q4,3013,0.05861783027648926
4K,q4,3013,0.05346226692199707
4K,q4,3013,0.04542207717895508
4K,q4,3013,0.03559160232543945
4K,q4,3013,0.030785560607910156
4K,q4,21421,0.053807735443115234
4K,q4,21421,0.030094146728515625
4K,q4,21421,0.02940225601196289
4K,q4,21421,0.029425382614135742
4K,q4,21421,0.05165672302246094
4K,q4,32541,0.07394838333129883
4K,q4,32541,0.029187917709350586
4K,q4,32541,0.02903437614440918
4K,q4,32541,0.02996063232421875
4K,q4,32541,0.030323505401611328
4K,q4,24900,0.05357933044433594
4K,q4,24900,0.029718875885009766
4K,q4,24900,0.03022599220275879
4K,q4,24900,0.05484795570373535
4K,q4,24900,0.0410466194152832
4K,q4,51291,0.06808280944824219
4K,q4,51291,0.03083348274230957
4K,q4,51291,0.055162906646728516
4K,q4,51291,0.044008731842041016
4K,q4,51291,0.037992238998413086
4K,q4,71172,0.0585324764251709
4K,q4,71172,0.02898406982421875
4K,q4,71172,0.02899026870727539
4K,q4,71172,0.028568744659423828
4K,q4,71172,0.029399394989013672
4K,q4,56062,0.054648637771606445
4K,q4,56062,0.029853105545043945
4K,q4,56062,0.02918529510498047
4K,q4,56062,0.029624462127685547
4K,q4,56062,0.03001856803894043
4K,q4,54905,0.05549502372741699
4K,q4,54905,0.028685331344604492
4K,q4,54905,0.029385089874267578
4K,q4,54905,0.03063654899597168
4K,q4,54905,0.04940056800842285
2K,q4,22900,0.08272361755371094
2K,q4,22900,0.05364584922790527
2K,q4,22900,0.04137778282165527
2K,q4,22900,0.03583335876464844
2K,q4,22900,0.030913114547729492
2K,q4,10583,0.0541841983795166
2K,q4,10583,0.02925562858581543
2K,q4,10583,0.029040813446044922
2K,q4,10583,0.029047250747680664
2K,q4,10583,0.028752803802490234
2K,q4,7065,0.05241894721984863
2K,q4,7065,0.051624298095703125
2K,q4,7065,0.04112744331359863
2K,q4,7065,0.03554058074951172
2K,q4,7065,0.03355669975280762
2K,q4,23727,0.0846405029296875
2K,q4,23727,0.0351567268371582
2K,q4,23727,0.028815746307373047
2K,q4,23727,0.02875685691833496
2K,q4,23727,0.05288553237915039
2K,q4,27184,0.07568764686584473
2K,q4,27184,0.05524587631225586
2K,q4,27184,0.043334007263183594
2K,q4,27184,0.035387516021728516
2K,q4,27184,0.05293893814086914
2K,q4,26311,0.06269669532775879
2K,q4,26311,0.0344996452331543
2K,q4,26311,0.02995157241821289
2K,q4,26311,0.029486417770385742
2K,q4,26311,0.02938532829284668
2K,q4,71,0.05606389045715332
2K,q4,71,0.029666900634765625
2K,q4,71,0.029745101928710938
2K,q4,71,0.029424667358398438
2K,q4,71,0.029682159423828125
2K,q4,28650,0.05454230308532715
2K,q4,28650,0.05204629898071289
2K,q4,28650,0.04186582565307617
2K,q4,28650,0.03438925743103027
2K,q4,28650,0.03252243995666504
2K,q4,27064,0.05564308166503906
2K,q4,27064,0.029233217239379883
2K,q4,27064,0.028731584548950195
2K,q4,27064,0.027835369110107422
2K,q4,27064,0.028555870056152344
2K,q4,22219,0.055170536041259766
2K,q4,22219,0.02842569351196289
2K,q4,22219,0.029007673263549805
2K,q4,22219,0.04548835754394531
2K,q4,22219,0.04860877990722656
2K,q4,14063,0.08058643341064453
2K,q4,14063,0.035581350326538086
2K,q4,14063,0.030692100524902344
2K,q4,14063,0.030523300170898438
2K,q4,14063,0.02917647361755371
2K,q4,2930,0.05437731742858887
2K,q4,2930,0.029074430465698242
2K,q4,2930,0.028951644897460938
2K,q4,2930,0.028552532196044922
2K,q4,2930,0.029846668243408203
2K,q4,2013,0.08922982215881348
2K,q4,2013,0.03700876235961914
2K,q4,2013,0.03367805480957031
2K,q4,2013,0.029128074645996094
2K,q4,2013,0.027681589126586914
2K,q4,13851,0.08770322799682617
2K,q4,13851,0.03632807731628418
2K,q4,13851,0.0541689395904541
2K,q4,13851,0.042913198471069336
2K,q4,13851,0.03871440887451172
2K,q4,5187,0.0894474983215332
2K,q4,5187,0.04404020309448242
2K,q4,5187,0.03077554702758789
2K,q4,5187,0.053002119064331055
2K,q4,5187,0.043421030044555664
2K,q4,11032,0.06725502014160156
2K,q4,11032,0.029320478439331055
2K,q4,11032,0.029943227767944336
2K,q4,11032,0.030076265335083008
2K,q4,11032,0.030152082443237305
2K,q4,37002,0.05466938018798828
2K,q4,37002,0.050698041915893555
2K,q4,37002,0.04929304122924805
2K,q4,37002,0.03982234001159668
2K,q4,37002,0.03462958335876465
2K,q4,21828,0.05508756637573242
2K,q4,21828,0.030200958251953125
2K,q4,21828,0.029555797576904297
2K,q4,21828,0.028942346572875977
2K,q4,21828,0.028599023818969727
2K,q4,15869,0.05361533164978027
2K,q4,15869,0.02925276756286621
2K,q4,15869,0.027873992919921875
2K,q4,15869,0.028691530227661133
2K,q4,15869,0.04983949661254883
2K,q4,14599,0.07283139228820801
2K,q4,14599,0.03241896629333496
2K,q4,14599,0.029505491256713867
2K,q4,14599,0.053276777267456055
2K,q4,14599,0.04218339920043945
8K,q4,140025,0.06198263168334961
8K,q4,140025,0.029994964599609375
8K,q4,140025,0.028290748596191406
8K,q4,140025,0.028375864028930664
8K,q4,140025,0.02956104278564453
8K,q4,151924,0.05359530448913574
8K,q4,151924,0.03511500358581543
8K,q4,151924,0.030512571334838867
8K,q4,151924,0.054912567138671875
8K,q4,151924,0.04080772399902344
8K,q4,141372,0.06293797492980957
8K,q4,141372,0.03450202941894531
8K,q4,141372,0.028606414794921875
8K,q4,141372,0.029431581497192383
8K,q4,141372,0.029169321060180664
8K,q4,10701,0.05344581604003906
8K,q4,10701,0.05034685134887695
8K,q4,10701,0.029882192611694336
8K,q4,10701,0.029359102249145508
8K,q4,10701,0.04812002182006836
8K,q4,133229,0.06598329544067383
8K,q4,133229,0.029360294342041016
8K,q4,133229,0.029126405715942383
8K,q4,133229,0.029554367065429688
8K,q4,133229,0.04153871536254883
8K,q4,47001,0.0654287338256836
8K,q4,47001,0.033684492111206055
8K,q4,47001,0.05125927925109863
8K,q4,47001,0.030367136001586914
8K,q4,47001,0.028733015060424805
8K,q4,69709,0.05456900596618652
8K,q4,69709,0.029491186141967773
8K,q4,69709,0.028954505920410156
8K,q4,69709,0.02794814109802246
8K,q4,69709,0.02869701385498047
8K,q4,24107,0.05413198471069336
8K,q4,24107,0.028122901916503906
8K,q4,24107,0.02833414077758789
8K,q4,24107,0.028789043426513672
8K,q4,24107,0.02956700325012207
8K,q4,142781,0.05370974540710449
8K,q4,142781,0.029439449310302734
8K,q4,142781,0.028755664825439453
8K,q4,142781,0.028428316116333008
8K,q4,142781,0.02831888198852539
8K,q4,25083,0.08833575248718262
8K,q4,25083,0.04100847244262695
8K,q4,25083,0.0374302864074707
8K,q4,25083,0.03392910957336426
8K,q4,25083,0.030005693435668945
8K,q4,97996,0.054741621017456055
8K,q4,97996,0.02808237075805664
8K,q4,97996,0.029521942138671875
8K,q4,97996,0.02946925163269043
8K,q4,97996,0.05283331871032715
8K,q4,121392,0.05507683753967285
8K,q4,121392,0.02921891212463379
8K,q4,121392,0.053281545639038086
8K,q4,121392,0.042171478271484375
8K,q4,121392,0.036516666412353516
8K,q4,76384,0.05803704261779785
8K,q4,76384,0.03137707710266113
8K,q4,76384,0.03069615364074707
8K,q4,76384,0.029910802841186523
8K,q4,76384,0.033223628997802734
8K,q4,4459,0.054296016693115234
8K,q4,4459,0.029369354248046875
8K,q4,4459,0.02819228172302246
8K,q4,4459,0.02832770347595215
8K,q4,4459,0.029520750045776367
8K,q4,134032,0.05889320373535156
8K,q4,134032,0.02881455421447754
8K,q4,134032,0.0291290283203125
8K,q4,134032,0.029761314392089844
8K,q4,134032,0.028594493865966797
8K,q4,68284,0.052700042724609375
8K,q4,68284,0.028559446334838867
8K,q4,68284,0.029518842697143555
8K,q4,68284,0.029024124145507812
8K,q4,68284,0.028295040130615234
8K,q4,130388,0.051844120025634766
8K,q4,130388,0.028409242630004883
8K,q4,130388,0.02868199348449707
8K,q4,130388,0.03140115737915039
8K,q4,130388,0.030421733856201172
8K,q4,66259,0.07476162910461426
8K,q4,66259,0.03210163116455078
8K,q4,66259,0.029482603073120117
8K,q4,66259,0.028998136520385742
8K,q4,66259,0.03194022178649902
8K,q4,40567,0.05563473701477051
8K,q4,40567,0.028124332427978516
8K,q4,40567,0.03247523307800293
8K,q4,40567,0.032788991928100586
8K,q4,40567,0.040415287017822266
8K,q4,67190,0.0557708740234375
8K,q4,67190,0.03064274787902832
8K,q4,67190,0.031767845153808594
8K,q4,67190,0.03176116943359375
8K,q4,67190,0.029982328414916992
16K,q4,315203,0.05806422233581543
16K,q4,315203,0.029424428939819336
16K,q4,315203,0.02948784828186035
16K,q4,315203,0.02918529510498047
16K,q4,315203,0.029139041900634766
16K,q4,118707,0.05307769775390625
16K,q4,118707,0.05402851104736328
16K,q4,118707,0.04188060760498047
16K,q4,118707,0.035227298736572266
16K,q4,118707,0.030916690826416016
16K,q4,48270,0.0549314022064209
16K,q4,48270,0.028650760650634766
16K,q4,48270,0.02820754051208496
16K,q4,48270,0.029304981231689453
16K,q4,48270,0.028636455535888672
16K,q4,272690,0.0527491569519043
16K,q4,272690,0.029231548309326172
16K,q4,272690,0.02899312973022461
16K,q4,272690,0.0286099910736084
16K,q4,272690,0.028011322021484375
16K,q4,299037,0.0535280704498291
16K,q4,299037,0.029401063919067383
16K,q4,299037,0.029602766036987305
16K,q4,299037,0.039519548416137695
16K,q4,299037,0.02946329116821289
16K,q4,188198,0.056316375732421875
16K,q4,188198,0.03807330131530762
16K,q4,188198,0.033194780349731445
16K,q4,188198,0.029772043228149414
16K,q4,188198,0.029530048370361328
16K,q4,238876,0.05464792251586914
16K,q4,238876,0.02938556671142578
16K,q4,238876,0.03949093818664551
16K,q4,238876,0.0464627742767334
16K,q4,238876,0.030399322509765625
16K,q4,317630,0.05151081085205078
16K,q4,317630,0.02992701530456543
16K,q4,317630,0.028615951538085938
16K,q4,317630,0.028271198272705078
16K,q4,317630,0.02878713607788086
16K,q4,47405,0.05409502983093262
16K,q4,47405,0.028630733489990234
16K,q4,47405,0.0284883975982666
16K,q4,47405,0.028257131576538086
16K,q4,47405,0.028203487396240234
16K,q4,189974,0.05637693405151367
16K,q4,189974,0.02855968475341797
16K,q4,189974,0.027270793914794922
16K,q4,189974,0.027570009231567383
16K,q4,189974,0.03722238540649414
16K,q4,232026,0.05736184120178223
16K,q4,232026,0.02768540382385254
16K,q4,232026,0.05277371406555176
16K,q4,232026,0.044141292572021484
16K,q4,232026,0.040008544921875
16K,q4,82587,0.06312370300292969
16K,q4,82587,0.029666662216186523
16K,q4,82587,0.029389142990112305
16K,q4,82587,0.029539108276367188
16K,q4,82587,0.029587745666503906
16K,q4,190962,0.05354475975036621
16K,q4,190962,0.029798269271850586
16K,q4,190962,0.029150724411010742
16K,q4,190962,0.03383517265319824
16K,q4,190962,0.03073263168334961
16K,q4,134506,0.08149385452270508
16K,q4,134506,0.02804422378540039
16K,q4,134506,0.02796196937561035
16K,q4,134506,0.029106616973876953
16K,q4,134506,0.030607223510742188
16K,q4,273234,0.05404043197631836
16K,q4,273234,0.029680252075195312
16K,q4,273234,0.029813528060913086
16K,q4,273234,0.029506444931030273
16K,q4,273234,0.030855178833007812
16K,q4,83686,0.07386207580566406
16K,q4,83686,0.04405808448791504
16K,q4,83686,0.03641057014465332
16K,q4,83686,0.031299591064453125
16K,q4,83686,0.029620885848999023
16K,q4,35253,0.05514097213745117
16K,q4,35253,0.029708385467529297
16K,q4,35253,0.029266834259033203
16K,q4,35253,0.044001102447509766
16K,q4,35253,0.033735036849975586
16K,q4,245239,0.05306220054626465
16K,q4,245239,0.02913522720336914
16K,q4,245239,0.029582500457763672
16K,q4,245239,0.02882695198059082
16K,q4,245239,0.02880096435546875
16K,q4,308431,0.0535430908203125
16K,q4,308431,0.029831409454345703
16K,q4,308431,0.028811216354370117
16K,q4,308431,0.029211759567260742
16K,q4,308431,0.03044748306274414
16K,q4,205590,0.05298805236816406
16K,q4,205590,0.027233123779296875
16K,q4,205590,0.02931356430053711
16K,q4,205590,0.02910137176513672
16K,q4,205590,0.028501510620117188
1K,q4,6363,0.05170154571533203
1K,q4,6363,0.028283119201660156
1K,q4,6363,0.0293426513671875
1K,q4,6363,0.05240511894226074
1K,q4,6363,0.051953792572021484
1K,q4,19835,0.06943655014038086
1K,q4,19835,0.056856632232666016
1K,q4,19835,0.0432584285736084
1K,q4,19835,0.0362551212310791
1K,q4,19835,0.031812191009521484
1K,q4,2903,0.0576169490814209
1K,q4,2903,0.03322458267211914
1K,q4,2903,0.02855992317199707
1K,q4,2903,0.03140068054199219
1K,q4,2903,0.03173351287841797
1K,q4,19048,0.05629611015319824
1K,q4,19048,0.02992534637451172
1K,q4,19048,0.02944326400756836
1K,q4,19048,0.031917572021484375
1K,q4,19048,0.03189492225646973
1K,q4,3296,0.055046796798706055
1K,q4,3296,0.029361248016357422
1K,q4,3296,0.051744937896728516
1K,q4,3296,0.03967571258544922
1K,q4,3296,0.03291010856628418
1K,q4,19822,0.056047677993774414
1K,q4,19822,0.029112815856933594
1K,q4,19822,0.027591466903686523
1K,q4,19822,0.044374942779541016
1K,q4,19822,0.03770852088928223
1K,q4,3822,0.05791616439819336
1K,q4,3822,0.049448490142822266
1K,q4,3822,0.036003828048706055
1K,q4,3822,0.02868032455444336
1K,q4,3822,0.028794527053833008
1K,q4,13187,0.05648326873779297
1K,q4,13187,0.02789449691772461
1K,q4,13187,0.028614521026611328
1K,q4,13187,0.02848339080810547
1K,q4,13187,0.02835822105407715
1K,q4,640,0.06040692329406738
1K,q4,640,0.03579401969909668
1K,q4,640,0.033355712890625
1K,q4,640,0.02878856658935547
1K,q4,640,0.029369592666625977
1K,q4,18162,0.05682253837585449
1K,q4,18162,0.03150749206542969
1K,q4,18162,0.029143095016479492
1K,q4,18162,0.029611825942993164
1K,q4,18162,0.031082630157470703
1K,q4,18347,0.057149648666381836
1K,q4,18347,0.029389619827270508
1K,q4,18347,0.03151202201843262
1K,q4,18347,0.0400691032409668
1K,q4,18347,0.03142666816711426
1K,q4,7430,0.054793357849121094
1K,q4,7430,0.029949665069580078
1K,q4,7430,0.029279708862304688
1K,q4,7430,0.029009103775024414
1K,q4,7430,0.05325937271118164
1K,q4,14554,0.08923554420471191
1K,q4,14554,0.05580449104309082
1K,q4,14554,0.04398751258850098
1K,q4,14554,0.05463767051696777
1K,q4,14554,0.0552976131439209
1K,q4,8146,0.08555984497070312
1K,q4,8146,0.03335094451904297
1K,q4,8146,0.029412031173706055
1K,q4,8146,0.02832341194152832
1K,q4,8146,0.030880212783813477
1K,q4,15166,0.056296348571777344
1K,q4,15166,0.0303802490234375
1K,q4,15166,0.030389070510864258
1K,q4,15166,0.030526399612426758
1K,q4,15166,0.030002117156982422
1K,q4,13526,0.05668139457702637
1K,q4,13526,0.04542255401611328
1K,q4,13526,0.030895471572875977
1K,q4,13526,0.028925657272338867
1K,q4,13526,0.029720544815063477
1K,q4,16891,0.05415797233581543
1K,q4,16891,0.028400897979736328
1K,q4,16891,0.02784442901611328
1K,q4,16891,0.027925491333007812
1K,q4,16891,0.029134511947631836
1K,q4,14140,0.052968502044677734
1K,q4,14140,0.029332637786865234
1K,q4,14140,0.02936387062072754
1K,q4,14140,0.029209375381469727
1K,q4,14140,0.028593063354492188
1K,q4,11348,0.05481696128845215
1K,q4,11348,0.02970123291015625
1K,q4,11348,0.028708696365356445
1K,q4,11348,0.028007030487060547
1K,q4,11348,0.0272066593170166
1K,q4,7797,0.054931640625
1K,q4,7797,0.028252840042114258
1K,q4,7797,0.02882981300354004
1K,q4,7797,0.02921772003173828
1K,q4,7797,0.029238462448120117
4K,q3,20898,0.11570620536804199
4K,q3,20898,0.04095864295959473
4K,q3,20898,0.03701519966125488
4K,q3,20898,0.037999629974365234
4K,q3,20898,0.03739643096923828
4K,q3,25929,0.07114720344543457
4K,q3,25929,0.03708648681640625
4K,q3,25929,0.03644514083862305
4K,q3,25929,0.03746175765991211
4K,q3,25929,0.03737306594848633
4K,q3,155,0.06924891471862793
4K,q3,155,0.03824663162231445
4K,q3,155,0.03635358810424805
4K,q3,155,0.042911529541015625
4K,q3,155,0.03864765167236328
4K,q3,11758,0.0715639591217041
4K,q3,11758,0.03728652000427246
4K,q3,11758,0.060803890228271484
4K,q3,11758,0.046911001205444336
4K,q3,11758,0.039604902267456055
4K,q3,24075,0.10107040405273438
4K,q3,24075,0.061940670013427734
4K,q3,24075,0.04641914367675781
4K,q3,24075,0.04053068161010742
4K,q3,24075,0.037738800048828125
4K,q3,3493,0.07188963890075684
4K,q3,3493,0.038129568099975586
4K,q3,3493,0.03748583793640137
4K,q3,3493,0.06787109375
4K,q3,3493,0.051000356674194336
4K,q3,356,0.07401895523071289
4K,q3,356,0.03653240203857422
4K,q3,356,0.04430389404296875
4K,q3,356,0.037453413009643555
4K,q3,356,0.03545665740966797
4K,q3,31542,0.0689702033996582
4K,q3,31542,0.037618160247802734
4K,q3,31542,0.03598165512084961
4K,q3,31542,0.03672456741333008
4K,q3,31542,0.0375971794128418
4K,q3,33816,0.07164907455444336
4K,q3,33816,0.0684669017791748
4K,q3,33816,0.06568074226379395
4K,q3,33816,0.06954622268676758
4K,q3,33816,0.049818992614746094
4K,q3,11311,0.07341933250427246
4K,q3,11311,0.03743743896484375
4K,q3,11311,0.03805041313171387
4K,q3,11311,0.03760504722595215
4K,q3,11311,0.03914809226989746
4K,q3,5612,0.07316780090332031
4K,q3,5612,0.03792119026184082
4K,q3,5612,0.03733181953430176
4K,q3,5612,0.03694558143615723
4K,q3,5612,0.03821992874145508
4K,q3,13095,0.06777286529541016
4K,q3,13095,0.03822684288024902
4K,q3,13095,0.036901235580444336
4K,q3,13095,0.037720441818237305
4K,q3,13095,0.036905527114868164
4K,q3,7725,0.07154321670532227
4K,q3,7725,0.0369565486907959
4K,q3,7725,0.03818845748901367
4K,q3,7725,0.03826189041137695
4K,q3,7725,0.03737807273864746
4K,q3,18161,0.10899949073791504
4K,q3,18161,0.03972911834716797
4K,q3,18161,0.037358999252319336
4K,q3,18161,0.056186676025390625
4K,q3,18161,0.03765368461608887
4K,q3,7794,0.07045149803161621
4K,q3,7794,0.03674626350402832
4K,q3,7794,0.03713202476501465
4K,q3,7794,0.037722110748291016
4K,q3,7794,0.0665590763092041
4K,q3,12081,0.09040212631225586
4K,q3,12081,0.047781944274902344
4K,q3,12081,0.04128742218017578
4K,q3,12081,0.06559991836547852
4K,q3,12081,0.04590606689453125
4K,q3,2892,0.07187032699584961
4K,q3,2892,0.03659510612487793
4K,q3,2892,0.03698277473449707
4K,q3,2892,0.03809046745300293
4K,q3,2892,0.03775286674499512
4K,q3,34264,0.07651233673095703
4K,q3,34264,0.03692913055419922
4K,q3,34264,0.037192583084106445
4K,q3,34264,0.06229233741760254
4K,q3,34264,0.04780697822570801
4K,q3,33974,0.0707387924194336
4K,q3,33974,0.03687167167663574
4K,q3,33974,0.0376591682434082
4K,q3,33974,0.0373995304107666
4K,q3,33974,0.03809380531311035
4K,q3,18125,0.07044553756713867
4K,q3,18125,0.03717803955078125
4K,q3,18125,0.038504838943481445
4K,q3,18125,0.06884336471557617
4K,q3,18125,0.05283331871032715
2K,q3,15396,0.11159682273864746
2K,q3,15396,0.04295063018798828
2K,q3,15396,0.06425619125366211
2K,q3,15396,0.044420719146728516
2K,q3,15396,0.03738737106323242
2K,q3,17030,0.07148098945617676
2K,q3,17030,0.03787541389465332
2K,q3,17030,0.03777766227722168
2K,q3,17030,0.0385134220123291
2K,q3,17030,0.037935733795166016
2K,q3,13116,0.06784319877624512
2K,q3,13116,0.03738570213317871
2K,q3,13116,0.03824162483215332
2K,q3,13116,0.037519216537475586
2K,q3,13116,0.03609752655029297
2K,q3,2517,0.07043862342834473
2K,q3,2517,0.03612637519836426
2K,q3,2517,0.06352591514587402
2K,q3,2517,0.04497194290161133
2K,q3,2517,0.034938812255859375
2K,q3,10820,0.06927227973937988
2K,q3,10820,0.03694772720336914
2K,q3,10820,0.036539316177368164
2K,q3,10820,0.03742671012878418
2K,q3,10820,0.03776836395263672
2K,q3,6240,0.071136474609375
2K,q3,6240,0.03827619552612305
2K,q3,6240,0.036421775817871094
2K,q3,6240,0.0632162094116211
2K,q3,6240,0.04907989501953125
2K,q3,10332,0.07189106941223145
2K,q3,10332,0.03775453567504883
2K,q3,10332,0.03711438179016113
2K,q3,10332,0.05126595497131348
2K,q3,10332,0.06275629997253418
2K,q3,13418,0.08634710311889648
2K,q3,13418,0.03874993324279785
2K,q3,13418,0.03947305679321289
2K,q3,13418,0.04064464569091797
2K,q3,13418,0.03847241401672363
2K,q3,6756,0.08065009117126465
2K,q3,6756,0.03710365295410156
2K,q3,6756,0.038149356842041016
2K,q3,6756,0.03815007209777832
2K,q3,6756,0.038047075271606445
2K,q3,7948,0.06846141815185547
2K,q3,7948,0.03711390495300293
2K,q3,7948,0.03664684295654297
2K,q3,7948,0.034798383712768555
2K,q3,7948,0.04972076416015625
2K,q3,18767,0.0834646224975586
2K,q3,18767,0.036945343017578125
2K,q3,18767,0.03806734085083008
2K,q3,18767,0.03742837905883789
2K,q3,18767,0.03473067283630371
2K,q3,6584,0.0666971206665039
2K,q3,6584,0.03524303436279297
2K,q3,6584,0.03551840782165527
2K,q3,6584,0.03696918487548828
2K,q3,6584,0.03430056571960449
2K,q3,10169,0.11602354049682617
2K,q3,10169,0.03807783126831055
2K,q3,10169,0.03707242012023926
2K,q3,10169,0.03696799278259277
2K,q3,10169,0.10890913009643555
2K,q3,13253,0.07602071762084961
2K,q3,13253,0.037032127380371094
2K,q3,13253,0.03620004653930664
2K,q3,13253,0.03764986991882324
2K,q3,13253,0.03905224800109863
2K,q3,15709,0.06975889205932617
2K,q3,15709,0.038173675537109375
2K,q3,15709,0.03746628761291504
2K,q3,15709,0.036561012268066406
2K,q3,15709,0.03660726547241211
2K,q3,13669,0.0713186264038086
2K,q3,13669,0.03534054756164551
2K,q3,13669,0.03721332550048828
2K,q3,13669,0.0376431941986084
2K,q3,13669,0.03737831115722656
2K,q3,17082,0.07155156135559082
2K,q3,17082,0.03757643699645996
2K,q3,17082,0.03735017776489258
2K,q3,17082,0.038066864013671875
2K,q3,17082,0.03728175163269043
2K,q3,19139,0.06669211387634277
2K,q3,19139,0.03730893135070801
2K,q3,19139,0.03741335868835449
2K,q3,19139,0.03640913963317871
2K,q3,19139,0.036109209060668945
2K,q3,17060,0.07076406478881836
2K,q3,17060,0.03682255744934082
2K,q3,17060,0.03670954704284668
2K,q3,17060,0.03789162635803223
2K,q3,17060,0.03749823570251465
2K,q3,9532,0.07040524482727051
2K,q3,9532,0.08364629745483398
2K,q3,9532,0.05126070976257324
2K,q3,9532,0.05859732627868652
2K,q3,9532,0.04293489456176758
8K,q3,37039,0.07663655281066895
8K,q3,37039,0.03854966163635254
8K,q3,37039,0.06574153900146484
8K,q3,37039,0.047786712646484375
8K,q3,37039,0.042333126068115234
8K,q3,10466,0.10443830490112305
8K,q3,10466,0.05164623260498047
8K,q3,10466,0.04297065734863281
8K,q3,10466,0.03676247596740723
8K,q3,10466,0.03768324851989746
8K,q3,572,0.07180333137512207
8K,q3,572,0.0395054817199707
8K,q3,572,0.038008689880371094
8K,q3,572,0.03841090202331543
8K,q3,572,0.03774714469909668
8K,q3,60333,0.07068085670471191
8K,q3,60333,0.038049936294555664
8K,q3,60333,0.03720521926879883
8K,q3,60333,0.03743457794189453
8K,q3,60333,0.03668546676635742
8K,q3,38680,0.07150411605834961
8K,q3,38680,0.05334067344665527
8K,q3,38680,0.05333876609802246
8K,q3,38680,0.03668808937072754
8K,q3,38680,0.03726816177368164
8K,q3,79026,0.0665428638458252
8K,q3,79026,0.037248849868774414
8K,q3,79026,0.03718924522399902
8K,q3,79026,0.052547454833984375
8K,q3,79026,0.03672599792480469
8K,q3,53537,0.07199430465698242
8K,q3,53537,0.037180185317993164
8K,q3,53537,0.03738999366760254
8K,q3,53537,0.03709673881530762
8K,q3,53537,0.03654813766479492
8K,q3,10062,0.07106399536132812
8K,q3,10062,0.06364870071411133
8K,q3,10062,0.037210941314697266
8K,q3,10062,0.03995990753173828
8K,q3,10062,0.03679203987121582
8K,q3,47195,0.07027125358581543
8K,q3,47195,0.03820228576660156
8K,q3,47195,0.03712630271911621
8K,q3,47195,0.03743267059326172
8K,q3,47195,0.03835415840148926
8K,q3,5505,0.10894107818603516
8K,q3,5505,0.040090322494506836
8K,q3,5505,0.03744769096374512
8K,q3,5505,0.05164527893066406
8K,q3,5505,0.05064034461975098
8K,q3,76414,0.11970281600952148
8K,q3,76414,0.05303454399108887
8K,q3,76414,0.042087554931640625
8K,q3,76414,0.037244558334350586
8K,q3,76414,0.03697466850280762
8K,q3,51642,0.06889748573303223
8K,q3,51642,0.06684756278991699
8K,q3,51642,0.06268572807312012
8K,q3,51642,0.03903460502624512
8K,q3,51642,0.03696298599243164
8K,q3,76622,0.06986856460571289
8K,q3,76622,0.03710365295410156
8K,q3,76622,0.03643345832824707
8K,q3,76622,0.03782987594604492
8K,q3,76622,0.042739152908325195
8K,q3,10057,0.06973147392272949
8K,q3,10057,0.06839823722839355
8K,q3,10057,0.053693532943725586
8K,q3,10057,0.04502224922180176
8K,q3,10057,0.03805398941040039
8K,q3,51916,0.06926488876342773
8K,q3,51916,0.036649227142333984
8K,q3,51916,0.037213802337646484
8K,q3,51916,0.03682708740234375
8K,q3,51916,0.05110955238342285
8K,q3,40458,0.07210493087768555
8K,q3,40458,0.03757667541503906
8K,q3,40458,0.06409573554992676
8K,q3,40458,0.04972648620605469
8K,q3,40458,0.03674960136413574
8K,q3,11844,0.10236096382141113
8K,q3,11844,0.05278587341308594
8K,q3,11844,0.08046460151672363
8K,q3,11844,0.0635368824005127
8K,q3,11844,0.07154250144958496
8K,q3,12834,0.08753561973571777
8K,q3,12834,0.0371549129486084
8K,q3,12834,0.036313772201538086
8K,q3,12834,0.037188053131103516
8K,q3,12834,0.03818011283874512
8K,q3,51192,0.10921359062194824
8K,q3,51192,0.04106307029724121
8K,q3,51192,0.03488945960998535
8K,q3,51192,0.03705024719238281
8K,q3,51192,0.037081241607666016
8K,q3,72609,0.07037234306335449
8K,q3,72609,0.036163330078125
8K,q3,72609,0.036873817443847656
8K,q3,72609,0.03647661209106445
8K,q3,72609,0.03627967834472656
16K,q3,116984,0.06794381141662598
16K,q3,116984,0.036724090576171875
16K,q3,116984,0.03567934036254883
16K,q3,116984,0.03681468963623047
16K,q3,116984,0.03675413131713867
16K,q3,114983,0.06853365898132324
16K,q3,114983,0.03693079948425293
16K,q3,114983,0.038274526596069336
16K,q3,114983,0.037671804428100586
16K,q3,114983,0.03809309005737305
16K,q3,58703,0.06993651390075684
16K,q3,58703,0.036757469177246094
16K,q3,58703,0.03656291961669922
16K,q3,58703,0.03605365753173828
16K,q3,58703,0.036847591400146484
16K,q3,4348,0.06998682022094727
16K,q3,4348,0.06105780601501465
16K,q3,4348,0.054433584213256836
16K,q3,4348,0.04950594902038574
16K,q3,4348,0.041257381439208984
16K,q3,67020,0.11066198348999023
16K,q3,67020,0.03878307342529297
16K,q3,67020,0.03649163246154785
16K,q3,67020,0.03757071495056152
16K,q3,67020,0.06499028205871582
16K,q3,10727,0.09045982360839844
16K,q3,10727,0.040493011474609375
16K,q3,10727,0.03571438789367676
16K,q3,10727,0.03513216972351074
16K,q3,10727,0.03719615936279297
16K,q3,3000,0.0697181224822998
16K,q3,3000,0.06483316421508789
16K,q3,3000,0.04835700988769531
16K,q3,3000,0.03953433036804199
16K,q3,3000,0.03630566596984863
16K,q3,151860,0.06959700584411621
16K,q3,151860,0.038414716720581055
16K,q3,151860,0.035944461822509766
16K,q3,151860,0.03659701347351074
16K,q3,151860,0.05393624305725098
16K,q3,20837,0.08618378639221191
16K,q3,20837,0.03695249557495117
16K,q3,20837,0.036295175552368164
16K,q3,20837,0.06411051750183105
16K,q3,20837,0.04833722114562988
16K,q3,50529,0.11385941505432129
16K,q3,50529,0.04568624496459961
16K,q3,50529,0.03955411911010742
16K,q3,50529,0.037235260009765625
16K,q3,50529,0.037471771240234375
16K,q3,135899,0.06732821464538574
16K,q3,135899,0.03769874572753906
16K,q3,135899,0.036333322525024414
16K,q3,135899,0.03568458557128906
16K,q3,135899,0.035479068756103516
16K,q3,153001,0.07024168968200684
16K,q3,153001,0.05914497375488281
16K,q3,153001,0.06766653060913086
16K,q3,153001,0.06511306762695312
16K,q3,153001,0.06318187713623047
16K,q3,61062,0.08916568756103516
16K,q3,61062,0.06579375267028809
16K,q3,61062,0.059325218200683594
16K,q3,61062,0.05016660690307617
16K,q3,61062,0.06210446357727051
16K,q3,151458,0.10216975212097168
16K,q3,151458,0.03824329376220703
16K,q3,151458,0.06262493133544922
16K,q3,151458,0.06374883651733398
16K,q3,151458,0.05672168731689453
16K,q3,116473,0.10692596435546875
16K,q3,116473,0.04847264289855957
16K,q3,116473,0.044049978256225586
16K,q3,116473,0.03693723678588867
16K,q3,116473,0.04204678535461426
16K,q3,91418,0.08355522155761719
16K,q3,91418,0.03662419319152832
16K,q3,91418,0.036977291107177734
16K,q3,91418,0.05758309364318848
16K,q3,91418,0.06378722190856934
16K,q3,28459,0.08494973182678223
16K,q3,28459,0.037123918533325195
16K,q3,28459,0.03738117218017578
16K,q3,28459,0.039008378982543945
16K,q3,28459,0.04324221611022949
16K,q3,623,0.06944870948791504
16K,q3,623,0.03635430335998535
16K,q3,623,0.037145137786865234
16K,q3,623,0.0375368595123291
16K,q3,623,0.03572583198547363
16K,q3,70071,0.07132124900817871
16K,q3,70071,0.03820943832397461
16K,q3,70071,0.03779864311218262
16K,q3,70071,0.03918337821960449
16K,q3,70071,0.03753042221069336
16K,q3,48808,0.07175278663635254
16K,q3,48808,0.03830385208129883
16K,q3,48808,0.03887748718261719
16K,q3,48808,0.037001609802246094
16K,q3,48808,0.038727760314941406
1K,q3,9626,0.06795120239257812
1K,q3,9626,0.04221343994140625
1K,q3,9626,0.039548635482788086
1K,q3,9626,0.03734183311462402
1K,q3,9626,0.03571677207946777
1K,q3,6933,0.06975769996643066
1K,q3,6933,0.03786015510559082
1K,q3,6933,0.03606605529785156
1K,q3,6933,0.037982940673828125
1K,q3,6933,0.037200212478637695
1K,q3,4175,0.06948328018188477
1K,q3,4175,0.03852558135986328
1K,q3,4175,0.039733171463012695
1K,q3,4175,0.03726983070373535
1K,q3,4175,0.03624129295349121
1K,q3,2969,0.06887125968933105
1K,q3,2969,0.03749442100524902
1K,q3,2969,0.037670135498046875
1K,q3,2969,0.03701639175415039
1K,q3,2969,0.038317203521728516
1K,q3,2119,0.0699014663696289
1K,q3,2119,0.03801679611206055
1K,q3,2119,0.03816556930541992
1K,q3,2119,0.03874373435974121
1K,q3,2119,0.0384218692779541
1K,q3,1792,0.07097649574279785
1K,q3,1792,0.03705883026123047
1K,q3,1792,0.0373082160949707
1K,q3,1792,0.037737369537353516
1K,q3,1792,0.03750896453857422
1K,q3,2757,0.0730905532836914
1K,q3,2757,0.038036346435546875
1K,q3,2757,0.036881208419799805
1K,q3,2757,0.03814196586608887
1K,q3,2757,0.03762221336364746
1K,q3,1612,0.07413339614868164
1K,q3,1612,0.03959941864013672
1K,q3,1612,0.04995298385620117
1K,q3,1612,0.05237126350402832
1K,q3,1612,0.038362979888916016
1K,q3,3499,0.0699608325958252
1K,q3,3499,0.037163496017456055
1K,q3,3499,0.03596234321594238
1K,q3,3499,0.036312103271484375
1K,q3,3499,0.03683304786682129
1K,q3,9662,0.06777358055114746
1K,q3,9662,0.04194283485412598
1K,q3,9662,0.036633968353271484
1K,q3,9662,0.037758588790893555
1K,q3,9662,0.03639698028564453
1K,q3,5422,0.06963419914245605
1K,q3,5422,0.038889408111572266
1K,q3,5422,0.03727245330810547
1K,q3,5422,0.04017233848571777
1K,q3,5422,0.03915548324584961
1K,q3,1008,0.07240462303161621
1K,q3,1008,0.03758549690246582
1K,q3,1008,0.03864002227783203
1K,q3,1008,0.03775763511657715
1K,q3,1008,0.03741955757141113
1K,q3,9177,0.06959176063537598
1K,q3,9177,0.037236690521240234
1K,q3,9177,0.03842449188232422
1K,q3,9177,0.036925315856933594
1K,q3,9177,0.035805702209472656
1K,q3,6999,0.12791967391967773
1K,q3,6999,0.05263328552246094
1K,q3,6999,0.046842336654663086
1K,q3,6999,0.03911089897155762
1K,q3,6999,0.03824162483215332
1K,q3,1332,0.06919980049133301
1K,q3,1332,0.04123044013977051
1K,q3,1332,0.03624582290649414
1K,q3,1332,0.03591609001159668
1K,q3,1332,0.04651761054992676
1K,q3,1029,0.06952881813049316
1K,q3,1029,0.036933183670043945
1K,q3,1029,0.03775167465209961
1K,q3,1029,0.037677764892578125
1K,q3,1029,0.04091453552246094
1K,q3,3165,0.06784868240356445
1K,q3,3165,0.03573942184448242
1K,q3,3165,0.036278724670410156
1K,q3,3165,0.041543006896972656
1K,q3,3165,0.03725600242614746
1K,q3,140,0.07134008407592773
1K,q3,140,0.03875231742858887
1K,q3,140,0.03672957420349121
1K,q3,140,0.03701496124267578
1K,q3,140,0.03658461570739746
1K,q3,8276,0.06953573226928711
1K,q3,8276,0.03965616226196289
1K,q3,8276,0.03954291343688965
1K,q3,8276,0.040543317794799805
1K,q3,8276,0.0431060791015625
1K,q3,2765,0.07646989822387695
1K,q3,2765,0.0720376968383789
1K,q3,2765,0.05021476745605469
1K,q3,2765,0.04051518440246582
1K,q3,2765,0.04339027404785156
