1K,q1,19128,0.20375657081604004
1K,q1,19128,0.07369494438171387
1K,q1,19128,0.09432339668273926
1K,q1,19128,0.0816497802734375
1K,q1,19128,0.07047462463378906
1K,q1,15729,0.09876775741577148
1K,q1,15729,0.11989569664001465
1K,q1,15729,0.10248851776123047
1K,q1,15729,0.1058204174041748
1K,q1,15729,0.0887753963470459
1K,q1,4450,0.07249140739440918
1K,q1,4450,0.07236599922180176
1K,q1,4450,0.07062888145446777
1K,q1,4450,0.0717763900756836
1K,q1,4450,0.0712587833404541
1K,q1,16196,0.07438397407531738
1K,q1,16196,0.06933116912841797
1K,q1,16196,0.07079505920410156
1K,q1,16196,0.0808250904083252
1K,q1,16196,0.07239556312561035
1K,q1,10019,0.06945276260375977
1K,q1,10019,0.06904101371765137
1K,q1,10019,0.06837773323059082
1K,q1,10019,0.0669252872467041
1K,q1,10019,0.10437822341918945
1K,q1,7581,0.07831501960754395
1K,q1,7581,0.10559391975402832
1K,q1,7581,0.10377359390258789
1K,q1,7581,0.08096671104431152
1K,q1,7581,0.08104705810546875
1K,q1,9007,0.07274031639099121
1K,q1,9007,0.06960535049438477
1K,q1,9007,0.10218620300292969
1K,q1,9007,0.07119226455688477
1K,q1,9007,0.07018136978149414
1K,q1,12136,0.0686042308807373
1K,q1,12136,0.07133173942565918
1K,q1,12136,0.07001805305480957
1K,q1,12136,0.07485532760620117
1K,q1,12136,0.0711214542388916
1K,q1,14967,0.10843729972839355
1K,q1,14967,0.1034698486328125
1K,q1,14967,0.07793712615966797
1K,q1,14967,0.07931089401245117
1K,q1,14967,0.07219982147216797
1K,q1,9997,0.07119607925415039
1K,q1,9997,0.11514163017272949
1K,q1,9997,0.07524323463439941
1K,q1,9997,0.06964516639709473
1K,q1,9997,0.07579588890075684
1K,q1,12476,0.06628036499023438
1K,q1,12476,0.06762337684631348
1K,q1,12476,0.07222270965576172
1K,q1,12476,0.06747198104858398
1K,q1,12476,0.0686807632446289
1K,q1,4507,0.07285070419311523
1K,q1,4507,0.06312370300292969
1K,q1,4507,0.07152366638183594
1K,q1,4507,0.07458949089050293
1K,q1,4507,0.06565093994140625
1K,q1,1264,0.06926226615905762
1K,q1,1264,0.06913352012634277
1K,q1,1264,0.11193990707397461
1K,q1,1264,0.09589624404907227
1K,q1,1264,0.10199141502380371
1K,q1,3643,0.10231614112854004
1K,q1,3643,0.11132264137268066
1K,q1,3643,0.11052989959716797
1K,q1,3643,0.07796430587768555
1K,q1,3643,0.06782317161560059
1K,q1,12519,0.1057286262512207
1K,q1,12519,0.11089634895324707
1K,q1,12519,0.1094059944152832
1K,q1,12519,0.10779428482055664
1K,q1,12519,0.08194494247436523
1K,q1,12698,0.07261157035827637
1K,q1,12698,0.06851673126220703
1K,q1,12698,0.06848502159118652
1K,q1,12698,0.0712127685546875
1K,q1,12698,0.06791400909423828
1K,q1,11004,0.06762456893920898
1K,q1,11004,0.08755731582641602
1K,q1,11004,0.10224747657775879
1K,q1,11004,0.10198283195495605
1K,q1,11004,0.07217192649841309
1K,q1,6019,0.10451316833496094
1K,q1,6019,0.10204458236694336
1K,q1,6019,0.10617899894714355
1K,q1,6019,0.10145330429077148
1K,q1,6019,0.08565664291381836
1K,q1,14892,0.10999202728271484
1K,q1,14892,0.07839250564575195
1K,q1,14892,0.10230565071105957
1K,q1,14892,0.10398173332214355
1K,q1,14892,0.10236883163452148
1K,q1,14323,0.10638117790222168
1K,q1,14323,0.10389113426208496
1K,q1,14323,0.08772754669189453
1K,q1,14323,0.0690758228302002
1K,q1,14323,0.06796646118164062
1K,q2,3,0.08286404609680176
1K,q2,3,0.08148002624511719
1K,q2,3,0.0787041187286377
1K,q2,3,0.08683371543884277
1K,q2,3,0.08230876922607422
1K,q2,1,0.08039212226867676
1K,q2,1,0.07644820213317871
1K,q2,1,0.07719182968139648
1K,q2,1,0.0867619514465332
1K,q2,1,0.11806225776672363
1K,q2,8,0.1676170825958252
1K,q2,8,0.12918543815612793
1K,q2,8,0.1217806339263916
1K,q2,8,0.1280205249786377
1K,q2,8,0.1421675682067871
1K,q2,3,0.12477540969848633
1K,q2,3,0.08915472030639648
1K,q2,3,0.0749659538269043
1K,q2,3,0.07649016380310059
1K,q2,3,0.1247107982635498
1K,q2,19,0.09056210517883301
1K,q2,19,0.12310552597045898
1K,q2,19,0.12379169464111328
1K,q2,19,0.10987257957458496
1K,q2,19,0.10509419441223145
1K,q2,10,0.0983426570892334
1K,q2,10,0.09854602813720703
1K,q2,10,0.08772659301757812
1K,q2,10,0.09665107727050781
1K,q2,10,0.1257779598236084
1K,q2,21,0.12345290184020996
1K,q2,21,0.11668205261230469
1K,q2,21,0.09903717041015625
1K,q2,21,0.11675500869750977
1K,q2,21,0.08106541633605957
1K,q2,16,0.1051180362701416
1K,q2,16,0.12588977813720703
1K,q2,16,0.13202309608459473
1K,q2,16,0.09817028045654297
1K,q2,16,0.10511279106140137
1K,q2,14,0.13295483589172363
1K,q2,14,0.13320398330688477
1K,q2,14,0.09502530097961426
1K,q2,14,0.0915215015411377
1K,q2,14,0.1052091121673584
1K,q2,1,0.0810694694519043
1K,q2,1,0.0841829776763916
1K,q2,1,0.08087158203125
1K,q2,1,0.08051943778991699
1K,q2,1,0.08723568916320801
1K,q2,3,0.08177542686462402
1K,q2,3,0.09826397895812988
1K,q2,3,0.10509419441223145
1K,q2,3,0.08217334747314453
1K,q2,3,0.0796363353729248
1K,q2,20,0.08001446723937988
1K,q2,20,0.09291195869445801
1K,q2,20,0.08264708518981934
1K,q2,20,0.11093497276306152
1K,q2,20,0.09967184066772461
1K,q2,4,0.09067678451538086
1K,q2,4,0.08336830139160156
1K,q2,4,0.08095908164978027
1K,q2,4,0.08120512962341309
1K,q2,4,0.08037567138671875
1K,q2,12,0.09340500831604004
1K,q2,12,0.09434652328491211
1K,q2,12,0.08505034446716309
1K,q2,12,0.11762547492980957
1K,q2,12,0.11470627784729004
1K,q2,12,0.12784123420715332
1K,q2,12,0.12735319137573242
1K,q2,12,0.09461188316345215
1K,q2,12,0.09735512733459473
1K,q2,12,0.1550891399383545
1K,q2,7,0.11730575561523438
1K,q2,7,0.0890665054321289
1K,q2,7,0.0972440242767334
1K,q2,7,0.12269735336303711
1K,q2,7,0.09098267555236816
1K,q2,16,0.08890724182128906
1K,q2,16,0.09349346160888672
1K,q2,16,0.08855056762695312
1K,q2,16,0.09242510795593262
1K,q2,16,0.08978080749511719
1K,q2,19,0.09429693222045898
1K,q2,19,0.07826995849609375
1K,q2,19,0.08918404579162598
1K,q2,19,0.07903289794921875
1K,q2,19,0.08456110954284668
1K,q2,9,0.09654450416564941
1K,q2,9,0.12035775184631348
1K,q2,9,0.10289812088012695
1K,q2,9,0.12379693984985352
1K,q2,9,0.10549783706665039
1K,q2,10,0.08678007125854492
1K,q2,10,0.08718299865722656
1K,q2,10,0.08473443984985352
1K,q2,10,0.0938253402709961
1K,q2,10,0.09103274345397949
1K,q3,9626,0.008879661560058594
1K,q3,9626,0.0027914047241210938
1K,q3,9626,0.004468679428100586
1K,q3,9626,0.004241228103637695
1K,q3,9626,0.004533529281616211
1K,q3,6933,0.010210990905761719
1K,q3,6933,0.0039179325103759766
1K,q3,6933,0.004238605499267578
1K,q3,6933,0.0044634342193603516
1K,q3,6933,0.004350185394287109
1K,q3,4175,0.0055353641510009766
1K,q3,4175,0.003987550735473633
1K,q3,4175,0.01085042953491211
1K,q3,4175,0.004439353942871094
1K,q3,4175,0.003834247589111328
1K,q3,2969,0.0049021244049072266
1K,q3,2969,0.004240512847900391
1K,q3,2969,0.004515171051025391
1K,q3,2969,0.004428386688232422
1K,q3,2969,0.004312753677368164
1K,q3,2119,0.004525899887084961
1K,q3,2119,0.009829998016357422
1K,q3,2119,0.0029807090759277344
1K,q3,2119,0.0025377273559570312
1K,q3,2119,0.0028145313262939453
1K,q3,1792,0.002836942672729492
1K,q3,1792,0.0029566287994384766
1K,q3,1792,0.0047855377197265625
1K,q3,1792,0.01940011978149414
1K,q3,1792,0.014583826065063477
1K,q3,2757,0.003332376480102539
1K,q3,2757,0.002897024154663086
1K,q3,2757,0.0029230117797851562
1K,q3,2757,0.004144906997680664
1K,q3,2757,0.002833127975463867
1K,q3,1612,0.0028429031372070312
1K,q3,1612,0.002965211868286133
1K,q3,1612,0.0047342777252197266
1K,q3,1612,0.0027747154235839844
1K,q3,1612,0.0027916431427001953
1K,q3,3499,0.004419088363647461
1K,q3,3499,0.0025696754455566406
1K,q3,3499,0.0031194686889648438
1K,q3,3499,0.002607583999633789
1K,q3,3499,0.002660036087036133
1K,q3,9662,0.002666473388671875
1K,q3,9662,0.0025789737701416016
1K,q3,9662,0.006727933883666992
1K,q3,9662,0.0044667720794677734
1K,q3,9662,0.00482940673828125
1K,q3,5422,0.002694368362426758
1K,q3,5422,0.002750873565673828
1K,q3,5422,0.0028748512268066406
1K,q3,5422,0.004449605941772461
1K,q3,5422,0.004029512405395508
1K,q3,1008,0.006360769271850586
1K,q3,1008,0.004763603210449219
1K,q3,1008,0.004374980926513672
1K,q3,1008,0.004205226898193359
1K,q3,1008,0.009704113006591797
1K,q3,9177,0.00466465950012207
1K,q3,9177,0.0043680667877197266
1K,q3,9177,0.004163026809692383
1K,q3,9177,0.007324695587158203
1K,q3,9177,0.004154682159423828
1K,q3,6999,0.004097700119018555
1K,q3,6999,0.004086017608642578
1K,q3,6999,0.007120847702026367
1K,q3,6999,0.0068628787994384766
1K,q3,6999,0.007751941680908203
1K,q3,1332,0.005232810974121094
1K,q3,1332,0.004843950271606445
1K,q3,1332,0.004998922348022461
1K,q3,1332,0.005234241485595703
1K,q3,1332,0.0044710636138916016
1K,q3,1029,0.004332065582275391
1K,q3,1029,0.00438380241394043
1K,q3,1029,0.004147052764892578
1K,q3,1029,0.004569053649902344
1K,q3,1029,0.004504680633544922
1K,q3,3165,0.0050601959228515625
1K,q3,3165,0.004994392395019531
1K,q3,3165,0.004599809646606445
1K,q3,3165,0.004709720611572266
1K,q3,3165,0.0043468475341796875
1K,q3,140,0.004756927490234375
1K,q3,140,0.004725217819213867
1K,q3,140,0.004382133483886719
1K,q3,140,0.0045833587646484375
1K,q3,140,0.006857872009277344
1K,q3,8276,0.0043773651123046875
1K,q3,8276,0.00408172607421875
1K,q3,8276,0.006376743316650391
1K,q3,8276,0.0038678646087646484
1K,q3,8276,0.004012346267700195
1K,q3,2765,0.003747224807739258
1K,q3,2765,0.0063114166259765625
1K,q3,2765,0.010069131851196289
1K,q3,2765,0.005037784576416016
1K,q3,2765,0.004132270812988281
1K,q4,6363,0.07422494888305664
1K,q4,6363,0.10351347923278809
1K,q4,6363,0.10302925109863281
1K,q4,6363,0.10579299926757812
1K,q4,6363,0.10109877586364746
1K,q4,19835,0.10456681251525879
1K,q4,19835,0.101593017578125
1K,q4,19835,0.10636329650878906
1K,q4,19835,0.10442018508911133
1K,q4,19835,0.09563136100769043
1K,q4,2903,0.10221052169799805
1K,q4,2903,0.08739423751831055
1K,q4,2903,0.06779909133911133
1K,q4,2903,0.07204651832580566
1K,q4,2903,0.06642508506774902
1K,q4,19048,0.06633925437927246
1K,q4,19048,0.06638431549072266
1K,q4,19048,0.08252906799316406
1K,q4,19048,0.06792879104614258
1K,q4,19048,0.06428933143615723
1K,q4,3296,0.07357406616210938
1K,q4,3296,0.06834173202514648
1K,q4,3296,0.07239294052124023
1K,q4,3296,0.07258105278015137
1K,q4,3296,0.07841777801513672
1K,q4,19822,0.06847143173217773
1K,q4,19822,0.0686483383178711
1K,q4,19822,0.08031702041625977
1K,q4,19822,0.06842970848083496
1K,q4,19822,0.09582710266113281
1K,q4,3822,0.09825515747070312
1K,q4,3822,0.0775003433227539
1K,q4,3822,0.09297537803649902
1K,q4,3822,0.07813858985900879
1K,q4,3822,0.07683134078979492
1K,q4,13187,0.07905268669128418
1K,q4,13187,0.07040905952453613
1K,q4,13187,0.06657004356384277
1K,q4,13187,0.06400680541992188
1K,q4,13187,0.06259608268737793
1K,q4,640,0.06608247756958008
1K,q4,640,0.06800436973571777
1K,q4,640,0.07253074645996094
1K,q4,640,0.06679344177246094
1K,q4,640,0.06669998168945312
1K,q4,18162,0.0691368579864502
1K,q4,18162,0.0687112808227539
1K,q4,18162,0.06883788108825684
1K,q4,18162,0.069580078125
1K,q4,18162,0.11566710472106934
1K,q4,18347,0.07987785339355469
1K,q4,18347,0.06630086898803711
1K,q4,18347,0.0684502124786377
1K,q4,18347,0.07884860038757324
1K,q4,18347,0.1177983283996582
1K,q4,7430,0.10763049125671387
1K,q4,7430,0.09788060188293457
1K,q4,7430,0.08019733428955078
1K,q4,7430,0.09958171844482422
1K,q4,7430,0.08133983612060547
1K,q4,14554,0.06778645515441895
1K,q4,14554,0.06692838668823242
1K,q4,14554,0.06923818588256836
1K,q4,14554,0.06502056121826172
1K,q4,14554,0.06690311431884766
1K,q4,8146,0.06614971160888672
1K,q4,8146,0.07233262062072754
1K,q4,8146,0.06989765167236328
1K,q4,8146,0.11416387557983398
1K,q4,8146,0.08660244941711426
1K,q4,15166,0.07786965370178223
1K,q4,15166,0.07005691528320312
1K,q4,15166,0.10396814346313477
1K,q4,15166,0.10503053665161133
1K,q4,15166,0.09057164192199707
1K,q4,13526,0.07482481002807617
1K,q4,13526,0.07004404067993164
1K,q4,13526,0.0756072998046875
1K,q4,13526,0.07050824165344238
1K,q4,13526,0.10801362991333008
1K,q4,16891,0.10699009895324707
1K,q4,16891,0.08508110046386719
1K,q4,16891,0.06953310966491699
1K,q4,16891,0.06885337829589844
1K,q4,16891,0.0722513198852539
1K,q4,14140,0.07176756858825684
1K,q4,14140,0.0704491138458252
1K,q4,14140,0.11251258850097656
1K,q4,14140,0.10801482200622559
1K,q4,14140,0.08267068862915039
1K,q4,11348,0.06932735443115234
1K,q4,11348,0.06557130813598633
1K,q4,11348,0.06906414031982422
1K,q4,11348,0.07565879821777344
1K,q4,11348,0.0668339729309082
1K,q4,7797,0.0714719295501709
1K,q4,7797,0.10120439529418945
1K,q4,7797,0.08527302742004395
1K,q4,7797,0.07559800148010254
1K,q4,7797,0.07440447807312012
1K,q5,48,0.1777968406677246
1K,q5,48,0.16629791259765625
1K,q5,48,0.18053126335144043
1K,q5,48,0.2038891315460205
1K,q5,48,0.16293787956237793
1K,q5,7,0.13464736938476562
1K,q5,7,0.16258025169372559
1K,q5,7,0.1275162696838379
1K,q5,7,0.12143158912658691
1K,q5,7,0.1188051700592041
1K,q5,52,0.16217851638793945
1K,q5,52,0.175828218460083
1K,q5,52,0.185927152633667
1K,q5,52,0.2029740810394287
1K,q5,52,0.16949892044067383
1K,q5,19,0.18723583221435547
1K,q5,19,0.1509404182434082
1K,q5,19,0.20648765563964844
1K,q5,19,0.19580698013305664
1K,q5,19,0.20515036582946777
1K,q5,27,0.2383711338043213
1K,q5,27,0.17178726196289062
1K,q5,27,0.18279147148132324
1K,q5,27,0.16175532341003418
1K,q5,27,0.1638503074645996
1K,q5,34,0.1512763500213623
1K,q5,34,0.1952195167541504
1K,q5,34,0.16912055015563965
1K,q5,34,0.16340327262878418
1K,q5,34,0.20380759239196777
1K,q5,62,0.20028281211853027
1K,q5,62,0.16527557373046875
1K,q5,62,0.16752910614013672
1K,q5,62,0.16068172454833984
1K,q5,62,0.16370391845703125
1K,q5,16,0.15714740753173828
1K,q5,16,0.16499805450439453
1K,q5,16,0.15263652801513672
1K,q5,16,0.17663049697875977
1K,q5,16,0.16612005233764648
1K,q5,61,0.17846441268920898
1K,q5,61,0.16900205612182617
1K,q5,61,0.1766071319580078
1K,q5,61,0.20941901206970215
1K,q5,61,0.20466089248657227
1K,q5,86,0.20376348495483398
1K,q5,86,0.1976604461669922
1K,q5,86,0.2096710205078125
1K,q5,86,0.1545095443725586
1K,q5,86,0.15535902976989746
1K,q5,51,0.19533061981201172
1K,q5,51,0.23056507110595703
1K,q5,51,0.2100987434387207
1K,q5,51,0.21081185340881348
1K,q5,51,0.23375296592712402
1K,q5,33,0.18872857093811035
1K,q5,33,0.15708351135253906
1K,q5,33,0.20348143577575684
1K,q5,33,0.1636648178100586
1K,q5,33,0.21447968482971191
1K,q5,50,0.1957247257232666
1K,q5,50,0.21336126327514648
1K,q5,50,0.1647965908050537
1K,q5,50,0.15288686752319336
1K,q5,50,0.15055227279663086
1K,q5,41,0.1511096954345703
1K,q5,41,0.15044689178466797
1K,q5,41,0.1453263759613037
1K,q5,41,0.16197419166564941
1K,q5,41,0.19763565063476562
1K,q5,85,0.1927647590637207
1K,q5,85,0.21532273292541504
1K,q5,85,0.19661521911621094
1K,q5,85,0.20004034042358398
1K,q5,85,0.15972566604614258
1K,q5,30,0.16207671165466309
1K,q5,30,0.1673262119293213
1K,q5,30,0.16387486457824707
1K,q5,30,0.1637439727783203
1K,q5,30,0.1664888858795166
1K,q5,9,0.1813187599182129
1K,q5,9,0.16265606880187988
1K,q5,9,0.19045686721801758
1K,q5,9,0.15714359283447266
1K,q5,9,0.16197443008422852
1K,q5,64,0.2020127773284912
1K,q5,64,0.15318679809570312
1K,q5,64,0.14919614791870117
1K,q5,64,0.15953826904296875
1K,q5,64,0.1689128875732422
1K,q5,71,0.17936086654663086
1K,q5,71,0.2135918140411377
1K,q5,71,0.20799756050109863
1K,q5,71,0.22092199325561523
1K,q5,71,0.17400360107421875
1K,q5,72,0.18099045753479004
1K,q5,72,0.15142011642456055
1K,q5,72,0.15938735008239746
1K,q5,72,0.15832281112670898
1K,q5,72,0.1560983657836914
1K,q6,2,0.12291550636291504
1K,q6,2,0.11686563491821289
1K,q6,2,0.13659405708312988
1K,q6,2,0.10784268379211426
1K,q6,2,0.10535168647766113
1K,q6,3,0.0757298469543457
1K,q6,3,0.054428815841674805
1K,q6,3,0.062467098236083984
1K,q6,3,0.05200004577636719
1K,q6,3,0.05295586585998535
1K,q6,7,0.1165170669555664
1K,q6,7,0.1212773323059082
1K,q6,7,0.11101746559143066
1K,q6,7,0.10161828994750977
1K,q6,7,0.13609886169433594
1K,q6,3,0.0690159797668457
1K,q6,3,0.06924653053283691
1K,q6,3,0.06879258155822754
1K,q6,3,0.06738853454589844
1K,q6,3,0.0714118480682373
1K,q6,1,0.11363816261291504
1K,q6,1,0.10888195037841797
1K,q6,1,0.1550006866455078
1K,q6,1,0.10755658149719238
1K,q6,1,0.09563541412353516
1K,q6,7,0.09593987464904785
1K,q6,7,0.08328533172607422
1K,q6,7,0.07236051559448242
1K,q6,7,0.07422232627868652
1K,q6,7,0.09659290313720703
1K,q6,11,0.08378076553344727
1K,q6,11,0.09816169738769531
1K,q6,11,0.07644081115722656
1K,q6,11,0.07593703269958496
1K,q6,11,0.08510136604309082
1K,q6,4,0.05852055549621582
1K,q6,4,0.0999000072479248
1K,q6,4,0.05098700523376465
1K,q6,4,0.052162885665893555
1K,q6,4,0.058548927307128906
1K,q6,7,0.10045957565307617
1K,q6,7,0.10486912727355957
1K,q6,7,0.10402774810791016
1K,q6,7,0.15637969970703125
1K,q6,7,0.1150217056274414
1K,q6,3,0.04880547523498535
1K,q6,3,0.043329715728759766
1K,q6,3,0.04091143608093262
1K,q6,3,0.05336928367614746
1K,q6,3,0.05403017997741699
1K,q6,11,0.08497786521911621
1K,q6,11,0.0727381706237793
1K,q6,11,0.0981299877166748
1K,q6,11,0.07656669616699219
1K,q6,11,0.09918522834777832
1K,q6,2,0.10274910926818848
1K,q6,2,0.09293627738952637
1K,q6,2,0.11650347709655762
1K,q6,2,0.14827370643615723
1K,q6,2,0.10241341590881348
1K,q6,7,0.10233283042907715
1K,q6,7,0.10103774070739746
1K,q6,7,0.1015470027923584
1K,q6,7,0.07656502723693848
1K,q6,7,0.15941190719604492
1K,q6,1,0.08369159698486328
1K,q6,1,0.1169431209564209
1K,q6,1,0.11735320091247559
1K,q6,1,0.1115257740020752
1K,q6,1,0.12796640396118164
1K,q6,5,0.07332086563110352
1K,q6,5,0.10732650756835938
1K,q6,5,0.08446264266967773
1K,q6,5,0.098907470703125
1K,q6,5,0.08901667594909668
1K,q6,3,0.10096240043640137
1K,q6,3,0.08100128173828125
1K,q6,3,0.06129050254821777
1K,q6,3,0.0615692138671875
1K,q6,3,0.08513975143432617
1K,q6,7,0.10764193534851074
1K,q6,7,0.10827231407165527
1K,q6,7,0.11040663719177246
1K,q6,7,0.11519932746887207
1K,q6,7,0.09698843955993652
1K,q6,7,0.11761808395385742
1K,q6,7,0.12396073341369629
1K,q6,7,0.10934662818908691
1K,q6,7,0.08365297317504883
1K,q6,7,0.12699174880981445
1K,q6,10,0.05104231834411621
1K,q6,10,0.05865311622619629
1K,q6,10,0.06150054931640625
1K,q6,10,0.04947710037231445
1K,q6,10,0.05936574935913086
1K,q6,8,0.03944039344787598
1K,q6,8,0.04198455810546875
1K,q6,8,0.026415586471557617
1K,q6,8,0.02717137336730957
1K,q6,8,0.0458989143371582
2K,q1,16321,0.1507425308227539
2K,q1,16321,0.10703897476196289
2K,q1,16321,0.09334564208984375
2K,q1,16321,0.09577083587646484
2K,q1,16321,0.11857318878173828
2K,q1,14730,0.09849357604980469
2K,q1,14730,0.11908459663391113
2K,q1,14730,0.13027095794677734
2K,q1,14730,0.1367502212524414
2K,q1,14730,0.10830307006835938
2K,q1,7535,0.12804603576660156
2K,q1,7535,0.0980367660522461
2K,q1,7535,0.11737227439880371
2K,q1,7535,0.09883260726928711
2K,q1,7535,0.13412833213806152
2K,q1,6515,0.09370851516723633
2K,q1,6515,0.09586954116821289
2K,q1,6515,0.09389710426330566
2K,q1,6515,0.09658122062683105
2K,q1,6515,0.09508848190307617
2K,q1,471,0.09672093391418457
2K,q1,471,0.09021735191345215
2K,q1,471,0.09350705146789551
2K,q1,471,0.09279966354370117
2K,q1,471,0.09795308113098145
2K,q1,12158,0.09133267402648926
2K,q1,12158,0.09319639205932617
2K,q1,12158,0.13329863548278809
2K,q1,12158,0.13102364540100098
2K,q1,12158,0.09285879135131836
2K,q1,21888,0.09505510330200195
2K,q1,21888,0.09140348434448242
2K,q1,21888,0.13213706016540527
2K,q1,21888,0.10023975372314453
2K,q1,21888,0.09267854690551758
2K,q1,19306,0.08507513999938965
2K,q1,19306,0.08548092842102051
2K,q1,19306,0.09115743637084961
2K,q1,19306,0.10827851295471191
2K,q1,19306,0.12586402893066406
2K,q1,39223,0.0961921215057373
2K,q1,39223,0.13467669486999512
2K,q1,39223,0.13103914260864258
2K,q1,39223,0.0965719223022461
2K,q1,39223,0.0883784294128418
2K,q1,1701,0.09004902839660645
2K,q1,1701,0.0904688835144043
2K,q1,1701,0.1268312931060791
2K,q1,1701,0.13107514381408691
2K,q1,1701,0.13297677040100098
2K,q1,14004,0.09916281700134277
2K,q1,14004,0.09195494651794434
2K,q1,14004,0.09469890594482422
2K,q1,14004,0.09499764442443848
2K,q1,14004,0.09344244003295898
2K,q1,2178,0.08838510513305664
2K,q1,2178,0.10370111465454102
2K,q1,2178,0.0899362564086914
2K,q1,2178,0.09313011169433594
2K,q1,2178,0.08993887901306152
2K,q1,17939,0.09223246574401855
2K,q1,17939,0.12344193458557129
2K,q1,17939,0.09409856796264648
2K,q1,17939,0.0923910140991211
2K,q1,17939,0.09543704986572266
2K,q1,12736,0.08978986740112305
2K,q1,12736,0.09798669815063477
2K,q1,12736,0.09307193756103516
2K,q1,12736,0.09586930274963379
2K,q1,12736,0.09495425224304199
2K,q1,17014,0.09714436531066895
2K,q1,17014,0.09369444847106934
2K,q1,17014,0.09751248359680176
2K,q1,17014,0.08581018447875977
2K,q1,17014,0.0881798267364502
2K,q1,25321,0.08587789535522461
2K,q1,25321,0.0891425609588623
2K,q1,25321,0.08510470390319824
2K,q1,25321,0.08682703971862793
2K,q1,25321,0.0867762565612793
2K,q1,2605,0.0962374210357666
2K,q1,2605,0.08942461013793945
2K,q1,2605,0.09159994125366211
2K,q1,2605,0.09181904792785645
2K,q1,2605,0.0930793285369873
2K,q1,5574,0.09362149238586426
2K,q1,5574,0.13980817794799805
2K,q1,5574,0.0948038101196289
2K,q1,5574,0.10303258895874023
2K,q1,5574,0.09067583084106445
2K,q1,32750,0.09190106391906738
2K,q1,32750,0.09076547622680664
2K,q1,32750,0.09197354316711426
2K,q1,32750,0.09164786338806152
2K,q1,32750,0.09215879440307617
2K,q1,19001,0.09113430976867676
2K,q1,19001,0.09243035316467285
2K,q1,19001,0.091278076171875
2K,q1,19001,0.09019184112548828
2K,q1,19001,0.09239888191223145
2K,q2,36,0.11935997009277344
2K,q2,36,0.12547802925109863
2K,q2,36,0.11035871505737305
2K,q2,36,0.10201573371887207
2K,q2,36,0.11150693893432617
2K,q2,25,0.1332995891571045
2K,q2,25,0.12493252754211426
2K,q2,25,0.15824294090270996
2K,q2,25,0.1217641830444336
2K,q2,25,0.12759828567504883
2K,q2,37,0.15378236770629883
2K,q2,37,0.11603689193725586
2K,q2,37,0.11827850341796875
2K,q2,37,0.10879015922546387
2K,q2,37,0.10739016532897949
2K,q2,23,0.12046289443969727
2K,q2,23,0.12283563613891602
2K,q2,23,0.13478803634643555
2K,q2,23,0.1234283447265625
2K,q2,23,0.16496515274047852
2K,q2,39,0.1149435043334961
2K,q2,39,0.1081995964050293
2K,q2,39,0.11459946632385254
2K,q2,39,0.11022329330444336
2K,q2,39,0.15028810501098633
2K,q2,19,0.1941373348236084
2K,q2,19,0.1754283905029297
2K,q2,19,0.12254619598388672
2K,q2,19,0.1521761417388916
2K,q2,19,0.12346887588500977
2K,q2,17,0.11599326133728027
2K,q2,17,0.11731100082397461
2K,q2,17,0.1610722541809082
2K,q2,17,0.11872124671936035
2K,q2,17,0.11608028411865234
2K,q2,6,0.10916972160339355
2K,q2,6,0.14663076400756836
2K,q2,6,0.11011672019958496
2K,q2,6,0.11572933197021484
2K,q2,6,0.16608119010925293
2K,q2,8,0.15665674209594727
2K,q2,8,0.10883498191833496
2K,q2,8,0.11689877510070801
2K,q2,8,0.14803314208984375
2K,q2,8,0.11129593849182129
2K,q2,0,0.10743045806884766
2K,q2,0,0.09528088569641113
2K,q2,0,0.07565546035766602
2K,q2,0,0.07482600212097168
2K,q2,0,0.0731351375579834
2K,q2,26,0.1249547004699707
2K,q2,26,0.11836504936218262
2K,q2,26,0.11974263191223145
2K,q2,26,0.12009334564208984
2K,q2,26,0.11240816116333008
2K,q2,10,0.10242128372192383
2K,q2,10,0.10306835174560547
2K,q2,10,0.10537838935852051
2K,q2,10,0.11369967460632324
2K,q2,10,0.10915708541870117
2K,q2,39,0.10406970977783203
2K,q2,39,0.10208010673522949
2K,q2,39,0.10254621505737305
2K,q2,39,0.09957313537597656
2K,q2,39,0.10433697700500488
2K,q2,3,0.09904193878173828
2K,q2,3,0.09906291961669922
2K,q2,3,0.1479201316833496
2K,q2,3,0.1457500457763672
2K,q2,3,0.10232353210449219
2K,q2,16,0.1227574348449707
2K,q2,16,0.17499804496765137
2K,q2,16,0.1744089126586914
2K,q2,16,0.17009353637695312
2K,q2,16,0.16131591796875
2K,q2,14,0.12853717803955078
2K,q2,14,0.1119997501373291
2K,q2,14,0.1497058868408203
2K,q2,14,0.1603693962097168
2K,q2,14,0.12025570869445801
2K,q2,3,0.10763311386108398
2K,q2,3,0.14288067817687988
2K,q2,3,0.14678430557250977
2K,q2,3,0.12951064109802246
2K,q2,3,0.14648914337158203
2K,q2,6,0.14940214157104492
2K,q2,6,0.14732146263122559
2K,q2,6,0.14346075057983398
2K,q2,6,0.13948702812194824
2K,q2,6,0.15009498596191406
2K,q2,17,0.1540822982788086
2K,q2,17,0.15166521072387695
2K,q2,17,0.1461162567138672
2K,q2,17,0.11148190498352051
2K,q2,17,0.1575911045074463
2K,q2,28,0.11354827880859375
2K,q2,28,0.11093759536743164
2K,q2,28,0.11168241500854492
2K,q2,28,0.11008763313293457
2K,q2,28,0.10650181770324707
2K,q3,15396,0.0060634613037109375
2K,q3,15396,0.003553628921508789
2K,q3,15396,0.0027534961700439453
2K,q3,15396,0.004413127899169922
2K,q3,15396,0.0034875869750976562
2K,q3,17030,0.002724885940551758
2K,q3,17030,0.007035493850708008
2K,q3,17030,0.0052301883697509766
2K,q3,17030,0.012402772903442383
2K,q3,17030,0.009226083755493164
2K,q3,13116,0.00428462028503418
2K,q3,13116,0.004231452941894531
2K,q3,13116,0.008437633514404297
2K,q3,13116,0.0039560794830322266
2K,q3,13116,0.004890918731689453
2K,q3,2517,0.002771139144897461
2K,q3,2517,0.0030744075775146484
2K,q3,2517,0.0028939247131347656
2K,q3,2517,0.003108501434326172
2K,q3,2517,0.013440608978271484
2K,q3,10820,0.0028519630432128906
2K,q3,10820,0.0026361942291259766
2K,q3,10820,0.003065347671508789
2K,q3,10820,0.0027883052825927734
2K,q3,10820,0.0026862621307373047
2K,q3,6240,0.005162477493286133
2K,q3,6240,0.002646207809448242
2K,q3,6240,0.009954690933227539
2K,q3,6240,0.0036857128143310547
2K,q3,6240,0.0035262107849121094
2K,q3,10332,0.0048542022705078125
2K,q3,10332,0.0036725997924804688
2K,q3,10332,0.003294706344604492
2K,q3,10332,0.003596067428588867
2K,q3,10332,0.0027968883514404297
2K,q3,13418,0.002779245376586914
2K,q3,13418,0.0027818679809570312
2K,q3,13418,0.0030934810638427734
2K,q3,13418,0.002823352813720703
2K,q3,13418,0.002824544906616211
2K,q3,6756,0.0028917789459228516
2K,q3,6756,0.005379438400268555
2K,q3,6756,0.0048062801361083984
2K,q3,6756,0.003298521041870117
2K,q3,6756,0.0026390552520751953
2K,q3,7948,0.002988576889038086
2K,q3,7948,0.002758502960205078
2K,q3,7948,0.002904653549194336
2K,q3,7948,0.0027408599853515625
2K,q3,7948,0.0028052330017089844
2K,q3,18767,0.002686738967895508
2K,q3,18767,0.002810239791870117
2K,q3,18767,0.002633333206176758
2K,q3,18767,0.003025531768798828
2K,q3,18767,0.002683877944946289
2K,q3,6584,0.0028138160705566406
2K,q3,6584,0.0026559829711914062
2K,q3,6584,0.0027954578399658203
2K,q3,6584,0.0027408599853515625
2K,q3,6584,0.0027964115142822266
2K,q3,10169,0.002666950225830078
2K,q3,10169,0.0028150081634521484
2K,q3,10169,0.0031745433807373047
2K,q3,10169,0.004082918167114258
2K,q3,10169,0.00470423698425293
2K,q3,13253,0.00420069694519043
2K,q3,13253,0.011399984359741211
2K,q3,13253,0.007668018341064453
2K,q3,13253,0.0043447017669677734
2K,q3,13253,0.006005287170410156
2K,q3,15709,0.004532814025878906
2K,q3,15709,0.0058994293212890625
2K,q3,15709,0.005386829376220703
2K,q3,15709,0.003675222396850586
2K,q3,15709,0.003729104995727539
2K,q3,13669,0.0035364627838134766
2K,q3,13669,0.0031342506408691406
2K,q3,13669,0.004037141799926758
2K,q3,13669,0.0082550048828125
2K,q3,13669,0.0037055015563964844
2K,q3,17082,0.003318309783935547
2K,q3,17082,0.003275156021118164
2K,q3,17082,0.0032219886779785156
2K,q3,17082,0.003569364547729492
2K,q3,17082,0.003173828125
2K,q3,19139,0.0037865638732910156
2K,q3,19139,0.004301309585571289
2K,q3,19139,0.0034761428833007812
2K,q3,19139,0.018227100372314453
2K,q3,19139,0.006905555725097656
2K,q3,17060,0.0027589797973632812
2K,q3,17060,0.0029098987579345703
2K,q3,17060,0.002445697784423828
2K,q3,17060,0.009080886840820312
2K,q3,17060,0.004397392272949219
2K,q3,9532,0.004238128662109375
2K,q3,9532,0.004454612731933594
2K,q3,9532,0.0038330554962158203
2K,q3,9532,0.004044294357299805
2K,q3,9532,0.00397801399230957
2K,q4,22900,0.12681818008422852
2K,q4,22900,0.13108539581298828
2K,q4,22900,0.12575244903564453
2K,q4,22900,0.1247866153717041
2K,q4,22900,0.09612178802490234
2K,q4,10583,0.13976240158081055
2K,q4,10583,0.09915947914123535
2K,q4,10583,0.09183168411254883
2K,q4,10583,0.09350442886352539
2K,q4,10583,0.09230518341064453
2K,q4,7065,0.09468817710876465
2K,q4,7065,0.09134030342102051
2K,q4,7065,0.09080672264099121
2K,q4,7065,0.09390401840209961
2K,q4,7065,0.09336566925048828
2K,q4,23727,0.0979773998260498
2K,q4,23727,0.09140133857727051
2K,q4,23727,0.08817672729492188
2K,q4,23727,0.13009977340698242
2K,q4,23727,0.09778475761413574
2K,q4,27184,0.11823415756225586
2K,q4,27184,0.09334731101989746
2K,q4,27184,0.09032726287841797
2K,q4,27184,0.09451770782470703
2K,q4,27184,0.13240528106689453
2K,q4,26311,0.12848114967346191
2K,q4,26311,0.0980842113494873
2K,q4,26311,0.13074660301208496
2K,q4,26311,0.13011932373046875
2K,q4,26311,0.1393876075744629
2K,q4,71,0.10081338882446289
2K,q4,71,0.09659767150878906
2K,q4,71,0.09609556198120117
2K,q4,71,0.08921051025390625
2K,q4,71,0.10004901885986328
2K,q4,28650,0.08705282211303711
2K,q4,28650,0.08638477325439453
2K,q4,28650,0.09048795700073242
2K,q4,28650,0.0950477123260498
2K,q4,28650,0.08955144882202148
2K,q4,27064,0.13220548629760742
2K,q4,27064,0.10024213790893555
2K,q4,27064,0.09490466117858887
2K,q4,27064,0.0934906005859375
2K,q4,27064,0.09237265586853027
2K,q4,22219,0.08743524551391602
2K,q4,22219,0.0889747142791748
2K,q4,22219,0.0935523509979248
2K,q4,22219,0.09998512268066406
2K,q4,22219,0.09786844253540039
2K,q4,14063,0.10821032524108887
2K,q4,14063,0.09139633178710938
2K,q4,14063,0.09193730354309082
2K,q4,14063,0.09138751029968262
2K,q4,14063,0.09314131736755371
2K,q4,2930,0.08968186378479004
2K,q4,2930,0.09383487701416016
2K,q4,2930,0.08832907676696777
2K,q4,2930,0.09142756462097168
2K,q4,2930,0.09729409217834473
2K,q4,2013,0.09513020515441895
2K,q4,2013,0.09001970291137695
2K,q4,2013,0.08890652656555176
2K,q4,2013,0.0863492488861084
2K,q4,2013,0.10390901565551758
2K,q4,13851,0.09034156799316406
2K,q4,13851,0.09351587295532227
2K,q4,13851,0.09340262413024902
2K,q4,13851,0.08699297904968262
2K,q4,13851,0.08987045288085938
2K,q4,5187,0.09013581275939941
2K,q4,5187,0.08847951889038086
2K,q4,5187,0.09968113899230957
2K,q4,5187,0.08992767333984375
2K,q4,5187,0.0930168628692627
2K,q4,11032,0.09105801582336426
2K,q4,11032,0.09268760681152344
2K,q4,11032,0.08899235725402832
2K,q4,11032,0.0933074951171875
2K,q4,11032,0.09539484977722168
2K,q4,37002,0.10794377326965332
2K,q4,37002,0.12901020050048828
2K,q4,37002,0.09727120399475098
2K,q4,37002,0.08754110336303711
2K,q4,37002,0.08770608901977539
2K,q4,21828,0.08475971221923828
2K,q4,21828,0.09183597564697266
2K,q4,21828,0.09036660194396973
2K,q4,21828,0.09386777877807617
2K,q4,21828,0.1320629119873047
2K,q4,15869,0.09646797180175781
2K,q4,15869,0.09677243232727051
2K,q4,15869,0.13117718696594238
2K,q4,15869,0.13011741638183594
2K,q4,15869,0.09706425666809082
2K,q4,14599,0.09132170677185059
2K,q4,14599,0.10291624069213867
2K,q4,14599,0.09138298034667969
2K,q4,14599,0.09850311279296875
2K,q4,14599,0.1335451602935791
2K,q5,1843,0.24925541877746582
2K,q5,1843,0.21768474578857422
2K,q5,1843,0.23076319694519043
2K,q5,1843,0.2612133026123047
2K,q5,1843,0.256946325302124
2K,q5,206,0.2083144187927246
2K,q5,206,0.21448230743408203
2K,q5,206,0.20647668838500977
2K,q5,206,0.21975183486938477
2K,q5,206,0.25330162048339844
2K,q5,1071,0.6080513000488281
2K,q5,1071,0.6344892978668213
2K,q5,1071,0.7171874046325684
2K,q5,1071,0.6653671264648438
2K,q5,1071,0.6788671016693115
2K,q5,1789,0.24712133407592773
2K,q5,1789,0.25118112564086914
2K,q5,1789,0.3237004280090332
2K,q5,1789,0.21498775482177734
2K,q5,1789,0.24724316596984863
2K,q5,1757,0.2896912097930908
2K,q5,1757,0.2758667469024658
2K,q5,1757,0.28576040267944336
2K,q5,1757,0.22680163383483887
2K,q5,1757,0.23821306228637695
2K,q5,1606,0.21678853034973145
2K,q5,1606,0.1991136074066162
2K,q5,1606,0.23879194259643555
2K,q5,1606,0.24207806587219238
2K,q5,1606,0.24116992950439453
2K,q5,1490,0.3536548614501953
2K,q5,1490,0.3762400150299072
2K,q5,1490,0.3520088195800781
2K,q5,1490,0.3472788333892822
2K,q5,1490,0.36601924896240234
2K,q5,1685,0.300795316696167
2K,q5,1685,0.29108691215515137
2K,q5,1685,0.30187392234802246
2K,q5,1685,0.24801230430603027
2K,q5,1685,0.28061628341674805
2K,q5,538,0.3609304428100586
2K,q5,538,0.39755845069885254
2K,q5,538,0.33394432067871094
2K,q5,538,0.3242652416229248
2K,q5,538,0.32842063903808594
2K,q5,853,0.4884061813354492
2K,q5,853,0.4719882011413574
2K,q5,853,0.4462096691131592
2K,q5,853,0.5068652629852295
2K,q5,853,0.46095895767211914
2K,q5,341,0.2597661018371582
2K,q5,341,0.2620244026184082
2K,q5,341,0.24004864692687988
2K,q5,341,0.23145461082458496
2K,q5,341,0.20651578903198242
2K,q5,1410,0.22008585929870605
2K,q5,1410,0.22315692901611328
2K,q5,1410,0.23536133766174316
2K,q5,1410,0.2479543685913086
2K,q5,1410,0.23592019081115723
2K,q5,1140,0.2859017848968506
2K,q5,1140,0.2857527732849121
2K,q5,1140,0.28901171684265137
2K,q5,1140,0.260059118270874
2K,q5,1140,0.2599644660949707
2K,q5,730,0.28463292121887207
2K,q5,730,0.2588682174682617
2K,q5,730,0.2699470520019531
2K,q5,730,0.27223658561706543
2K,q5,730,0.272951602935791
2K,q5,1700,0.26003122329711914
2K,q5,1700,0.22410154342651367
2K,q5,1700,0.22719025611877441
2K,q5,1700,0.19901680946350098
2K,q5,1700,0.20143389701843262
2K,q5,266,0.2045440673828125
2K,q5,266,0.2221231460571289
2K,q5,266,0.21465396881103516
2K,q5,266,0.2769465446472168
2K,q5,266,0.22664690017700195
2K,q5,811,0.45194482803344727
2K,q5,811,0.5170159339904785
2K,q5,811,0.48038744926452637
2K,q5,811,0.5199089050292969
2K,q5,811,0.5389878749847412
2K,q5,1570,0.3518352508544922
2K,q5,1570,0.3314993381500244
2K,q5,1570,0.3265082836151123
2K,q5,1570,0.34322023391723633
2K,q5,1570,0.3047678470611572
2K,q5,1813,0.27489352226257324
2K,q5,1813,0.254133939743042
2K,q5,1813,0.2304525375366211
2K,q5,1813,0.2234177589416504
2K,q5,1813,0.27304935455322266
2K,q5,737,0.3411829471588135
2K,q5,737,0.3598978519439697
2K,q5,737,0.3950943946838379
2K,q5,737,0.407651424407959
2K,q5,737,0.35865306854248047
2K,q6,5,0.1170034408569336
2K,q6,5,0.09186768531799316
2K,q6,5,0.09056782722473145
2K,q6,5,0.0715639591217041
2K,q6,5,0.08837103843688965
2K,q6,14,0.10493922233581543
2K,q6,14,0.13962244987487793
2K,q6,14,0.17212939262390137
2K,q6,14,0.13041901588439941
2K,q6,14,0.11332225799560547
2K,q6,19,0.04044151306152344
2K,q6,19,0.024264097213745117
2K,q6,19,0.010950803756713867
2K,q6,19,0.010206937789916992
2K,q6,19,0.009101152420043945
2K,q6,19,0.010609626770019531
2K,q6,19,0.00853419303894043
2K,q6,19,0.0123291015625
2K,q6,19,0.010087251663208008
2K,q6,19,0.009489059448242188
2K,q6,14,0.09478569030761719
2K,q6,14,0.12378573417663574
2K,q6,14,0.13242125511169434
2K,q6,14,0.10946083068847656
2K,q6,14,0.12006783485412598
2K,q6,6,0.06299161911010742
2K,q6,6,0.05180859565734863
2K,q6,6,0.05756521224975586
2K,q6,6,0.05341744422912598
2K,q6,6,0.05511331558227539
2K,q6,21,0.0762484073638916
2K,q6,21,0.07333111763000488
2K,q6,21,0.07050633430480957
2K,q6,21,0.06899237632751465
2K,q6,21,0.0920407772064209
2K,q6,1,0.08285021781921387
2K,q6,1,0.11900877952575684
2K,q6,1,0.10471248626708984
2K,q6,1,0.12307190895080566
2K,q6,1,0.11879730224609375
2K,q6,12,0.08719682693481445
2K,q6,12,0.08261799812316895
2K,q6,12,0.07761454582214355
2K,q6,12,0.060684919357299805
2K,q6,12,0.05948448181152344
2K,q6,14,0.07822799682617188
2K,q6,14,0.08426046371459961
2K,q6,14,0.09807968139648438
2K,q6,14,0.15947175025939941
2K,q6,14,0.11797356605529785
2K,q6,0,0.0073893070220947266
2K,q6,0,0.010058403015136719
2K,q6,0,0.0039556026458740234
2K,q6,0,0.0034990310668945312
2K,q6,0,0.004258394241333008
2K,q6,19,0.010309219360351562
2K,q6,19,0.014181137084960938
2K,q6,19,0.009713888168334961
2K,q6,19,0.016561031341552734
2K,q6,19,0.009169340133666992
2K,q6,1,0.0710303783416748
2K,q6,1,0.07244348526000977
2K,q6,1,0.08469629287719727
2K,q6,1,0.09080243110656738
2K,q6,1,0.09700131416320801
2K,q6,8,0.0284423828125
2K,q6,8,0.055475711822509766
2K,q6,8,0.03724336624145508
2K,q6,8,0.032495975494384766
2K,q6,8,0.03632640838623047
2K,q6,11,0.09586143493652344
2K,q6,11,0.09702110290527344
2K,q6,11,0.10098838806152344
2K,q6,11,0.09403300285339355
2K,q6,11,0.0734858512878418
2K,q6,0,0.005285024642944336
2K,q6,0,0.004373788833618164
2K,q6,0,0.0033910274505615234
2K,q6,0,0.003021717071533203
2K,q6,0,0.004876852035522461
2K,q6,17,0.07286977767944336
2K,q6,17,0.06857728958129883
2K,q6,17,0.11087250709533691
2K,q6,17,0.08952665328979492
2K,q6,17,0.1018056869506836
2K,q6,4,0.07875466346740723
2K,q6,4,0.07558989524841309
2K,q6,4,0.06451535224914551
2K,q6,4,0.07227540016174316
2K,q6,4,0.07524681091308594
2K,q6,22,0.06015777587890625
2K,q6,22,0.05019378662109375
2K,q6,22,0.057678937911987305
2K,q6,22,0.058446645736694336
2K,q6,22,0.04645681381225586
2K,q6,4,0.08626437187194824
2K,q6,4,0.09807181358337402
2K,q6,4,0.07937002182006836
2K,q6,4,0.08108663558959961
2K,q6,4,0.08054637908935547
4K,q1,53167,0.2820417881011963
4K,q1,53167,0.1880173683166504
4K,q1,53167,0.18634033203125
4K,q1,53167,0.1709737777709961
4K,q1,53167,0.223006010055542
4K,q1,34685,0.19101977348327637
4K,q1,34685,0.18331599235534668
4K,q1,34685,0.1899700164794922
4K,q1,34685,0.21485543251037598
4K,q1,34685,0.17948079109191895
4K,q1,17526,0.19381427764892578
4K,q1,17526,0.19287443161010742
4K,q1,17526,0.18181633949279785
4K,q1,17526,0.17991137504577637
4K,q1,17526,0.17082810401916504
4K,q1,37476,0.17368674278259277
4K,q1,37476,0.17040157318115234
4K,q1,37476,0.17681431770324707
4K,q1,37476,0.18289470672607422
4K,q1,37476,0.17348265647888184
4K,q1,24778,0.17325067520141602
4K,q1,24778,0.1822669506072998
4K,q1,24778,0.178818941116333
4K,q1,24778,0.18552541732788086
4K,q1,24778,0.17409682273864746
4K,q1,15916,0.17722272872924805
4K,q1,15916,0.19054818153381348
4K,q1,15916,0.19952774047851562
4K,q1,15916,0.18573808670043945
4K,q1,15916,0.17829251289367676
4K,q1,6867,0.17077970504760742
4K,q1,6867,0.17928743362426758
4K,q1,6867,0.17396759986877441
4K,q1,6867,0.17414617538452148
4K,q1,6867,0.17292308807373047
4K,q1,74073,0.2266545295715332
4K,q1,74073,0.17679405212402344
4K,q1,74073,0.22780728340148926
4K,q1,74073,0.19576334953308105
4K,q1,74073,0.2130293846130371
4K,q1,4814,0.23348379135131836
4K,q1,4814,0.22055435180664062
4K,q1,4814,0.23206639289855957
4K,q1,4814,0.2172689437866211
4K,q1,4814,0.1969585418701172
4K,q1,44035,0.18329262733459473
4K,q1,44035,0.18863606452941895
4K,q1,44035,0.17933988571166992
4K,q1,44035,0.18496060371398926
4K,q1,44035,0.18152761459350586
4K,q1,22098,0.2265310287475586
4K,q1,22098,0.22226738929748535
4K,q1,22098,0.1934196949005127
4K,q1,22098,0.18448448181152344
4K,q1,22098,0.17908668518066406
4K,q1,73599,0.17350101470947266
4K,q1,73599,0.21971416473388672
4K,q1,73599,0.25599241256713867
4K,q1,73599,0.19623351097106934
4K,q1,73599,0.22418999671936035
4K,q1,28362,0.17878031730651855
4K,q1,28362,0.21125364303588867
4K,q1,28362,0.22788381576538086
4K,q1,28362,0.18224215507507324
4K,q1,28362,0.18728065490722656
4K,q1,41067,0.22670269012451172
4K,q1,41067,0.22059369087219238
4K,q1,41067,0.1887369155883789
4K,q1,41067,0.17731761932373047
4K,q1,41067,0.1806347370147705
4K,q1,17761,0.17961645126342773
4K,q1,17761,0.18430399894714355
4K,q1,17761,0.20186758041381836
4K,q1,17761,0.19329237937927246
4K,q1,17761,0.23476743698120117
4K,q1,78214,0.21396780014038086
4K,q1,78214,0.18526458740234375
4K,q1,78214,0.17239713668823242
4K,q1,78214,0.18356657028198242
4K,q1,78214,0.21974825859069824
4K,q1,39313,0.18660807609558105
4K,q1,39313,0.1799335479736328
4K,q1,39313,0.23419690132141113
4K,q1,39313,0.18271303176879883
4K,q1,39313,0.17705297470092773
4K,q1,63001,0.18368124961853027
4K,q1,63001,0.22337651252746582
4K,q1,63001,0.23274660110473633
4K,q1,63001,0.2471294403076172
4K,q1,63001,0.17256879806518555
4K,q1,20918,0.23288989067077637
4K,q1,20918,0.17537283897399902
4K,q1,20918,0.22806429862976074
4K,q1,20918,0.23635149002075195
4K,q1,20918,0.18673372268676758
4K,q1,2169,0.18445324897766113
4K,q1,2169,0.17554473876953125
4K,q1,2169,0.17867469787597656
4K,q1,2169,0.1783907413482666
4K,q1,2169,0.1873934268951416
4K,q2,7,0.20578885078430176
4K,q2,7,0.20166778564453125
4K,q2,7,0.22229695320129395
4K,q2,7,0.21608471870422363
4K,q2,7,0.2031245231628418
4K,q2,48,0.21602869033813477
4K,q2,48,0.2463548183441162
4K,q2,48,0.22677850723266602
4K,q2,48,0.22123217582702637
4K,q2,48,0.2655758857727051
4K,q2,18,0.2612168788909912
4K,q2,18,0.21506023406982422
4K,q2,18,0.2166604995727539
4K,q2,18,0.22156119346618652
4K,q2,18,0.21315979957580566
4K,q2,39,0.2538743019104004
4K,q2,39,0.23706746101379395
4K,q2,39,0.23755192756652832
4K,q2,39,0.22865962982177734
4K,q2,39,0.21686720848083496
4K,q2,18,0.20852112770080566
4K,q2,18,0.19715595245361328
4K,q2,18,0.2121422290802002
4K,q2,18,0.20833730697631836
4K,q2,18,0.20703601837158203
4K,q2,69,0.19901466369628906
4K,q2,69,0.20652413368225098
4K,q2,69,0.2048473358154297
4K,q2,69,0.20067095756530762
4K,q2,69,0.22664928436279297
4K,q2,10,0.25487422943115234
4K,q2,10,0.20496392250061035
4K,q2,10,0.19398164749145508
4K,q2,10,0.26499080657958984
4K,q2,10,0.19360661506652832
4K,q2,30,0.2059779167175293
4K,q2,30,0.2543027400970459
4K,q2,30,0.22227096557617188
4K,q2,30,0.21170997619628906
4K,q2,30,0.20759224891662598
4K,q2,43,0.2205193042755127
4K,q2,43,0.22775983810424805
4K,q2,43,0.22674918174743652
4K,q2,43,0.230787992477417
4K,q2,43,0.21048784255981445
4K,q2,72,0.20783424377441406
4K,q2,72,0.1967003345489502
4K,q2,72,0.2039041519165039
4K,q2,72,0.19983601570129395
4K,q2,72,0.2470717430114746
4K,q2,53,0.2438504695892334
4K,q2,53,0.29090118408203125
4K,q2,53,0.22332215309143066
4K,q2,53,0.20976877212524414
4K,q2,53,0.20381879806518555
4K,q2,25,0.21628832817077637
4K,q2,25,0.23954057693481445
4K,q2,25,0.2533290386199951
4K,q2,25,0.2382514476776123
4K,q2,25,0.21187281608581543
4K,q2,77,0.22434759140014648
4K,q2,77,0.20890474319458008
4K,q2,77,0.2871549129486084
4K,q2,77,0.2225480079650879
4K,q2,77,0.21239542961120605
4K,q2,65,0.22220873832702637
4K,q2,65,0.21349120140075684
4K,q2,65,0.2371354103088379
4K,q2,65,0.2594187259674072
4K,q2,65,0.27031683921813965
4K,q2,55,0.26356959342956543
4K,q2,55,0.24775099754333496
4K,q2,55,0.22623705863952637
4K,q2,55,0.21526408195495605
4K,q2,55,0.22113704681396484
4K,q2,23,0.21084213256835938
4K,q2,23,0.20618963241577148
4K,q2,23,0.21748805046081543
4K,q2,23,0.24462461471557617
4K,q2,23,0.20978212356567383
4K,q2,82,0.19878149032592773
4K,q2,82,0.20326757431030273
4K,q2,82,0.21827435493469238
4K,q2,82,0.2194676399230957
4K,q2,82,0.20724129676818848
4K,q2,33,0.2576925754547119
4K,q2,33,0.2414720058441162
4K,q2,33,0.22749781608581543
4K,q2,33,0.27338576316833496
4K,q2,33,0.21532678604125977
4K,q2,82,0.19846868515014648
4K,q2,82,0.20264840126037598
4K,q2,82,0.21566534042358398
4K,q2,82,0.20255041122436523
4K,q2,82,0.24304890632629395
4K,q2,25,0.2427375316619873
4K,q2,25,0.2543792724609375
4K,q2,25,0.22739720344543457
4K,q2,25,0.21328043937683105
4K,q2,25,0.22002911567687988
4K,q3,20898,0.0055179595947265625
4K,q3,20898,0.010499000549316406
4K,q3,20898,0.004351615905761719
4K,q3,20898,0.004314422607421875
4K,q3,20898,0.004469871520996094
4K,q3,25929,0.014108419418334961
4K,q3,25929,0.004717826843261719
4K,q3,25929,0.0041828155517578125
4K,q3,25929,0.003905773162841797
4K,q3,25929,0.005409717559814453
4K,q3,155,0.006509542465209961
4K,q3,155,0.004126310348510742
4K,q3,155,0.005357503890991211
4K,q3,155,0.003032207489013672
4K,q3,155,0.002958059310913086
4K,q3,11758,0.0037908554077148438
4K,q3,11758,0.0030107498168945312
4K,q3,11758,0.002907276153564453
4K,q3,11758,0.0030760765075683594
4K,q3,11758,0.0028040409088134766
4K,q3,24075,0.0031464099884033203
4K,q3,24075,0.0027506351470947266
4K,q3,24075,0.002923727035522461
4K,q3,24075,0.003339529037475586
4K,q3,24075,0.0037279129028320312
4K,q3,3493,0.0030884742736816406
4K,q3,3493,0.0029075145721435547
4K,q3,3493,0.0038666725158691406
4K,q3,3493,0.017338037490844727
4K,q3,3493,0.005414724349975586
4K,q3,356,0.022588014602661133
4K,q3,356,0.004429340362548828
4K,q3,356,0.0044536590576171875
4K,q3,356,0.005084991455078125
4K,q3,356,0.004240274429321289
4K,q3,31542,0.004024982452392578
4K,q3,31542,0.003760814666748047
4K,q3,31542,0.004084110260009766
4K,q3,31542,0.0036733150482177734
4K,q3,31542,0.003426074981689453
4K,q3,33816,0.004477739334106445
4K,q3,33816,0.0044689178466796875
4K,q3,33816,0.0043849945068359375
4K,q3,33816,0.0044002532958984375
4K,q3,33816,0.004238128662109375
4K,q3,11311,0.009160041809082031
4K,q3,11311,0.00446772575378418
4K,q3,11311,0.010223865509033203
4K,q3,11311,0.004733085632324219
4K,q3,11311,0.004944324493408203
4K,q3,5612,0.005394697189331055
4K,q3,5612,0.004892110824584961
4K,q3,5612,0.0048754215240478516
4K,q3,5612,0.004503011703491211
4K,q3,5612,0.004726409912109375
4K,q3,13095,0.017180919647216797
4K,q3,13095,0.0048449039459228516
4K,q3,13095,0.005976438522338867
4K,q3,13095,0.005129098892211914
4K,q3,13095,0.014268636703491211
4K,q3,7725,0.004651069641113281
4K,q3,7725,0.005697965621948242
4K,q3,7725,0.0046558380126953125
4K,q3,7725,0.0047681331634521484
4K,q3,7725,0.005072116851806641
4K,q3,18161,0.00484776496887207
4K,q3,18161,0.004964351654052734
4K,q3,18161,0.004820346832275391
4K,q3,18161,0.004765510559082031
4K,q3,18161,0.005028963088989258
4K,q3,7794,0.0049703121185302734
4K,q3,7794,0.004599571228027344
4K,q3,7794,0.004912614822387695
4K,q3,7794,0.0046367645263671875
4K,q3,7794,0.007735252380371094
4K,q3,12081,0.005121707916259766
4K,q3,12081,0.004914760589599609
4K,q3,12081,0.011250972747802734
4K,q3,12081,0.004316091537475586
4K,q3,12081,0.004483222961425781
4K,q3,2892,0.004694461822509766
4K,q3,2892,0.011000633239746094
4K,q3,2892,0.00449824333190918
4K,q3,2892,0.00543975830078125
4K,q3,2892,0.004812717437744141
4K,q3,34264,0.004529237747192383
4K,q3,34264,0.004717826843261719
4K,q3,34264,0.004342079162597656
4K,q3,34264,0.004485607147216797
4K,q3,34264,0.005147695541381836
4K,q3,33974,0.02677750587463379
4K,q3,33974,0.015758275985717773
4K,q3,33974,0.0063211917877197266
4K,q3,33974,0.0035195350646972656
4K,q3,33974,0.0036284923553466797
4K,q3,18125,0.0036733150482177734
4K,q3,18125,0.004353761672973633
4K,q3,18125,0.00562739372253418
4K,q3,18125,0.0034248828887939453
4K,q3,18125,0.006496906280517578
4K,q4,64166,0.2264716625213623
4K,q4,64166,0.17351651191711426
4K,q4,64166,0.1795361042022705
4K,q4,64166,0.17758822441101074
4K,q4,64166,0.1824488639831543
4K,q4,74596,0.2040400505065918
4K,q4,74596,0.17026400566101074
4K,q4,74596,0.1952357292175293
4K,q4,74596,0.2326812744140625
4K,q4,74596,0.18397212028503418
4K,q4,32999,0.2052600383758545
4K,q4,32999,0.18886137008666992
4K,q4,32999,0.1750333309173584
4K,q4,32999,0.18343210220336914
4K,q4,32999,0.17357492446899414
4K,q4,38482,0.17769598960876465
4K,q4,38482,0.1751563549041748
4K,q4,38482,0.24754881858825684
4K,q4,38482,0.22724342346191406
4K,q4,38482,0.2515218257904053
4K,q4,60611,0.18794941902160645
4K,q4,60611,0.17766690254211426
4K,q4,60611,0.18862056732177734
4K,q4,60611,0.19363784790039062
4K,q4,60611,0.21782231330871582
4K,q4,31608,0.21884918212890625
4K,q4,31608,0.1894075870513916
4K,q4,31608,0.24619603157043457
4K,q4,31608,0.22563910484313965
4K,q4,31608,0.19225382804870605
4K,q4,71406,0.18973946571350098
4K,q4,71406,0.23488855361938477
4K,q4,71406,0.1853652000427246
4K,q4,71406,0.22525572776794434
4K,q4,71406,0.1858973503112793
4K,q4,33087,0.17348623275756836
4K,q4,33087,0.17109322547912598
4K,q4,33087,0.19205236434936523
4K,q4,33087,0.19390177726745605
4K,q4,33087,0.18120479583740234
4K,q4,12869,0.17727971076965332
4K,q4,12869,0.17397236824035645
4K,q4,12869,0.17810964584350586
4K,q4,12869,0.17955255508422852
4K,q4,12869,0.17549562454223633
4K,q4,62487,0.18039393424987793
4K,q4,62487,0.22246503829956055
4K,q4,62487,0.22294282913208008
4K,q4,62487,0.18424272537231445
4K,q4,62487,0.22118473052978516
4K,q4,71071,0.2580301761627197
4K,q4,71071,0.1759626865386963
4K,q4,71071,0.21352791786193848
4K,q4,71071,0.24364066123962402
4K,q4,71071,0.20806217193603516
4K,q4,78027,0.1789083480834961
4K,q4,78027,0.1710059642791748
4K,q4,78027,0.22597289085388184
4K,q4,78027,0.17626309394836426
4K,q4,78027,0.19683480262756348
4K,q4,3013,0.1754744052886963
4K,q4,3013,0.1766200065612793
4K,q4,3013,0.1849961280822754
4K,q4,3013,0.17241716384887695
4K,q4,3013,0.18443679809570312
4K,q4,21421,0.21822452545166016
4K,q4,21421,0.2275986671447754
4K,q4,21421,0.19031929969787598
4K,q4,21421,0.1918191909790039
4K,q4,21421,0.24581050872802734
4K,q4,32541,0.22307085990905762
4K,q4,32541,0.2106482982635498
4K,q4,32541,0.231170654296875
4K,q4,32541,0.1792287826538086
4K,q4,32541,0.22433686256408691
4K,q4,24900,0.18645215034484863
4K,q4,24900,0.17037105560302734
4K,q4,24900,0.1823105812072754
4K,q4,24900,0.17595314979553223
4K,q4,24900,0.18863153457641602
4K,q4,51291,0.23366785049438477
4K,q4,51291,0.21246719360351562
4K,q4,51291,0.1851036548614502
4K,q4,51291,0.20572423934936523
4K,q4,51291,0.2266085147857666
4K,q4,71172,0.2229013442993164
4K,q4,71172,0.17375612258911133
4K,q4,71172,0.18068361282348633
4K,q4,71172,0.21863889694213867
4K,q4,71172,0.2070310115814209
4K,q4,56062,0.18604731559753418
4K,q4,56062,0.21828913688659668
4K,q4,56062,0.1748673915863037
4K,q4,56062,0.17496705055236816
4K,q4,56062,0.18941473960876465
4K,q4,54905,0.18529891967773438
4K,q4,54905,0.21218013763427734
4K,q4,54905,0.22264480590820312
4K,q4,54905,0.1941084861755371
4K,q4,54905,0.18915390968322754
4K,q5,3769,0.495136022567749
4K,q5,3769,0.419605016708374
4K,q5,3769,0.44315528869628906
4K,q5,3769,0.4412837028503418
4K,q5,3769,0.43158531188964844
4K,q5,412,0.4725372791290283
4K,q5,412,0.4569425582885742
4K,q5,412,0.5095458030700684
4K,q5,412,0.456817626953125
4K,q5,412,0.40836596488952637
4K,q5,184,0.4158592224121094
4K,q5,184,0.4457385540008545
4K,q5,184,0.4780457019805908
4K,q5,184,0.4349863529205322
4K,q5,184,0.4000368118286133
4K,q5,2992,0.44481921195983887
4K,q5,2992,0.46665048599243164
4K,q5,2992,0.44792890548706055
4K,q5,2992,0.4705193042755127
4K,q5,2992,0.44594693183898926
4K,q5,3216,0.4378986358642578
4K,q5,3216,0.45284032821655273
4K,q5,3216,0.39343929290771484
4K,q5,3216,0.39142751693725586
4K,q5,3216,0.4552476406097412
4K,q5,1959,0.7358303070068359
4K,q5,1959,0.7229235172271729
4K,q5,1959,0.6392765045166016
4K,q5,1959,0.7735917568206787
4K,q5,1959,0.6345608234405518
4K,q5,783,0.47621655464172363
4K,q5,783,0.4514789581298828
4K,q5,783,0.41440415382385254
4K,q5,783,0.44745421409606934
4K,q5,783,0.44948577880859375
4K,q5,722,0.48620033264160156
4K,q5,722,0.4839596748352051
4K,q5,722,0.48401522636413574
4K,q5,722,0.47524166107177734
4K,q5,722,0.48767685890197754
4K,q5,2271,0.4419264793395996
4K,q5,2271,0.4606630802154541
4K,q5,2271,0.45402097702026367
4K,q5,2271,0.5056259632110596
4K,q5,2271,0.46709609031677246
4K,q5,2025,0.8619654178619385
4K,q5,2025,0.853888988494873
4K,q5,2025,0.984459400177002
4K,q5,2025,0.8048050403594971
4K,q5,2025,0.7625713348388672
4K,q5,3844,0.450486421585083
4K,q5,3844,0.49900150299072266
4K,q5,3844,0.42154908180236816
4K,q5,3844,0.45142126083374023
4K,q5,3844,0.431795597076416
4K,q5,2337,1.0092051029205322
4K,q5,2337,1.0121755599975586
4K,q5,2337,1.064819097518921
4K,q5,2337,1.1388065814971924
4K,q5,2337,1.0896377563476562
4K,q5,1420,0.8314690589904785
4K,q5,1420,0.7321665287017822
4K,q5,1420,0.8467226028442383
4K,q5,1420,0.74019455909729
4K,q5,1420,0.7680079936981201
4K,q5,2219,0.614189863204956
4K,q5,2219,0.6259207725524902
4K,q5,2219,0.6720447540283203
4K,q5,2219,0.6447083950042725
4K,q5,2219,0.6760978698730469
4K,q5,2426,0.7135927677154541
4K,q5,2426,0.7482731342315674
4K,q5,2426,0.6443314552307129
4K,q5,2426,0.7093079090118408
4K,q5,2426,0.6596798896789551
4K,q5,420,0.47925376892089844
4K,q5,420,0.4882974624633789
4K,q5,420,0.3982517719268799
4K,q5,420,0.4346046447753906
4K,q5,420,0.39901161193847656
4K,q5,179,0.48034214973449707
4K,q5,179,0.38895273208618164
4K,q5,179,0.48931264877319336
4K,q5,179,0.4130396842956543
4K,q5,179,0.44428181648254395
4K,q5,1774,0.6002216339111328
4K,q5,1774,0.6112208366394043
4K,q5,1774,0.5795192718505859
4K,q5,1774,0.6520476341247559
4K,q5,1774,0.5565400123596191
4K,q5,1252,0.4973025321960449
4K,q5,1252,0.4531259536743164
4K,q5,1252,0.4887111186981201
4K,q5,1252,0.4777853488922119
4K,q5,1252,0.5003564357757568
4K,q5,1131,0.4909539222717285
4K,q5,1131,0.4071340560913086
4K,q5,1131,0.44859862327575684
4K,q5,1131,0.4464538097381592
4K,q5,1131,0.4403340816497803
4K,q6,33,0.059517860412597656
4K,q6,33,0.05304765701293945
4K,q6,33,0.05455207824707031
4K,q6,33,0.05618882179260254
4K,q6,33,0.07225966453552246
4K,q6,24,0.09238862991333008
4K,q6,24,0.0839238166809082
4K,q6,24,0.10361576080322266
4K,q6,24,0.1192789077758789
4K,q6,24,0.12021517753601074
4K,q6,8,0.03229784965515137
4K,q6,8,0.0395355224609375
4K,q6,8,0.030498266220092773
4K,q6,8,0.028826475143432617
4K,q6,8,0.03150606155395508
4K,q6,19,0.015499591827392578
4K,q6,19,0.012726545333862305
4K,q6,19,0.01215505599975586
4K,q6,19,0.01103520393371582
4K,q6,19,0.011145591735839844
4K,q6,34,0.045954227447509766
4K,q6,34,0.06303215026855469
4K,q6,34,0.05663490295410156
4K,q6,34,0.04334664344787598
4K,q6,34,0.05677032470703125
4K,q6,34,0.04462838172912598
4K,q6,34,0.06363606452941895
4K,q6,34,0.0657811164855957
4K,q6,34,0.05370306968688965
4K,q6,34,0.05466198921203613
4K,q6,14,0.12035608291625977
4K,q6,14,0.12359905242919922
4K,q6,14,0.11282110214233398
4K,q6,14,0.10924029350280762
4K,q6,14,0.1672365665435791
4K,q6,37,0.10947370529174805
4K,q6,37,0.11199045181274414
4K,q6,37,0.11686539649963379
4K,q6,37,0.10048151016235352
4K,q6,37,0.11757946014404297
4K,q6,34,0.06914448738098145
4K,q6,34,0.0639810562133789
4K,q6,34,0.08550262451171875
4K,q6,34,0.08263707160949707
4K,q6,34,0.05743861198425293
4K,q6,18,0.05016946792602539
4K,q6,18,0.042758941650390625
4K,q6,18,0.056221723556518555
4K,q6,18,0.05472707748413086
4K,q6,18,0.057082176208496094
4K,q6,32,0.04777407646179199
4K,q6,32,0.056303977966308594
4K,q6,32,0.04633951187133789
4K,q6,32,0.055480003356933594
4K,q6,32,0.044701576232910156
4K,q6,16,0.08335113525390625
4K,q6,16,0.09641695022583008
4K,q6,16,0.09625816345214844
4K,q6,16,0.13056182861328125
4K,q6,16,0.09703207015991211
4K,q6,10,0.05462980270385742
4K,q6,10,0.052973031997680664
4K,q6,10,0.05246114730834961
4K,q6,10,0.05271029472351074
4K,q6,10,0.04377460479736328
4K,q6,7,0.10701370239257812
4K,q6,7,0.10996627807617188
4K,q6,7,0.10199379920959473
4K,q6,7,0.10783576965332031
4K,q6,7,0.113525390625
4K,q6,15,0.08664321899414062
4K,q6,15,0.07578563690185547
4K,q6,15,0.12322831153869629
4K,q6,15,0.07730960845947266
4K,q6,15,0.0721120834350586
4K,q6,2,0.10243415832519531
4K,q6,2,0.11028838157653809
4K,q6,2,0.10429787635803223
4K,q6,2,0.137678861618042
4K,q6,2,0.08675336837768555
4K,q6,16,0.0872647762298584
4K,q6,16,0.06634330749511719
4K,q6,16,0.06931924819946289
4K,q6,16,0.07269883155822754
4K,q6,16,0.10405683517456055
4K,q6,18,0.0851283073425293
4K,q6,18,0.052240848541259766
4K,q6,18,0.05797100067138672
4K,q6,18,0.04764842987060547
4K,q6,18,0.05121922492980957
4K,q6,22,0.04627704620361328
4K,q6,22,0.04107356071472168
4K,q6,22,0.04307126998901367
4K,q6,22,0.04517388343811035
4K,q6,22,0.041596174240112305
4K,q6,7,0.06339883804321289
4K,q6,7,0.07996296882629395
4K,q6,7,0.10769820213317871
4K,q6,7,0.11036872863769531
4K,q6,7,0.11001253128051758
8K,q1,106369,0.45679736137390137
8K,q1,106369,0.35597729682922363
8K,q1,106369,0.34604787826538086
8K,q1,106369,0.44033217430114746
8K,q1,106369,0.38814783096313477
8K,q1,4965,0.4100522994995117
8K,q1,4965,0.4139237403869629
8K,q1,4965,0.3411080837249756
8K,q1,4965,0.39066076278686523
8K,q1,4965,0.3835110664367676
8K,q1,135431,0.39346885681152344
8K,q1,135431,0.36049580574035645
8K,q1,135431,0.3882420063018799
8K,q1,135431,0.41356587409973145
8K,q1,135431,0.3516099452972412
8K,q1,85249,0.4362044334411621
8K,q1,85249,0.349384069442749
8K,q1,85249,0.3395504951477051
8K,q1,85249,0.34799933433532715
8K,q1,85249,0.409466028213501
8K,q1,14143,0.4136776924133301
8K,q1,14143,0.38295650482177734
8K,q1,14143,0.3951075077056885
8K,q1,14143,0.34845685958862305
8K,q1,14143,0.39950990676879883
8K,q1,38692,0.39563870429992676
8K,q1,38692,0.4061295986175537
8K,q1,38692,0.4252920150756836
8K,q1,38692,0.3655548095703125
8K,q1,38692,0.36762142181396484
8K,q1,133927,0.38045358657836914
8K,q1,133927,0.39414024353027344
8K,q1,133927,0.4047377109527588
8K,q1,133927,0.34440016746520996
8K,q1,133927,0.40114641189575195
8K,q1,28927,0.3862755298614502
8K,q1,28927,0.36355042457580566
8K,q1,28927,0.3876912593841553
8K,q1,28927,0.4352424144744873
8K,q1,28927,0.3993105888366699
8K,q1,154385,0.36038851737976074
8K,q1,154385,0.36705493927001953
8K,q1,154385,0.39093685150146484
8K,q1,154385,0.38300013542175293
8K,q1,154385,0.41162538528442383
8K,q1,106907,0.4236338138580322
8K,q1,106907,0.393477201461792
8K,q1,106907,0.3499753475189209
8K,q1,106907,0.3404543399810791
8K,q1,106907,0.38834619522094727
8K,q1,5894,0.40711092948913574
8K,q1,5894,0.3544349670410156
8K,q1,5894,0.42082858085632324
8K,q1,5894,0.37984538078308105
8K,q1,5894,0.3642454147338867
8K,q1,31370,0.34452104568481445
8K,q1,31370,0.34572410583496094
8K,q1,31370,0.33927226066589355
8K,q1,31370,0.3442409038543701
8K,q1,31370,0.34502100944519043
8K,q1,91837,0.40682005882263184
8K,q1,91837,0.3909168243408203
8K,q1,91837,0.3384397029876709
8K,q1,91837,0.35017967224121094
8K,q1,91837,0.3269360065460205
8K,q1,89045,0.38271188735961914
8K,q1,89045,0.4181828498840332
8K,q1,89045,0.37584519386291504
8K,q1,89045,0.4098520278930664
8K,q1,89045,0.42606616020202637
8K,q1,21494,0.36257410049438477
8K,q1,21494,0.3547065258026123
8K,q1,21494,0.3351869583129883
8K,q1,21494,0.34598302841186523
8K,q1,21494,0.3831617832183838
8K,q1,86879,0.3520023822784424
8K,q1,86879,0.4094555377960205
8K,q1,86879,0.37656497955322266
8K,q1,86879,0.43177103996276855
8K,q1,86879,0.3555307388305664
8K,q1,21782,0.3690659999847412
8K,q1,21782,0.38391685485839844
8K,q1,21782,0.38205885887145996
8K,q1,21782,0.3975231647491455
8K,q1,21782,0.4369657039642334
8K,q1,97704,0.3844108581542969
8K,q1,97704,0.3762063980102539
8K,q1,97704,0.41176605224609375
8K,q1,97704,0.3754284381866455
8K,q1,97704,0.3548464775085449
8K,q1,16176,0.3331007957458496
8K,q1,16176,0.4539010524749756
8K,q1,16176,0.3903646469116211
8K,q1,16176,0.3487839698791504
8K,q1,16176,0.33832597732543945
8K,q1,6801,0.38205647468566895
8K,q1,6801,0.37229156494140625
8K,q1,6801,0.4118165969848633
8K,q1,6801,0.3838834762573242
8K,q1,6801,0.4167184829711914
8K,q2,82,0.464855432510376
8K,q2,82,0.4026634693145752
8K,q2,82,0.5282196998596191
8K,q2,82,0.43688297271728516
8K,q2,82,0.4174971580505371
8K,q2,41,0.5786943435668945
8K,q2,41,0.4579763412475586
8K,q2,41,0.39219212532043457
8K,q2,41,0.4727950096130371
8K,q2,41,0.5070919990539551
8K,q2,72,0.4021790027618408
8K,q2,72,0.4076731204986572
8K,q2,72,0.40930795669555664
8K,q2,72,0.4859890937805176
8K,q2,72,0.4016103744506836
8K,q2,110,0.39669036865234375
8K,q2,110,0.4354977607727051
8K,q2,110,0.44522523880004883
8K,q2,110,0.47292113304138184
8K,q2,110,0.494769811630249
8K,q2,121,0.4266993999481201
8K,q2,121,0.4081387519836426
8K,q2,121,0.4002997875213623
8K,q2,121,0.48828935623168945
8K,q2,121,0.44995784759521484
8K,q2,140,0.4677281379699707
8K,q2,140,0.4747133255004883
8K,q2,140,0.42166686058044434
8K,q2,140,0.3939368724822998
8K,q2,140,0.3920927047729492
8K,q2,115,0.4542107582092285
8K,q2,115,0.4136335849761963
8K,q2,115,0.4187924861907959
8K,q2,115,0.46686506271362305
8K,q2,115,0.47512269020080566
8K,q2,81,0.45374464988708496
8K,q2,81,0.4332921504974365
8K,q2,81,0.4320943355560303
8K,q2,81,0.45046305656433105
8K,q2,81,0.41954851150512695
8K,q2,153,0.433607816696167
8K,q2,153,0.40976619720458984
8K,q2,153,0.387645959854126
8K,q2,153,0.43442797660827637
8K,q2,153,0.39794158935546875
8K,q2,137,0.41184163093566895
8K,q2,137,0.3937845230102539
8K,q2,137,0.41263890266418457
8K,q2,137,0.46660327911376953
8K,q2,137,0.40150976181030273
8K,q2,3,0.44521093368530273
8K,q2,3,0.3876805305480957
8K,q2,3,0.42911362648010254
8K,q2,3,0.38762784004211426
8K,q2,3,0.415496826171875
8K,q2,103,0.4678950309753418
8K,q2,103,0.44121646881103516
8K,q2,103,0.4186289310455322
8K,q2,103,0.4157125949859619
8K,q2,103,0.4040083885192871
8K,q2,16,0.41421079635620117
8K,q2,16,0.40228891372680664
8K,q2,16,0.44748950004577637
8K,q2,16,0.41094470024108887
8K,q2,16,0.4418816566467285
8K,q2,65,0.44916772842407227
8K,q2,65,0.4605276584625244
8K,q2,65,0.39858245849609375
8K,q2,65,0.4740757942199707
8K,q2,65,0.46926426887512207
8K,q2,134,0.43549108505249023
8K,q2,134,0.4430055618286133
8K,q2,134,0.40921545028686523
8K,q2,134,0.4077138900756836
8K,q2,134,0.43691229820251465
8K,q2,144,0.42683839797973633
8K,q2,144,0.5430777072906494
8K,q2,144,0.3906257152557373
8K,q2,144,0.3908841609954834
8K,q2,144,0.41733670234680176
8K,q2,110,0.4538540840148926
8K,q2,110,0.44480252265930176
8K,q2,110,0.43215131759643555
8K,q2,110,0.4934046268463135
8K,q2,110,0.45790624618530273
8K,q2,23,0.411712646484375
8K,q2,23,0.44674158096313477
8K,q2,23,0.4281153678894043
8K,q2,23,0.3942074775695801
8K,q2,23,0.42800116539001465
8K,q2,16,0.46102309226989746
8K,q2,16,0.4384467601776123
8K,q2,16,0.43335485458374023
8K,q2,16,0.446746826171875
8K,q2,16,0.43987464904785156
8K,q2,10,0.4446127414703369
8K,q2,10,0.48412108421325684
8K,q2,10,0.39878392219543457
8K,q2,10,0.3960549831390381
8K,q2,10,0.39161229133605957
8K,q3,37039,0.00797128677368164
8K,q3,37039,0.00432276725769043
8K,q3,37039,0.0038530826568603516
8K,q3,37039,0.005125284194946289
8K,q3,37039,0.009428739547729492
8K,q3,10466,0.003213644027709961
8K,q3,10466,0.003069162368774414
8K,q3,10466,0.0029730796813964844
8K,q3,10466,0.003383636474609375
8K,q3,10466,0.008826017379760742
8K,q3,572,0.0028400421142578125
8K,q3,572,0.002817392349243164
8K,q3,572,0.004251241683959961
8K,q3,572,0.0030450820922851562
8K,q3,572,0.0027954578399658203
8K,q3,60333,0.005696535110473633
8K,q3,60333,0.0028498172760009766
8K,q3,60333,0.006045341491699219
8K,q3,60333,0.002721071243286133
8K,q3,60333,0.003252744674682617
8K,q3,38680,0.0029861927032470703
8K,q3,38680,0.002788066864013672
8K,q3,38680,0.0027053356170654297
8K,q3,38680,0.00389862060546875
8K,q3,38680,0.004125356674194336
8K,q3,79026,0.0027196407318115234
8K,q3,79026,0.0027391910552978516
8K,q3,79026,0.002967357635498047
8K,q3,79026,0.01844024658203125
8K,q3,79026,0.0051648616790771484
8K,q3,53537,0.003945350646972656
8K,q3,53537,0.0029582977294921875
8K,q3,53537,0.003023862838745117
8K,q3,53537,0.003202676773071289
8K,q3,53537,0.003064393997192383
8K,q3,10062,0.004688262939453125
8K,q3,10062,0.002935647964477539
8K,q3,10062,0.0028929710388183594
8K,q3,10062,0.0028488636016845703
8K,q3,10062,0.003420114517211914
8K,q3,47195,0.00794672966003418
8K,q3,47195,0.0053637027740478516
8K,q3,47195,0.0034935474395751953
8K,q3,47195,0.0034656524658203125
8K,q3,47195,0.003590106964111328
8K,q3,5505,0.006067991256713867
8K,q3,5505,0.003805398941040039
8K,q3,5505,0.011851072311401367
8K,q3,5505,0.0037403106689453125
8K,q3,5505,0.003563404083251953
8K,q3,76414,0.003587484359741211
8K,q3,76414,0.0035762786865234375
8K,q3,76414,0.003843069076538086
8K,q3,76414,0.0034952163696289062
8K,q3,76414,0.0036427974700927734
8K,q3,51642,0.0035431385040283203
8K,q3,51642,0.0038449764251708984
8K,q3,51642,0.003637552261352539
8K,q3,51642,0.004268169403076172
8K,q3,51642,0.009331703186035156
8K,q3,76622,0.004157543182373047
8K,q3,76622,0.0033838748931884766
8K,q3,76622,0.0031461715698242188
8K,q3,76622,0.003201723098754883
8K,q3,76622,0.003180265426635742
8K,q3,10057,0.0031669139862060547
8K,q3,10057,0.003110170364379883
8K,q3,10057,0.003551483154296875
8K,q3,10057,0.003000020980834961
8K,q3,10057,0.003251791000366211
8K,q3,51916,0.0031998157501220703
8K,q3,51916,0.0036640167236328125
8K,q3,51916,0.0042951107025146484
8K,q3,51916,0.0041201114654541016
8K,q3,51916,0.00538945198059082
8K,q3,40458,0.0034410953521728516
8K,q3,40458,0.003560304641723633
8K,q3,40458,0.0032074451446533203
8K,q3,40458,0.0031456947326660156
8K,q3,40458,0.0032172203063964844
8K,q3,11844,0.0033130645751953125
8K,q3,11844,0.007299184799194336
8K,q3,11844,0.0033867359161376953
8K,q3,11844,0.003206968307495117
8K,q3,11844,0.003144979476928711
8K,q3,12834,0.003213167190551758
8K,q3,12834,0.0032029151916503906
8K,q3,12834,0.0032110214233398438
8K,q3,12834,0.0034797191619873047
8K,q3,12834,0.0034360885620117188
8K,q3,51192,0.003443002700805664
8K,q3,51192,0.0033140182495117188
8K,q3,51192,0.0038373470306396484
8K,q3,51192,0.0032358169555664062
8K,q3,51192,0.003338336944580078
8K,q3,72609,0.0038728713989257812
8K,q3,72609,0.0033483505249023438
8K,q3,72609,0.0048580169677734375
8K,q3,72609,0.026976585388183594
8K,q3,72609,0.010997295379638672
8K,q4,140025,0.41727709770202637
8K,q4,140025,0.349672794342041
8K,q4,140025,0.36422204971313477
8K,q4,140025,0.4066648483276367
8K,q4,140025,0.3849356174468994
8K,q4,151924,0.3358943462371826
8K,q4,151924,0.3360893726348877
8K,q4,151924,0.3985273838043213
8K,q4,151924,0.3923954963684082
8K,q4,151924,0.3836362361907959
8K,q4,141372,0.37905263900756836
8K,q4,141372,0.39258527755737305
8K,q4,141372,0.3437831401824951
8K,q4,141372,0.39974212646484375
8K,q4,141372,0.38414764404296875
8K,q4,10701,0.37925219535827637
8K,q4,10701,0.38536643981933594
8K,q4,10701,0.3918344974517822
8K,q4,10701,0.40526700019836426
8K,q4,10701,0.44805431365966797
8K,q4,133229,0.37989306449890137
8K,q4,133229,0.34593772888183594
8K,q4,133229,0.33064699172973633
8K,q4,133229,0.33322811126708984
8K,q4,133229,0.3951294422149658
8K,q4,47001,0.38934803009033203
8K,q4,47001,0.36342716217041016
8K,q4,47001,0.4180314540863037
8K,q4,47001,0.4118320941925049
8K,q4,47001,0.3554806709289551
8K,q4,69709,0.34204912185668945
8K,q4,69709,0.3451230525970459
8K,q4,69709,0.3872253894805908
8K,q4,69709,0.37900543212890625
8K,q4,69709,0.38855648040771484
8K,q4,24107,0.400956392288208
8K,q4,24107,0.3754711151123047
8K,q4,24107,0.3915987014770508
8K,q4,24107,0.3562443256378174
8K,q4,24107,0.3872654438018799
8K,q4,142781,0.39014673233032227
8K,q4,142781,0.3342618942260742
8K,q4,142781,0.3901786804199219
8K,q4,142781,0.39809513092041016
8K,q4,142781,0.3919491767883301
8K,q4,25083,0.35952091217041016
8K,q4,25083,0.3420374393463135
8K,q4,25083,0.3376471996307373
8K,q4,25083,0.34926271438598633
8K,q4,25083,0.3328864574432373
8K,q4,97996,0.3710646629333496
8K,q4,97996,0.36461877822875977
8K,q4,97996,0.34336423873901367
8K,q4,97996,0.340970516204834
8K,q4,97996,0.3495049476623535
8K,q4,121392,0.3396308422088623
8K,q4,121392,0.3584728240966797
8K,q4,121392,0.3453671932220459
8K,q4,121392,0.3409390449523926
8K,q4,121392,0.3695363998413086
8K,q4,76384,0.33908724784851074
8K,q4,76384,0.34805965423583984
8K,q4,76384,0.35198163986206055
8K,q4,76384,0.33548521995544434
8K,q4,76384,0.33554720878601074
8K,q4,4459,0.3522818088531494
8K,q4,4459,0.34625816345214844
8K,q4,4459,0.4062371253967285
8K,q4,4459,0.3614821434020996
8K,q4,4459,0.3418698310852051
8K,q4,134032,0.34003257751464844
8K,q4,134032,0.3345062732696533
8K,q4,134032,0.33806490898132324
8K,q4,134032,0.3808767795562744
8K,q4,134032,0.3603043556213379
8K,q4,68284,0.38311314582824707
8K,q4,68284,0.3930239677429199
8K,q4,68284,0.3377349376678467
8K,q4,68284,0.3493154048919678
8K,q4,68284,0.34496617317199707
8K,q4,130388,0.3321869373321533
8K,q4,130388,0.39702701568603516
8K,q4,130388,0.35271501541137695
8K,q4,130388,0.3947157859802246
8K,q4,130388,0.3892338275909424
8K,q4,66259,0.3461310863494873
8K,q4,66259,0.3432435989379883
8K,q4,66259,0.3447434902191162
8K,q4,66259,0.33831191062927246
8K,q4,66259,0.3420603275299072
8K,q4,40567,0.34699130058288574
8K,q4,40567,0.3412485122680664
8K,q4,40567,0.35047364234924316
8K,q4,40567,0.40819621086120605
8K,q4,40567,0.34314990043640137
8K,q4,67190,0.3472936153411865
8K,q4,67190,0.3532226085662842
8K,q4,67190,0.331845760345459
8K,q4,67190,0.32563066482543945
8K,q4,67190,0.3369636535644531
8K,q5,7986,1.0345275402069092
8K,q5,7986,0.8045303821563721
8K,q5,7986,0.8878464698791504
8K,q5,7986,0.8402106761932373
8K,q5,7986,0.7956275939941406
8K,q5,3519,0.863140344619751
8K,q5,3519,0.8515803813934326
8K,q5,3519,0.9248297214508057
8K,q5,3519,0.8489933013916016
8K,q5,3519,0.8058767318725586
8K,q5,1657,1.1576578617095947
8K,q5,1657,1.3112623691558838
8K,q5,1657,1.1814093589782715
8K,q5,1657,1.2381577491760254
8K,q5,1657,1.1909902095794678
8K,q5,2552,0.920008659362793
8K,q5,2552,0.8429043292999268
8K,q5,2552,0.8334536552429199
8K,q5,2552,0.8644819259643555
8K,q5,2552,0.9207611083984375
8K,q5,7006,0.8050847053527832
8K,q5,7006,0.8078696727752686
8K,q5,7006,0.8414585590362549
8K,q5,7006,0.8474376201629639
8K,q5,7006,0.8762991428375244
8K,q5,981,0.8150064945220947
8K,q5,981,0.8749706745147705
8K,q5,981,0.8247983455657959
8K,q5,981,0.8340206146240234
8K,q5,981,0.8254740238189697
8K,q5,2189,0.9245188236236572
8K,q5,2189,0.8408207893371582
8K,q5,2189,0.8171441555023193
8K,q5,2189,0.9099812507629395
8K,q5,2189,0.9170131683349609
8K,q5,1696,0.8651959896087646
8K,q5,1696,0.7648568153381348
8K,q5,1696,0.8816947937011719
8K,q5,1696,0.7956924438476562
8K,q5,1696,0.7620816230773926
8K,q5,6506,0.9379744529724121
8K,q5,6506,0.9638936519622803
8K,q5,6506,0.933027982711792
8K,q5,6506,0.903691291809082
8K,q5,6506,0.9330625534057617
8K,q5,5231,1.0333623886108398
8K,q5,5231,0.9079654216766357
8K,q5,5231,1.0185680389404297
8K,q5,5231,0.8897287845611572
8K,q5,5231,0.9048459529876709
8K,q5,1652,0.9236962795257568
8K,q5,1652,0.8650267124176025
8K,q5,1652,0.8531451225280762
8K,q5,1652,0.8471360206604004
8K,q5,1652,0.8635826110839844
8K,q5,3162,1.0857117176055908
8K,q5,3162,1.1024413108825684
8K,q5,3162,1.087430477142334
8K,q5,3162,1.1735188961029053
8K,q5,3162,1.1685991287231445
8K,q5,5117,0.9109256267547607
8K,q5,5117,0.9199092388153076
8K,q5,5117,1.0009260177612305
8K,q5,5117,0.91312575340271
8K,q5,5117,0.9486498832702637
8K,q5,805,0.8448588848114014
8K,q5,805,0.8542892932891846
8K,q5,805,0.7865912914276123
8K,q5,805,0.7613554000854492
8K,q5,805,0.7987892627716064
8K,q5,3644,0.8896255493164062
8K,q5,3644,0.9373414516448975
8K,q5,3644,0.9558577537536621
8K,q5,3644,0.9410979747772217
8K,q5,3644,0.8981935977935791
8K,q5,4329,0.8959083557128906
8K,q5,4329,0.8524391651153564
8K,q5,4329,0.8380279541015625
8K,q5,4329,0.786041259765625
8K,q5,4329,0.8311848640441895
8K,q5,1985,0.9143965244293213
8K,q5,1985,0.9248251914978027
8K,q5,1985,0.9162192344665527
8K,q5,1985,0.9093420505523682
8K,q5,1985,0.8719854354858398
8K,q5,7680,0.789381742477417
8K,q5,7680,0.7951986789703369
8K,q5,7680,0.7714011669158936
8K,q5,7680,0.7417876720428467
8K,q5,7680,0.7739460468292236
8K,q5,7526,0.7956829071044922
8K,q5,7526,0.7570798397064209
8K,q5,7526,0.7551095485687256
8K,q5,7526,0.7616105079650879
8K,q5,7526,0.7921197414398193
8K,q5,2519,1.3420891761779785
8K,q5,2519,1.270695686340332
8K,q5,2519,1.3249602317810059
8K,q5,2519,1.3274052143096924
8K,q5,2519,1.3644986152648926
8K,q6,30,0.1045377254486084
8K,q6,30,0.10834264755249023
8K,q6,30,0.13761186599731445
8K,q6,30,0.12840533256530762
8K,q6,30,0.09292769432067871
8K,q6,65,0.13163089752197266
8K,q6,65,0.10901975631713867
8K,q6,65,0.12573552131652832
8K,q6,65,0.14835262298583984
8K,q6,65,0.14638566970825195
8K,q6,71,0.09474945068359375
8K,q6,71,0.08632540702819824
8K,q6,71,0.06754851341247559
8K,q6,71,0.08726143836975098
8K,q6,71,0.07962250709533691
8K,q6,67,0.09629678726196289
8K,q6,67,0.07933187484741211
8K,q6,67,0.054213762283325195
8K,q6,67,0.08242106437683105
8K,q6,67,0.08133769035339355
8K,q6,28,0.090423583984375
8K,q6,28,0.0900118350982666
8K,q6,28,0.1172783374786377
8K,q6,28,0.11708188056945801
8K,q6,28,0.12387776374816895
8K,q6,71,0.10311460494995117
8K,q6,71,0.08729934692382812
8K,q6,71,0.08838152885437012
8K,q6,71,0.08055758476257324
8K,q6,71,0.05870819091796875
8K,q6,23,0.12523770332336426
8K,q6,23,0.13883638381958008
8K,q6,23,0.18553543090820312
8K,q6,23,0.11647486686706543
8K,q6,23,0.14410758018493652
8K,q6,40,0.14107298851013184
8K,q6,40,0.1582489013671875
8K,q6,40,0.15639114379882812
8K,q6,40,0.13088297843933105
8K,q6,40,0.12661504745483398
8K,q6,3,0.04593324661254883
8K,q6,3,0.04600334167480469
8K,q6,3,0.053272247314453125
8K,q6,3,0.06564712524414062
8K,q6,3,0.0688776969909668
8K,q6,71,0.07605242729187012
8K,q6,71,0.07101774215698242
8K,q6,71,0.07034945487976074
8K,q6,71,0.07957911491394043
8K,q6,71,0.06392216682434082
8K,q6,40,0.12548422813415527
8K,q6,40,0.1563563346862793
8K,q6,40,0.14903593063354492
8K,q6,40,0.14336633682250977
8K,q6,40,0.14572882652282715
8K,q6,62,0.1193854808807373
8K,q6,62,0.09569358825683594
8K,q6,62,0.0655217170715332
8K,q6,62,0.07483839988708496
8K,q6,62,0.06709027290344238
8K,q6,77,0.0818173885345459
8K,q6,77,0.07571792602539062
8K,q6,77,0.0820627212524414
8K,q6,77,0.11113524436950684
8K,q6,77,0.10142707824707031
8K,q6,9,0.07607460021972656
8K,q6,9,0.06961941719055176
8K,q6,9,0.07062482833862305
8K,q6,9,0.06065630912780762
8K,q6,9,0.08122682571411133
8K,q6,12,0.07492303848266602
8K,q6,12,0.06867313385009766
8K,q6,12,0.10029911994934082
8K,q6,12,0.0726325511932373
8K,q6,12,0.10202670097351074
8K,q6,40,0.14687871932983398
8K,q6,40,0.14311647415161133
8K,q6,40,0.13904047012329102
8K,q6,40,0.11977958679199219
8K,q6,40,0.16067838668823242
8K,q6,45,0.0980989933013916
8K,q6,45,0.09341692924499512
8K,q6,45,0.07451581954956055
8K,q6,45,0.07031917572021484
8K,q6,45,0.08967137336730957
8K,q6,10,0.055526018142700195
8K,q6,10,0.08477258682250977
8K,q6,10,0.04282665252685547
8K,q6,10,0.04950523376464844
8K,q6,10,0.051892995834350586
8K,q6,27,0.12239480018615723
8K,q6,27,0.12450122833251953
8K,q6,27,0.11769890785217285
8K,q6,27,0.1497969627380371
8K,q6,27,0.12024879455566406
8K,q6,37,0.12414169311523438
8K,q6,37,0.10369682312011719
8K,q6,37,0.09397268295288086
8K,q6,37,0.11924290657043457
8K,q6,37,0.09519457817077637
16K,q1,218469,0.8187456130981445
16K,q1,218469,0.7159581184387207
16K,q1,218469,0.7490332126617432
16K,q1,218469,0.7520177364349365
16K,q1,218469,0.781409502029419
16K,q1,203621,0.7310857772827148
16K,q1,203621,0.8188517093658447
16K,q1,203621,0.7038421630859375
16K,q1,203621,0.7371959686279297
16K,q1,203621,0.7063682079315186
16K,q1,173616,0.7249546051025391
16K,q1,173616,0.6824502944946289
16K,q1,173616,0.721193790435791
16K,q1,173616,0.7261438369750977
16K,q1,173616,0.7368791103363037
16K,q1,67884,0.7228212356567383
16K,q1,67884,0.7151370048522949
16K,q1,67884,0.7124724388122559
16K,q1,67884,0.725020170211792
16K,q1,67884,0.7241172790527344
16K,q1,84114,0.6701745986938477
16K,q1,84114,0.74416184425354
16K,q1,84114,0.7108108997344971
16K,q1,84114,0.7556226253509521
16K,q1,84114,0.6796057224273682
16K,q1,291850,0.6990067958831787
16K,q1,291850,0.6639835834503174
16K,q1,291850,0.7721405029296875
16K,q1,291850,0.6725895404815674
16K,q1,291850,0.6807971000671387
16K,q1,266503,0.7459061145782471
16K,q1,266503,0.774221658706665
16K,q1,266503,0.7450907230377197
16K,q1,266503,0.727940559387207
16K,q1,266503,0.7243092060089111
16K,q1,25818,0.7298767566680908
16K,q1,25818,0.7130122184753418
16K,q1,25818,0.7206406593322754
16K,q1,25818,0.7415244579315186
16K,q1,25818,0.7090129852294922
16K,q1,314883,0.8284730911254883
16K,q1,314883,0.7630093097686768
16K,q1,314883,0.7489583492279053
16K,q1,314883,0.7360351085662842
16K,q1,314883,0.7106430530548096
16K,q1,49254,0.7234935760498047
16K,q1,49254,0.7603282928466797
16K,q1,49254,0.7281630039215088
16K,q1,49254,0.7424952983856201
16K,q1,49254,0.7033736705780029
16K,q1,308448,0.7459635734558105
16K,q1,308448,0.757920503616333
16K,q1,308448,0.737335205078125
16K,q1,308448,0.7644097805023193
16K,q1,308448,0.7914743423461914
16K,q1,319757,0.7134737968444824
16K,q1,319757,0.7132859230041504
16K,q1,319757,0.7171182632446289
16K,q1,319757,0.763533353805542
16K,q1,319757,0.7144863605499268
16K,q1,217441,0.7140982151031494
16K,q1,217441,0.7083041667938232
16K,q1,217441,0.7460744380950928
16K,q1,217441,0.7541928291320801
16K,q1,217441,0.7096431255340576
16K,q1,97241,0.7330598831176758
16K,q1,97241,0.7523066997528076
16K,q1,97241,0.7312891483306885
16K,q1,97241,0.7447636127471924
16K,q1,97241,0.7260136604309082
16K,q1,113214,0.7472007274627686
16K,q1,113214,0.6850953102111816
16K,q1,113214,0.7360303401947021
16K,q1,113214,0.7520778179168701
16K,q1,113214,0.708733320236206
16K,q1,269583,0.8469436168670654
16K,q1,269583,0.7379133701324463
16K,q1,269583,0.7310225963592529
16K,q1,269583,0.7624332904815674
16K,q1,269583,0.7512271404266357
16K,q1,102200,0.7505056858062744
16K,q1,102200,0.763420820236206
16K,q1,102200,0.7699501514434814
16K,q1,102200,0.7127645015716553
16K,q1,102200,0.7663834095001221
16K,q1,242732,0.720247745513916
16K,q1,242732,0.7429280281066895
16K,q1,242732,0.7132630348205566
16K,q1,242732,0.7302145957946777
16K,q1,242732,0.7368357181549072
16K,q1,217854,0.6809408664703369
16K,q1,217854,0.7684640884399414
16K,q1,217854,0.7815706729888916
16K,q1,217854,0.7228052616119385
16K,q1,217854,0.7199094295501709
16K,q1,227239,0.7046020030975342
16K,q1,227239,0.7219393253326416
16K,q1,227239,0.7311692237854004
16K,q1,227239,0.6811051368713379
16K,q1,227239,0.7447571754455566
16K,q2,306,0.861452579498291
16K,q2,306,0.8314177989959717
16K,q2,306,0.9070444107055664
16K,q2,306,0.8211321830749512
16K,q2,306,0.8446369171142578
16K,q2,313,0.9316446781158447
16K,q2,313,0.847426176071167
16K,q2,313,0.8879568576812744
16K,q2,313,0.8245761394500732
16K,q2,313,0.7981321811676025
16K,q2,18,0.7658820152282715
16K,q2,18,0.8455946445465088
16K,q2,18,0.790349006652832
16K,q2,18,0.8556885719299316
16K,q2,18,0.9012417793273926
16K,q2,62,0.7883384227752686
16K,q2,62,0.862778902053833
16K,q2,62,0.8365895748138428
16K,q2,62,0.9112606048583984
16K,q2,62,0.7754497528076172
16K,q2,101,0.872971773147583
16K,q2,101,0.8402724266052246
16K,q2,101,0.8262698650360107
16K,q2,101,0.8269071578979492
16K,q2,101,0.8602898120880127
16K,q2,62,0.8146793842315674
16K,q2,62,0.8002231121063232
16K,q2,62,0.8629207611083984
16K,q2,62,0.8023066520690918
16K,q2,62,0.8284134864807129
16K,q2,259,0.7936854362487793
16K,q2,259,0.9053733348846436
16K,q2,259,0.7874784469604492
16K,q2,259,0.7881991863250732
16K,q2,259,0.7924644947052002
16K,q2,85,0.8312077522277832
16K,q2,85,0.8561832904815674
16K,q2,85,0.8004331588745117
16K,q2,85,0.8401556015014648
16K,q2,85,0.8032803535461426
16K,q2,218,0.8132302761077881
16K,q2,218,0.8110060691833496
16K,q2,218,0.8497920036315918
16K,q2,218,0.8130123615264893
16K,q2,218,0.8476479053497314
16K,q2,225,0.8031575679779053
16K,q2,225,0.8489506244659424
16K,q2,225,0.8061165809631348
16K,q2,225,0.7959847450256348
16K,q2,225,0.8592879772186279
16K,q2,266,0.8234570026397705
16K,q2,266,0.8646752834320068
16K,q2,266,0.821314811706543
16K,q2,266,0.8411126136779785
16K,q2,266,0.8014755249023438
16K,q2,9,0.800133466720581
16K,q2,9,0.8417327404022217
16K,q2,9,0.8445789813995361
16K,q2,9,0.8116624355316162
16K,q2,9,0.8039329051971436
16K,q2,283,0.8238875865936279
16K,q2,283,0.797339916229248
16K,q2,283,0.8073077201843262
16K,q2,283,0.7973747253417969
16K,q2,283,0.8388924598693848
16K,q2,289,0.7959041595458984
16K,q2,289,0.809643030166626
16K,q2,289,0.8214423656463623
16K,q2,289,0.8275706768035889
16K,q2,289,0.7934415340423584
16K,q2,55,0.7811224460601807
16K,q2,55,0.8053724765777588
16K,q2,55,0.8069026470184326
16K,q2,55,0.780747652053833
16K,q2,55,0.7762906551361084
16K,q2,294,0.8324506282806396
16K,q2,294,0.7795300483703613
16K,q2,294,0.7977609634399414
16K,q2,294,0.8315253257751465
16K,q2,294,0.8575749397277832
16K,q2,324,0.7828052043914795
16K,q2,324,0.7955529689788818
16K,q2,324,0.8234024047851562
16K,q2,324,0.7932758331298828
16K,q2,324,0.858597993850708
16K,q2,219,0.8166499137878418
16K,q2,219,0.8265182971954346
16K,q2,219,0.8095753192901611
16K,q2,219,0.8677396774291992
16K,q2,219,0.7946088314056396
16K,q2,254,0.8223488330841064
16K,q2,254,0.7948782444000244
16K,q2,254,0.7723214626312256
16K,q2,254,0.8154888153076172
16K,q2,254,0.7923026084899902
16K,q2,315,0.799572229385376
16K,q2,315,0.7872185707092285
16K,q2,315,0.8378558158874512
16K,q2,315,0.8196938037872314
16K,q2,315,0.7849991321563721
16K,q3,116984,0.005249500274658203
16K,q3,116984,0.004406452178955078
16K,q3,116984,0.0033986568450927734
16K,q3,116984,0.003065824508666992
16K,q3,116984,0.0031943321228027344
16K,q3,114983,0.003793001174926758
16K,q3,114983,0.00302886962890625
16K,q3,114983,0.002834796905517578
16K,q3,114983,0.0029587745666503906
16K,q3,114983,0.0029985904693603516
16K,q3,58703,0.0029304027557373047
16K,q3,58703,0.0029938220977783203
16K,q3,58703,0.002900838851928711
16K,q3,58703,0.003017425537109375
16K,q3,58703,0.0029685497283935547
16K,q3,4348,0.0028510093688964844
16K,q3,4348,0.0038003921508789062
16K,q3,4348,0.0031805038452148438
16K,q3,4348,0.003085613250732422
16K,q3,4348,0.0028524398803710938
16K,q3,67020,0.003026247024536133
16K,q3,67020,0.0029344558715820312
16K,q3,67020,0.0029592514038085938
16K,q3,67020,0.003045320510864258
16K,q3,67020,0.0028886795043945312
16K,q3,10727,0.003023386001586914
16K,q3,10727,0.0029020309448242188
16K,q3,10727,0.00299835205078125
16K,q3,10727,0.00579524040222168
16K,q3,10727,0.0033087730407714844
16K,q3,3000,0.0030891895294189453
16K,q3,3000,0.002901315689086914
16K,q3,3000,0.002976655960083008
16K,q3,3000,0.002977132797241211
16K,q3,3000,0.0034432411193847656
16K,q3,151860,0.011198043823242188
16K,q3,151860,0.0028116703033447266
16K,q3,151860,0.003123044967651367
16K,q3,151860,0.0029201507568359375
16K,q3,151860,0.003287076950073242
16K,q3,20837,0.003087759017944336
16K,q3,20837,0.0033800601959228516
16K,q3,20837,0.003557443618774414
16K,q3,20837,0.003769397735595703
16K,q3,20837,0.003195047378540039
16K,q3,50529,0.003011941909790039
16K,q3,50529,0.004887819290161133
16K,q3,50529,0.009123563766479492
16K,q3,50529,0.0028595924377441406
16K,q3,50529,0.0026941299438476562
16K,q3,135899,0.0029401779174804688
16K,q3,135899,0.003236532211303711
16K,q3,135899,0.002744436264038086
16K,q3,135899,0.002872943878173828
16K,q3,135899,0.00408625602722168
16K,q3,153001,0.0054035186767578125
16K,q3,153001,0.005606412887573242
16K,q3,153001,0.006089925765991211
16K,q3,153001,0.004903078079223633
16K,q3,153001,0.009438276290893555
16K,q3,61062,0.0037839412689208984
16K,q3,61062,0.005012035369873047
16K,q3,61062,0.005087137222290039
16K,q3,61062,0.005019187927246094
16K,q3,61062,0.005114555358886719
16K,q3,151458,0.005407094955444336
16K,q3,151458,0.0064697265625
16K,q3,151458,0.005379438400268555
16K,q3,151458,0.005213022232055664
16K,q3,151458,0.006858348846435547
16K,q3,116473,0.005655527114868164
16K,q3,116473,0.005118846893310547
16K,q3,116473,0.0050449371337890625
16K,q3,116473,0.004946231842041016
16K,q3,116473,0.010930061340332031
16K,q3,91418,0.005263090133666992
16K,q3,91418,0.0049397945404052734
16K,q3,91418,0.0052602291107177734
16K,q3,91418,0.0047473907470703125
16K,q3,91418,0.004965543746948242
16K,q3,28459,0.005486726760864258
16K,q3,28459,0.005691051483154297
16K,q3,28459,0.005722761154174805
16K,q3,28459,0.0053484439849853516
16K,q3,28459,0.006713151931762695
16K,q3,623,0.0056498050689697266
16K,q3,623,0.0053369998931884766
16K,q3,623,0.013761281967163086
16K,q3,623,0.004985809326171875
16K,q3,623,0.013394832611083984
16K,q3,70071,0.0065059661865234375
16K,q3,70071,0.00572514533996582
16K,q3,70071,0.004184246063232422
16K,q3,70071,0.0038149356842041016
16K,q3,70071,0.003933906555175781
16K,q3,48808,0.0038814544677734375
16K,q3,48808,0.004914760589599609
16K,q3,48808,0.003809213638305664
16K,q3,48808,0.003625631332397461
16K,q3,48808,0.003726959228515625
16K,q4,315203,0.7358622550964355
16K,q4,315203,0.7102103233337402
16K,q4,315203,0.6863653659820557
16K,q4,315203,0.7091131210327148
16K,q4,315203,0.692138671875
16K,q4,118707,0.7232620716094971
16K,q4,118707,0.6898083686828613
16K,q4,118707,0.6920971870422363
16K,q4,118707,0.6904599666595459
16K,q4,118707,0.7210040092468262
16K,q4,48270,0.6978855133056641
16K,q4,48270,0.6736209392547607
16K,q4,48270,0.6840221881866455
16K,q4,48270,0.7175655364990234
16K,q4,48270,0.6969084739685059
16K,q4,272690,0.6817648410797119
16K,q4,272690,0.6981184482574463
16K,q4,272690,0.7082526683807373
16K,q4,272690,0.7051937580108643
16K,q4,272690,0.7245140075683594
16K,q4,299037,0.6806175708770752
16K,q4,299037,0.6993677616119385
16K,q4,299037,0.7371084690093994
16K,q4,299037,0.6630542278289795
16K,q4,299037,0.6949977874755859
16K,q4,188198,0.6765561103820801
16K,q4,188198,0.7259130477905273
16K,q4,188198,0.7549474239349365
16K,q4,188198,0.677006721496582
16K,q4,188198,0.6953139305114746
16K,q4,238876,0.6986515522003174
16K,q4,238876,0.6887502670288086
16K,q4,238876,0.7007546424865723
16K,q4,238876,0.6717405319213867
16K,q4,238876,0.684586763381958
16K,q4,317630,0.7218649387359619
16K,q4,317630,0.6809892654418945
16K,q4,317630,0.7962799072265625
16K,q4,317630,0.67500901222229
16K,q4,317630,0.7248187065124512
16K,q4,47405,0.6777753829956055
16K,q4,47405,0.6791164875030518
16K,q4,47405,0.6729576587677002
16K,q4,47405,0.6946730613708496
16K,q4,47405,0.6825141906738281
16K,q4,189974,0.6662473678588867
16K,q4,189974,0.686913251876831
16K,q4,189974,0.6734368801116943
16K,q4,189974,0.7774233818054199
16K,q4,189974,0.655764102935791
16K,q4,232026,0.7567958831787109
16K,q4,232026,0.6832327842712402
16K,q4,232026,0.7860846519470215
16K,q4,232026,0.6706821918487549
16K,q4,232026,0.6760320663452148
16K,q4,82587,0.6667683124542236
16K,q4,82587,0.7166366577148438
16K,q4,82587,0.6853461265563965
16K,q4,82587,0.7048277854919434
16K,q4,82587,0.6783878803253174
16K,q4,190962,0.6719770431518555
16K,q4,190962,0.7253434658050537
16K,q4,190962,0.7012944221496582
16K,q4,190962,0.8398597240447998
16K,q4,190962,0.7062580585479736
16K,q4,134506,0.7366304397583008
16K,q4,134506,0.7239856719970703
16K,q4,134506,0.7299747467041016
16K,q4,134506,0.7193868160247803
16K,q4,134506,0.7412676811218262
16K,q4,273234,0.6792957782745361
16K,q4,273234,0.710918664932251
16K,q4,273234,0.6815192699432373
16K,q4,273234,0.7065703868865967
16K,q4,273234,0.6647355556488037
16K,q4,83686,0.6649599075317383
16K,q4,83686,0.767498254776001
16K,q4,83686,0.7085585594177246
16K,q4,83686,0.687330961227417
16K,q4,83686,0.6762504577636719
16K,q4,35253,0.7434337139129639
16K,q4,35253,0.7392549514770508
16K,q4,35253,0.697319507598877
16K,q4,35253,0.6740810871124268
16K,q4,35253,0.6997663974761963
16K,q4,245239,0.6879112720489502
16K,q4,245239,0.7096271514892578
16K,q4,245239,0.6808907985687256
16K,q4,245239,0.6794848442077637
16K,q4,245239,0.7928719520568848
16K,q4,308431,0.7369647026062012
16K,q4,308431,0.6793804168701172
16K,q4,308431,0.6728289127349854
16K,q4,308431,0.7420532703399658
16K,q4,308431,0.7831437587738037
16K,q4,205590,0.7640464305877686
16K,q4,205590,0.6607775688171387
16K,q4,205590,0.766261100769043
16K,q4,205590,0.6963996887207031
16K,q4,205590,0.6869311332702637
16K,q5,4841,2.000427722930908
16K,q5,4841,1.8191416263580322
16K,q5,4841,1.8445703983306885
16K,q5,4841,1.7092692852020264
16K,q5,4841,1.6411285400390625
16K,q5,9959,2.6502699851989746
16K,q5,9959,2.074648141860962
16K,q5,9959,2.1521143913269043
16K,q5,9959,2.1197550296783447
16K,q5,9959,2.3669440746307373
16K,q5,15701,1.682593822479248
16K,q5,15701,1.6088378429412842
16K,q5,15701,1.7186884880065918
16K,q5,15701,1.6495158672332764
16K,q5,15701,1.5876247882843018
16K,q5,12789,1.6935200691223145
16K,q5,12789,1.693580150604248
16K,q5,12789,1.7000927925109863
16K,q5,12789,1.9756786823272705
16K,q5,12789,1.6566801071166992
16K,q5,12450,1.9868419170379639
16K,q5,12450,1.9487860202789307
16K,q5,12450,1.8331389427185059
16K,q5,12450,1.9832425117492676
16K,q5,12450,2.025134801864624
16K,q5,10294,1.9747052192687988
16K,q5,10294,1.8609375953674316
16K,q5,10294,1.9219887256622314
16K,q5,10294,1.8152141571044922
16K,q5,10294,1.9481439590454102
16K,q5,9101,2.2920172214508057
16K,q5,9101,2.2497386932373047
16K,q5,9101,2.2609589099884033
16K,q5,9101,2.2283453941345215
16K,q5,9101,2.2134597301483154
16K,q5,10724,1.7584989070892334
16K,q5,10724,1.7106752395629883
16K,q5,10724,1.7251770496368408
16K,q5,10724,1.6792478561401367
16K,q5,10724,1.6443946361541748
16K,q5,12259,1.661205768585205
16K,q5,12259,1.6391894817352295
16K,q5,12259,1.6686770915985107
16K,q5,12259,1.7098307609558105
16K,q5,12259,1.723332166671753
16K,q5,12202,1.7550084590911865
16K,q5,12202,1.7459189891815186
16K,q5,12202,1.8120427131652832
16K,q5,12202,1.6877717971801758
16K,q5,12202,1.7611188888549805
16K,q5,15497,1.6655406951904297
16K,q5,15497,1.7857294082641602
16K,q5,15497,1.7573742866516113
16K,q5,15497,1.6918787956237793
16K,q5,15497,1.8488235473632812
16K,q5,3587,1.8038325309753418
16K,q5,3587,1.8119559288024902
16K,q5,3587,1.8227519989013672
16K,q5,3587,1.75931715965271
16K,q5,3587,1.8166677951812744
16K,q5,1514,1.8110284805297852
16K,q5,1514,1.7964184284210205
16K,q5,1514,1.7534162998199463
16K,q5,1514,1.6138050556182861
16K,q5,1514,1.5796549320220947
16K,q5,11047,1.8751819133758545
16K,q5,11047,1.803849697113037
16K,q5,11047,1.863304853439331
16K,q5,11047,1.7635018825531006
16K,q5,11047,1.7695388793945312
16K,q5,1044,2.2867891788482666
16K,q5,1044,1.7126743793487549
16K,q5,1044,1.7811641693115234
16K,q5,1044,1.7861809730529785
16K,q5,1044,1.7520086765289307
16K,q5,10245,1.9232597351074219
16K,q5,10245,2.062248945236206
16K,q5,10245,1.9835925102233887
16K,q5,10245,2.1497201919555664
16K,q5,10245,1.893090009689331
16K,q5,10200,2.326380491256714
16K,q5,10200,2.0804543495178223
16K,q5,10200,2.176415205001831
16K,q5,10200,2.212252140045166
16K,q5,10200,2.236057996749878
16K,q5,11893,1.783240556716919
16K,q5,11893,1.7216057777404785
16K,q5,11893,1.8119699954986572
16K,q5,11893,2.1056675910949707
16K,q5,11893,1.8628437519073486
16K,q5,13842,2.051222324371338
16K,q5,13842,1.8126444816589355
16K,q5,13842,1.7220854759216309
16K,q5,13842,1.7762644290924072
16K,q5,13842,1.8183515071868896
16K,q5,1479,1.7248930931091309
16K,q5,1479,1.6741929054260254
16K,q5,1479,1.6170728206634521
16K,q5,1479,1.7095637321472168
16K,q5,1479,1.7060449123382568
16K,q6,62,0.08167386054992676
16K,q6,62,0.0767061710357666
16K,q6,62,0.12563204765319824
16K,q6,62,0.0909419059753418
16K,q6,62,0.08483171463012695
16K,q6,21,0.08518719673156738
16K,q6,21,0.09602975845336914
16K,q6,21,0.11083745956420898
16K,q6,21,0.09629511833190918
16K,q6,21,0.10779404640197754
16K,q6,69,0.05009722709655762
16K,q6,69,0.04022622108459473
16K,q6,69,0.04233837127685547
16K,q6,69,0.04936647415161133
16K,q6,69,0.04490327835083008
16K,q6,62,0.07366514205932617
16K,q6,62,0.063720703125
16K,q6,62,0.06327176094055176
16K,q6,62,0.061646223068237305
16K,q6,62,0.09002232551574707
16K,q6,140,0.1019754409790039
16K,q6,140,0.10541367530822754
16K,q6,140,0.11783671379089355
16K,q6,140,0.08701682090759277
16K,q6,140,0.0977926254272461
16K,q6,119,0.08031582832336426
16K,q6,119,0.05629706382751465
16K,q6,119,0.06516647338867188
16K,q6,119,0.061803579330444336
16K,q6,119,0.060877084732055664
16K,q6,127,0.171766996383667
16K,q6,127,0.16209125518798828
16K,q6,127,0.18174386024475098
16K,q6,127,0.13925528526306152
16K,q6,127,0.11242032051086426
16K,q6,32,0.06809616088867188
16K,q6,32,0.05252861976623535
16K,q6,32,0.0535123348236084
16K,q6,32,0.05330681800842285
16K,q6,32,0.053858041763305664
16K,q6,65,0.1252150535583496
16K,q6,65,0.12227272987365723
16K,q6,65,0.13378190994262695
16K,q6,65,0.11577033996582031
16K,q6,65,0.13067317008972168
16K,q6,13,0.1086418628692627
16K,q6,13,0.10063672065734863
16K,q6,13,0.133406400680542
16K,q6,13,0.08648252487182617
16K,q6,13,0.08541154861450195
16K,q6,17,0.11172890663146973
16K,q6,17,0.08903813362121582
16K,q6,17,0.10872483253479004
16K,q6,17,0.11540675163269043
16K,q6,17,0.1000828742980957
16K,q6,20,0.08942222595214844
16K,q6,20,0.05297040939331055
16K,q6,20,0.05819559097290039
16K,q6,20,0.052529335021972656
16K,q6,20,0.04514336585998535
16K,q6,20,0.04766535758972168
16K,q6,20,0.051918983459472656
16K,q6,20,0.04011058807373047
16K,q6,20,0.03379178047180176
16K,q6,20,0.040831565856933594
16K,q6,72,0.08403849601745605
16K,q6,72,0.09347915649414062
16K,q6,72,0.0878133773803711
16K,q6,72,0.08928751945495605
16K,q6,72,0.12442469596862793
16K,q6,65,0.10651469230651855
16K,q6,65,0.12877678871154785
16K,q6,65,0.13360047340393066
16K,q6,65,0.10740160942077637
16K,q6,65,0.0923011302947998
16K,q6,80,0.12033748626708984
16K,q6,80,0.12075018882751465
16K,q6,80,0.09451580047607422
16K,q6,80,0.09398412704467773
16K,q6,80,0.10915827751159668
16K,q6,10,0.06157875061035156
16K,q6,10,0.03727602958679199
16K,q6,10,0.05731916427612305
16K,q6,10,0.04152083396911621
16K,q6,10,0.04251289367675781
16K,q6,13,0.0880732536315918
16K,q6,13,0.09616327285766602
16K,q6,13,0.11404538154602051
16K,q6,13,0.11383819580078125
16K,q6,13,0.11983680725097656
16K,q6,111,0.0722498893737793
16K,q6,111,0.05930209159851074
16K,q6,111,0.0499880313873291
16K,q6,111,0.1066126823425293
16K,q6,111,0.07272815704345703
16K,q6,139,0.058851003646850586
16K,q6,139,0.05004167556762695
16K,q6,139,0.04349684715270996
16K,q6,139,0.04240679740905762
16K,q6,139,0.042701005935668945
