8K,q5,7986,0.737
8K,q5,7986,0.702
8K,q5,7986,0.7
8K,q5,7986,0.723
8K,q5,7986,0.676
8K,q5,3519,0.771
8K,q5,3519,0.708
8K,q5,3519,0.764
8K,q5,3519,0.716
8K,q5,3519,0.697
8K,q5,1657,0.746
8K,q5,1657,0.703
8K,q5,1657,0.71
8K,q5,1657,0.721
8K,q5,1657,0.706
8K,q5,2552,0.648
8K,q5,2552,0.71
8K,q5,2552,0.71
8K,q5,2552,0.716
8K,q5,2552,0.687
8K,q5,7006,0.712
8K,q5,7006,0.675
8K,q5,7006,0.757
8K,q5,7006,0.759
8K,q5,7006,0.675
8K,q5,981,0.727
8K,q5,981,0.713
8K,q5,981,0.706
8K,q5,981,0.73
8K,q5,981,0.745
8K,q5,2189,0.696
8K,q5,2189,0.694
8K,q5,2189,0.758
8K,q5,2189,0.698
8K,q5,2189,0.782
8K,q5,1696,0.703
8K,q5,1696,0.666
8K,q5,1696,0.765
8K,q5,1696,0.705
8K,q5,1696,0.699
8K,q5,6506,0.757
8K,q5,6506,0.743
8K,q5,6506,0.762
8K,q5,6506,0.734
8K,q5,6506,0.693
8K,q5,5231,0.716
8K,q5,5231,0.732
8K,q5,5231,0.745
8K,q5,5231,0.704
8K,q5,5231,0.686
8K,q5,1652,0.725
8K,q5,1652,0.736
8K,q5,1652,0.714
8K,q5,1652,0.728
8K,q5,1652,0.709
8K,q5,3162,0.748
8K,q5,3162,0.714
8K,q5,3162,0.634
8K,q5,3162,0.661
8K,q5,3162,0.732
8K,q5,5117,0.712
8K,q5,5117,0.672
8K,q5,5117,0.743
8K,q5,5117,0.718
8K,q5,5117,0.754
8K,q5,805,0.693
8K,q5,805,0.731
8K,q5,805,0.708
8K,q5,805,0.728
8K,q5,805,0.715
8K,q5,3644,0.755
8K,q5,3644,0.663
8K,q5,3644,0.724
8K,q5,3644,0.696
8K,q5,3644,0.722
8K,q5,4329,0.745
8K,q5,4329,0.719
8K,q5,4329,0.74
8K,q5,4329,0.733
8K,q5,4329,0.73
8K,q5,1985,0.682
8K,q5,1985,0.719
8K,q5,1985,0.735
8K,q5,1985,0.691
8K,q5,1985,0.719
8K,q5,7680,0.695
8K,q5,7680,0.714
8K,q5,7680,0.837
8K,q5,7680,0.784
8K,q5,7680,0.739
8K,q5,7526,0.702
8K,q5,7526,0.763
8K,q5,7526,0.669
8K,q5,7526,0.703
8K,q5,7526,0.718
8K,q5,2519,0.654
8K,q5,2519,0.747
8K,q5,2519,0.716
8K,q5,2519,0.714
8K,q5,2519,0.742
1K,q5,48,0.703
1K,q5,48,0.694
1K,q5,48,0.686
1K,q5,48,0.671
1K,q5,48,0.674
1K,q5,7,0.779
1K,q5,7,0.738
1K,q5,7,0.692
1K,q5,7,0.632
1K,q5,7,0.723
1K,q5,52,0.749
1K,q5,52,0.706
1K,q5,52,0.67
1K,q5,52,0.704
1K,q5,52,0.667
1K,q5,19,0.743
1K,q5,19,0.782
1K,q5,19,0.726
1K,q5,19,0.729
1K,q5,19,0.711
1K,q5,27,0.688
1K,q5,27,0.702
1K,q5,27,0.758
1K,q5,27,0.649
1K,q5,27,0.688
1K,q5,34,0.701
1K,q5,34,0.704
1K,q5,34,0.683
1K,q5,34,0.704
1K,q5,34,0.694
1K,q5,62,0.705
1K,q5,62,0.651
1K,q5,62,0.693
1K,q5,62,0.709
1K,q5,62,0.694
1K,q5,16,0.79
1K,q5,16,0.714
1K,q5,16,0.72
1K,q5,16,0.705
1K,q5,16,0.701
1K,q5,61,0.678
1K,q5,61,0.723
1K,q5,61,0.703
1K,q5,61,0.734
1K,q5,61,0.671
1K,q5,86,0.709
1K,q5,86,0.721
1K,q5,86,0.73
1K,q5,86,0.719
1K,q5,86,0.687
1K,q5,51,0.69
1K,q5,51,0.712
1K,q5,51,0.722
1K,q5,51,0.675
1K,q5,51,0.733
1K,q5,33,0.694
1K,q5,33,0.727
1K,q5,33,0.703
1K,q5,33,0.744
1K,q5,33,0.742
1K,q5,50,0.653
1K,q5,50,0.701
1K,q5,50,0.67
1K,q5,50,0.651
1K,q5,50,0.654
1K,q5,41,0.695
1K,q5,41,0.744
1K,q5,41,0.676
1K,q5,41,0.702
1K,q5,41,0.696
1K,q5,85,0.667
1K,q5,85,0.701
1K,q5,85,0.77
1K,q5,85,0.707
1K,q5,85,0.664
1K,q5,30,0.682
1K,q5,30,0.72
1K,q5,30,0.73
1K,q5,30,0.703
1K,q5,30,0.701
1K,q5,9,0.716
1K,q5,9,0.67
1K,q5,9,0.756
1K,q5,9,0.687
1K,q5,9,0.68
1K,q5,64,0.739
1K,q5,64,0.71
1K,q5,64,0.729
1K,q5,64,0.731
1K,q5,64,0.685
1K,q5,71,0.671
1K,q5,71,0.729
1K,q5,71,0.758
1K,q5,71,0.688
1K,q5,71,0.692
1K,q5,72,0.681
1K,q5,72,0.766
1K,q5,72,0.695
1K,q5,72,0.734
1K,q5,72,0.721
4K,q5,3769,0.663
4K,q5,3769,0.721
4K,q5,3769,0.747
4K,q5,3769,0.686
4K,q5,3769,0.709
4K,q5,412,0.689
4K,q5,412,0.661
4K,q5,412,0.665
4K,q5,412,0.677
4K,q5,412,0.731
4K,q5,184,0.715
4K,q5,184,0.712
4K,q5,184,0.707
4K,q5,184,0.723
4K,q5,184,0.736
4K,q5,2992,0.709
4K,q5,2992,0.708
4K,q5,2992,0.713
4K,q5,2992,0.717
4K,q5,2992,0.737
4K,q5,3216,0.749
4K,q5,3216,0.708
4K,q5,3216,0.699
4K,q5,3216,0.741
4K,q5,3216,0.731
4K,q5,1959,0.674
4K,q5,1959,0.737
4K,q5,1959,0.725
4K,q5,1959,0.711
4K,q5,1959,0.704
4K,q5,783,0.669
4K,q5,783,0.727
4K,q5,783,0.728
4K,q5,783,0.7
4K,q5,783,0.718
4K,q5,722,0.764
4K,q5,722,0.73
4K,q5,722,0.702
4K,q5,722,0.686
4K,q5,722,0.77
4K,q5,2271,0.733
4K,q5,2271,0.711
4K,q5,2271,0.709
4K,q5,2271,0.747
4K,q5,2271,0.738
4K,q5,2025,0.731
4K,q5,2025,0.706
4K,q5,2025,0.695
4K,q5,2025,0.763
4K,q5,2025,0.774
4K,q5,3844,0.812
4K,q5,3844,0.729
4K,q5,3844,0.812
4K,q5,3844,0.703
4K,q5,3844,0.709
4K,q5,2337,0.682
4K,q5,2337,0.746
4K,q5,2337,0.675
4K,q5,2337,0.698
4K,q5,2337,0.847
4K,q5,1420,0.715
4K,q5,1420,0.67
4K,q5,1420,0.722
4K,q5,1420,0.704
4K,q5,1420,0.763
4K,q5,2219,0.671
4K,q5,2219,0.649
4K,q5,2219,0.728
4K,q5,2219,0.79
4K,q5,2219,0.68
4K,q5,2426,0.752
4K,q5,2426,0.721
4K,q5,2426,0.89
4K,q5,2426,0.787
4K,q5,2426,0.747
4K,q5,420,0.769
4K,q5,420,0.754
4K,q5,420,0.742
4K,q5,420,0.73
4K,q5,420,0.703
4K,q5,179,0.726
4K,q5,179,0.677
4K,q5,179,0.79
4K,q5,179,0.737
4K,q5,179,0.732
4K,q5,1774,0.73
4K,q5,1774,0.779
4K,q5,1774,0.769
4K,q5,1774,0.722
4K,q5,1774,0.801
4K,q5,1252,0.718
4K,q5,1252,0.926
4K,q5,1252,0.693
4K,q5,1252,0.787
4K,q5,1252,0.682
4K,q5,1131,0.851
4K,q5,1131,0.771
4K,q5,1131,0.744
4K,q5,1131,0.673
4K,q5,1131,0.71
16K,q5,4841,0.664
16K,q5,4841,0.771
16K,q5,4841,0.864
16K,q5,4841,0.759
16K,q5,4841,0.741
16K,q5,9959,0.778
16K,q5,9959,0.712
16K,q5,9959,0.712
16K,q5,9959,0.719
16K,q5,9959,0.689
16K,q5,15701,0.723
16K,q5,15701,0.772
16K,q5,15701,0.735
16K,q5,15701,0.734
16K,q5,15701,0.743
16K,q5,12789,0.826
16K,q5,12789,0.8
16K,q5,12789,0.905
16K,q5,12789,0.742
16K,q5,12789,0.743
16K,q5,12450,0.722
16K,q5,12450,0.835
16K,q5,12450,0.667
16K,q5,12450,0.778
16K,q5,12450,0.795
16K,q5,10294,0.724
16K,q5,10294,0.732
16K,q5,10294,0.679
16K,q5,10294,0.919
16K,q5,10294,0.817
16K,q5,9101,0.954
16K,q5,9101,0.739
16K,q5,9101,0.67
16K,q5,9101,0.63
16K,q5,9101,0.723
16K,q5,10724,0.73
16K,q5,10724,0.711
16K,q5,10724,0.831
16K,q5,10724,1.106
16K,q5,10724,0.953
16K,q5,12259,1.029
16K,q5,12259,0.699
16K,q5,12259,0.72
16K,q5,12259,0.713
16K,q5,12259,0.69
16K,q5,12202,0.794
16K,q5,12202,0.675
16K,q5,12202,0.757
16K,q5,12202,0.688
16K,q5,12202,0.737
16K,q5,15497,0.706
16K,q5,15497,0.603
16K,q5,15497,0.64
16K,q5,15497,0.624
16K,q5,15497,0.773
16K,q5,3587,0.671
16K,q5,3587,0.8
16K,q5,3587,0.716
16K,q5,3587,0.737
16K,q5,3587,0.847
16K,q5,1514,0.721
16K,q5,1514,0.714
16K,q5,1514,0.647
16K,q5,1514,0.779
16K,q5,1514,0.747
16K,q5,11047,0.642
16K,q5,11047,0.703
16K,q5,11047,0.726
16K,q5,11047,0.658
16K,q5,11047,0.73
16K,q5,1044,0.73
16K,q5,1044,0.69
16K,q5,1044,0.736
16K,q5,1044,0.689
16K,q5,1044,0.702
16K,q5,10245,0.71
16K,q5,10245,0.773
16K,q5,10245,0.676
16K,q5,10245,0.652
16K,q5,10245,0.629
16K,q5,10200,1.13
16K,q5,10200,1.137
16K,q5,10200,1.086
16K,q5,10200,1.1
16K,q5,10200,1.114
16K,q5,11893,1.128
16K,q5,11893,1.061
16K,q5,11893,1.104
16K,q5,11893,1.27
16K,q5,11893,1.151
16K,q5,13842,1.032
16K,q5,13842,1.112
16K,q5,13842,0.735
16K,q5,13842,0.732
16K,q5,13842,0.737
16K,q5,1479,0.745
16K,q5,1479,0.782
16K,q5,1479,0.715
16K,q5,1479,0.734
16K,q5,1479,0.731
2K,q5,1843,0.773
2K,q5,1843,0.689
2K,q5,1843,0.831
2K,q5,1843,0.727
2K,q5,1843,0.751
2K,q5,206,0.745
2K,q5,206,0.687
2K,q5,206,0.708
2K,q5,206,0.717
2K,q5,206,0.649
2K,q5,1071,0.686
2K,q5,1071,0.719
2K,q5,1071,0.678
2K,q5,1071,0.698
2K,q5,1071,0.679
2K,q5,1789,0.729
2K,q5,1789,0.66
2K,q5,1789,0.638
2K,q5,1789,0.726
2K,q5,1789,0.737
2K,q5,1757,0.745
2K,q5,1757,0.732
2K,q5,1757,0.693
2K,q5,1757,0.71
2K,q5,1757,0.707
2K,q5,1606,0.656
2K,q5,1606,0.675
2K,q5,1606,0.689
2K,q5,1606,0.706
2K,q5,1606,0.69
2K,q5,1490,0.78
2K,q5,1490,0.734
2K,q5,1490,0.732
2K,q5,1490,0.73
2K,q5,1490,0.751
2K,q5,1685,0.677
2K,q5,1685,0.707
2K,q5,1685,0.708
2K,q5,1685,0.619
2K,q5,1685,0.675
2K,q5,538,0.767
2K,q5,538,0.708
2K,q5,538,0.674
2K,q5,538,0.645
2K,q5,538,0.688
2K,q5,853,0.715
2K,q5,853,0.666
2K,q5,853,0.69
2K,q5,853,0.746
2K,q5,853,0.718
2K,q5,341,0.736
2K,q5,341,0.704
2K,q5,341,0.707
2K,q5,341,0.764
2K,q5,341,0.744
2K,q5,1410,0.69
2K,q5,1410,0.723
2K,q5,1410,0.681
2K,q5,1410,0.722
2K,q5,1410,0.736
2K,q5,1140,0.73
2K,q5,1140,0.674
2K,q5,1140,0.732
2K,q5,1140,0.643
2K,q5,1140,0.679
2K,q5,730,0.71
2K,q5,730,0.751
2K,q5,730,0.69
2K,q5,730,0.729
2K,q5,730,0.688
2K,q5,1700,0.656
2K,q5,1700,0.668
2K,q5,1700,0.727
2K,q5,1700,0.708
2K,q5,1700,0.72
2K,q5,266,0.696
2K,q5,266,0.69
2K,q5,266,0.673
2K,q5,266,0.693
2K,q5,266,0.691
2K,q5,811,0.659
2K,q5,811,0.721
2K,q5,811,0.744
2K,q5,811,0.656
2K,q5,811,0.908
2K,q5,1570,0.88
2K,q5,1570,0.699
2K,q5,1570,0.663
2K,q5,1570,0.7
2K,q5,1570,0.68
2K,q5,1813,0.696
2K,q5,1813,0.745
2K,q5,1813,0.677
2K,q5,1813,0.7
2K,q5,1813,0.723
2K,q5,737,0.696
2K,q5,737,0.725
2K,q5,737,0.696
2K,q5,737,0.732
2K,q5,737,0.66
8K,q6,30,0.177
8K,q6,30,0.15
8K,q6,30,0.222
8K,q6,30,0.15
8K,q6,30,0.156
8K,q6,65,0.167
8K,q6,65,0.179
8K,q6,65,0.162
8K,q6,65,0.164
8K,q6,65,0.16
8K,q6,71,0.136
8K,q6,71,0.168
8K,q6,71,0.145
8K,q6,71,0.181
8K,q6,71,0.157
8K,q6,67,0.193
8K,q6,67,0.173
8K,q6,67,0.177
8K,q6,67,0.185
8K,q6,67,0.169
8K,q6,28,0.175
8K,q6,28,0.19
8K,q6,28,0.167
8K,q6,28,0.163
8K,q6,28,0.162
8K,q6,71,0.164
8K,q6,71,0.185
8K,q6,71,0.153
8K,q6,71,0.166
8K,q6,71,0.188
8K,q6,23,0.167
8K,q6,23,0.163
8K,q6,23,0.182
8K,q6,23,0.19
8K,q6,23,0.16
8K,q6,40,0.152
8K,q6,40,0.159
8K,q6,40,0.161
8K,q6,40,0.16
8K,q6,40,0.162
8K,q6,3,0.148
8K,q6,3,0.171
8K,q6,3,0.123
8K,q6,3,0.158
8K,q6,3,0.158
8K,q6,71,0.185
8K,q6,71,0.165
8K,q6,71,0.15
8K,q6,71,0.159
8K,q6,71,0.162
8K,q6,40,0.179
8K,q6,40,0.124
8K,q6,40,0.162
8K,q6,40,0.161
8K,q6,40,0.154
8K,q6,62,0.16
8K,q6,62,0.173
8K,q6,62,0.156
8K,q6,62,0.156
8K,q6,62,0.155
8K,q6,77,0.173
8K,q6,77,0.162
8K,q6,77,0.188
8K,q6,77,0.202
8K,q6,77,0.194
8K,q6,9,0.15
8K,q6,9,0.145
8K,q6,9,0.16
8K,q6,9,0.149
8K,q6,9,0.151
8K,q6,12,0.186
8K,q6,12,0.119
8K,q6,12,0.176
8K,q6,12,0.17
8K,q6,12,0.177
8K,q6,40,0.194
8K,q6,40,0.183
8K,q6,40,0.189
8K,q6,40,0.161
8K,q6,40,0.208
8K,q6,45,0.142
8K,q6,45,0.183
8K,q6,45,0.182
8K,q6,45,0.156
8K,q6,45,0.15
8K,q6,10,0.173
8K,q6,10,0.174
8K,q6,10,0.198
8K,q6,10,0.137
8K,q6,10,0.192
8K,q6,27,0.15
8K,q6,27,0.162
8K,q6,27,0.118
8K,q6,27,0.172
8K,q6,27,0.202
8K,q6,37,0.189
8K,q6,37,0.181
8K,q6,37,0.172
8K,q6,37,0.179
8K,q6,37,0.199
1K,q6,2,0.153
1K,q6,2,0.176
1K,q6,2,0.197
1K,q6,2,0.168
1K,q6,2,0.155
1K,q6,3,0.171
1K,q6,3,0.141
1K,q6,3,0.108
1K,q6,3,0.152
1K,q6,3,0.167
1K,q6,7,0.153
1K,q6,7,0.206
1K,q6,7,0.186
1K,q6,7,0.187
1K,q6,7,0.143
1K,q6,3,0.143
1K,q6,3,0.174
1K,q6,3,0.145
1K,q6,3,0.17
1K,q6,3,0.15
1K,q6,1,0.144
1K,q6,1,0.192
1K,q6,1,0.148
1K,q6,1,0.155
1K,q6,1,0.183
1K,q6,7,0.153
1K,q6,7,0.166
1K,q6,7,0.153
1K,q6,7,0.145
1K,q6,7,0.154
1K,q6,11,0.17
1K,q6,11,0.165
1K,q6,11,0.166
1K,q6,11,0.184
1K,q6,11,0.168
1K,q6,4,0.148
1K,q6,4,0.149
1K,q6,4,0.163
1K,q6,4,0.163
1K,q6,4,0.161
1K,q6,7,0.139
1K,q6,7,0.156
1K,q6,7,0.148
1K,q6,7,0.16
1K,q6,7,0.179
1K,q6,3,0.176
1K,q6,3,0.182
1K,q6,3,0.151
1K,q6,3,0.184
1K,q6,3,0.148
1K,q6,11,0.152
1K,q6,11,0.16
1K,q6,11,0.162
1K,q6,11,0.187
1K,q6,11,0.163
1K,q6,2,0.198
1K,q6,2,0.143
1K,q6,2,0.154
1K,q6,2,0.15
1K,q6,2,0.176
1K,q6,7,0.136
1K,q6,7,0.17
1K,q6,7,0.179
1K,q6,7,0.162
1K,q6,7,0.185
1K,q6,1,0.146
1K,q6,1,0.155
1K,q6,1,0.147
1K,q6,1,0.155
1K,q6,1,0.153
1K,q6,5,0.154
1K,q6,5,0.175
1K,q6,5,0.147
1K,q6,5,0.153
1K,q6,5,0.166
1K,q6,3,0.145
1K,q6,3,0.157
1K,q6,3,0.18
1K,q6,3,0.172
1K,q6,3,0.189
1K,q6,7,0.208
1K,q6,7,0.153
1K,q6,7,0.178
1K,q6,7,0.172
1K,q6,7,0.149
1K,q6,7,0.17
1K,q6,7,0.156
1K,q6,7,0.142
1K,q6,7,0.166
1K,q6,7,0.167
1K,q6,10,0.174
1K,q6,10,0.23
1K,q6,10,0.197
1K,q6,10,0.164
1K,q6,10,0.166
1K,q6,8,0.153
1K,q6,8,0.152
1K,q6,8,0.153
1K,q6,8,0.159
1K,q6,8,0.149
4K,q6,33,0.167
4K,q6,33,0.149
4K,q6,33,0.163
4K,q6,33,0.191
4K,q6,33,0.18
4K,q6,24,0.203
4K,q6,24,0.185
4K,q6,24,0.213
4K,q6,24,0.164
4K,q6,24,0.182
4K,q6,8,0.163
4K,q6,8,0.19
4K,q6,8,0.175
4K,q6,8,0.192
4K,q6,8,0.177
4K,q6,19,0.177
4K,q6,19,0.15
4K,q6,19,0.185
4K,q6,19,0.14
4K,q6,19,0.179
4K,q6,34,0.16
4K,q6,34,0.17
4K,q6,34,0.184
4K,q6,34,0.169
4K,q6,34,0.188
4K,q6,34,0.174
4K,q6,34,0.205
4K,q6,34,0.168
4K,q6,34,0.161
4K,q6,34,0.166
4K,q6,14,0.155
4K,q6,14,0.167
4K,q6,14,0.172
4K,q6,14,0.17
4K,q6,14,0.187
4K,q6,37,0.182
4K,q6,37,0.182
4K,q6,37,0.171
4K,q6,37,0.191
4K,q6,37,0.16
4K,q6,34,0.169
4K,q6,34,0.162
4K,q6,34,0.193
4K,q6,34,0.12
4K,q6,34,0.149
4K,q6,18,0.183
4K,q6,18,0.182
4K,q6,18,0.207
4K,q6,18,0.161
4K,q6,18,0.188
4K,q6,32,0.175
4K,q6,32,0.204
4K,q6,32,0.181
4K,q6,32,0.181
4K,q6,32,0.174
4K,q6,16,0.192
4K,q6,16,0.161
4K,q6,16,0.213
4K,q6,16,0.278
4K,q6,16,0.287
4K,q6,10,0.245
4K,q6,10,0.291
4K,q6,10,0.301
4K,q6,10,0.261
4K,q6,10,0.364
4K,q6,7,0.272
4K,q6,7,0.282
4K,q6,7,0.256
4K,q6,7,0.273
4K,q6,7,0.388
4K,q6,15,0.26
4K,q6,15,0.31
4K,q6,15,0.258
4K,q6,15,0.166
4K,q6,15,0.276
4K,q6,2,0.27
4K,q6,2,0.297
4K,q6,2,0.286
4K,q6,2,0.226
4K,q6,2,0.383
4K,q6,16,0.366
4K,q6,16,0.319
4K,q6,16,0.313
4K,q6,16,0.282
4K,q6,16,0.264
4K,q6,18,0.317
4K,q6,18,0.287
4K,q6,18,0.291
4K,q6,18,0.305
4K,q6,18,0.269
4K,q6,22,0.208
4K,q6,22,0.275
4K,q6,22,0.281
4K,q6,22,0.29
4K,q6,22,0.256
4K,q6,7,0.246
4K,q6,7,0.266
4K,q6,7,0.276
4K,q6,7,0.248
4K,q6,7,0.223
16K,q6,62,0.312
16K,q6,62,0.25
16K,q6,62,0.303
16K,q6,62,0.277
16K,q6,62,0.308
16K,q6,21,0.282
16K,q6,21,0.259
16K,q6,21,0.256
16K,q6,21,0.234
16K,q6,21,0.393
16K,q6,69,0.288
16K,q6,69,0.244
16K,q6,69,0.315
16K,q6,69,0.352
16K,q6,69,0.246
16K,q6,62,0.306
16K,q6,62,0.281
16K,q6,62,0.264
16K,q6,62,0.257
16K,q6,62,0.262
16K,q6,140,0.263
16K,q6,140,0.263
16K,q6,140,0.277
16K,q6,140,0.299
16K,q6,140,0.176
16K,q6,119,0.242
16K,q6,119,0.291
16K,q6,119,0.241
16K,q6,119,0.234
16K,q6,119,0.177
16K,q6,127,0.311
16K,q6,127,0.29
16K,q6,127,0.271
16K,q6,127,0.254
16K,q6,127,0.288
16K,q6,32,0.269
16K,q6,32,0.344
16K,q6,32,0.255
16K,q6,32,0.211
16K,q6,32,0.287
16K,q6,65,0.227
16K,q6,65,0.293
16K,q6,65,0.266
16K,q6,65,0.257
16K,q6,65,0.272
16K,q6,13,0.312
16K,q6,13,0.274
16K,q6,13,0.259
16K,q6,13,0.273
16K,q6,13,0.27
16K,q6,17,0.264
16K,q6,17,0.27
16K,q6,17,0.273
16K,q6,17,0.265
16K,q6,17,0.262
16K,q6,20,0.248
16K,q6,20,0.259
16K,q6,20,0.349
16K,q6,20,0.284
16K,q6,20,0.283
16K,q6,20,0.326
16K,q6,20,0.298
16K,q6,20,0.257
16K,q6,20,0.254
16K,q6,20,0.264
16K,q6,72,0.289
16K,q6,72,0.279
16K,q6,72,0.273
16K,q6,72,0.258
16K,q6,72,0.268
16K,q6,65,0.269
16K,q6,65,0.289
16K,q6,65,0.265
16K,q6,65,0.341
16K,q6,65,0.321
16K,q6,80,0.235
16K,q6,80,0.269
16K,q6,80,0.309
16K,q6,80,0.326
16K,q6,80,0.257
16K,q6,10,0.254
16K,q6,10,0.261
16K,q6,10,0.289
16K,q6,10,0.255
16K,q6,10,0.266
16K,q6,13,0.286
16K,q6,13,0.292
16K,q6,13,0.225
16K,q6,13,0.299
16K,q6,13,0.252
16K,q6,111,0.244
16K,q6,111,0.257
16K,q6,111,0.237
16K,q6,111,0.261
16K,q6,111,0.201
16K,q6,139,0.35
16K,q6,139,0.232
16K,q6,139,0.246
16K,q6,139,0.254
16K,q6,139,0.282
2K,q6,5,0.253
2K,q6,5,0.299
2K,q6,5,0.266
2K,q6,5,0.254
2K,q6,5,0.285
2K,q6,14,0.297
2K,q6,14,0.26
2K,q6,14,0.265
2K,q6,14,0.32
2K,q6,14,0.318
2K,q6,19,0.307
2K,q6,19,0.244
2K,q6,19,0.366
2K,q6,19,0.258
2K,q6,19,0.314
2K,q6,19,0.305
2K,q6,19,0.248
2K,q6,19,0.299
2K,q6,19,0.262
2K,q6,19,0.28
2K,q6,14,0.246
2K,q6,14,0.254
2K,q6,14,0.232
2K,q6,14,0.271
2K,q6,14,0.289
2K,q6,6,0.26
2K,q6,6,0.255
2K,q6,6,0.249
2K,q6,6,0.228
2K,q6,6,0.268
2K,q6,21,0.267
2K,q6,21,0.274
2K,q6,21,0.251
2K,q6,21,0.195
2K,q6,21,0.261
2K,q6,1,0.281
2K,q6,1,0.271
2K,q6,1,0.26
2K,q6,1,0.262
2K,q6,1,0.301
2K,q6,12,0.298
2K,q6,12,0.256
2K,q6,12,0.252
2K,q6,12,0.262
2K,q6,12,0.267
2K,q6,14,0.205
2K,q6,14,0.279
2K,q6,14,0.264
2K,q6,14,0.26
2K,q6,14,0.282
2K,q6,0,0.266
2K,q6,0,0.286
2K,q6,0,0.27
2K,q6,0,0.24
2K,q6,0,0.244
2K,q6,19,0.242
2K,q6,19,0.266
2K,q6,19,0.258
2K,q6,19,0.255
2K,q6,19,0.291
2K,q6,1,0.241
2K,q6,1,0.262
2K,q6,1,0.238
2K,q6,1,0.235
2K,q6,1,0.231
2K,q6,8,0.235
2K,q6,8,0.237
2K,q6,8,0.289
2K,q6,8,0.298
2K,q6,8,0.252
2K,q6,11,0.245
2K,q6,11,0.278
2K,q6,11,0.267
2K,q6,11,0.24
2K,q6,11,0.24
2K,q6,0,0.246
2K,q6,0,0.429
2K,q6,0,0.25
2K,q6,0,0.266
2K,q6,0,0.274
2K,q6,17,0.293
2K,q6,17,0.291
2K,q6,17,0.275
2K,q6,17,0.274
2K,q6,17,0.242
2K,q6,4,0.252
2K,q6,4,0.247
2K,q6,4,0.34
2K,q6,4,0.271
2K,q6,4,0.242
2K,q6,22,0.269
2K,q6,22,0.265
2K,q6,22,0.211
2K,q6,22,0.31
2K,q6,22,0.251
2K,q6,4,0.24
2K,q6,4,0.23
2K,q6,4,0.274
2K,q6,4,0.25
2K,q6,4,0.269
8K,q3,37039,0.716
8K,q3,37039,0.71
8K,q3,37039,0.702
8K,q3,37039,0.718
8K,q3,37039,0.676
8K,q3,10466,0.608
8K,q3,10466,0.657
8K,q3,10466,0.615
8K,q3,10466,0.691
8K,q3,10466,0.629
8K,q3,572,0.635
8K,q3,572,0.727
8K,q3,572,0.635
8K,q3,572,0.644
8K,q3,572,0.627
8K,q3,60333,0.62
8K,q3,60333,0.642
8K,q3,60333,0.719
8K,q3,60333,0.747
8K,q3,60333,0.645
8K,q3,38680,0.664
8K,q3,38680,0.646
8K,q3,38680,0.668
8K,q3,38680,0.679
8K,q3,38680,0.677
8K,q3,79026,0.645
8K,q3,79026,0.701
8K,q3,79026,0.628
8K,q3,79026,0.733
8K,q3,79026,0.664
8K,q3,53537,0.627
8K,q3,53537,0.755
8K,q3,53537,0.62
8K,q3,53537,0.674
8K,q3,53537,0.648
8K,q3,10062,0.7
8K,q3,10062,0.613
8K,q3,10062,0.628
8K,q3,10062,0.675
8K,q3,10062,0.692
8K,q3,47195,0.639
8K,q3,47195,0.722
8K,q3,47195,0.651
8K,q3,47195,0.742
8K,q3,47195,0.696
8K,q3,5505,0.654
8K,q3,5505,0.592
8K,q3,5505,0.615
8K,q3,5505,0.716
8K,q3,5505,0.659
8K,q3,76414,0.587
8K,q3,76414,0.6
8K,q3,76414,0.712
8K,q3,76414,0.609
8K,q3,76414,0.545
8K,q3,51642,0.769
8K,q3,51642,0.648
8K,q3,51642,0.642
8K,q3,51642,0.6
8K,q3,51642,0.629
8K,q3,76622,0.629
8K,q3,76622,0.624
8K,q3,76622,0.612
8K,q3,76622,0.602
8K,q3,76622,0.639
8K,q3,10057,0.635
8K,q3,10057,0.671
8K,q3,10057,0.761
8K,q3,10057,0.669
8K,q3,10057,0.761
8K,q3,51916,0.631
8K,q3,51916,0.676
8K,q3,51916,0.719
8K,q3,51916,0.593
8K,q3,51916,0.649
8K,q3,40458,0.624
8K,q3,40458,0.593
8K,q3,40458,0.684
8K,q3,40458,0.636
8K,q3,40458,0.578
8K,q3,11844,0.63
8K,q3,11844,0.67
8K,q3,11844,0.807
8K,q3,11844,0.636
8K,q3,11844,0.554
8K,q3,12834,0.723
8K,q3,12834,0.645
8K,q3,12834,0.589
8K,q3,12834,0.632
8K,q3,12834,0.662
8K,q3,51192,0.525
8K,q3,51192,0.672
8K,q3,51192,0.887
8K,q3,51192,0.938
8K,q3,51192,0.883
8K,q3,72609,0.647
8K,q3,72609,0.636
8K,q3,72609,0.654
8K,q3,72609,0.643
8K,q3,72609,0.793
1K,q3,9626,0.67
1K,q3,9626,0.663
1K,q3,9626,0.637
1K,q3,9626,0.71
1K,q3,9626,0.641
1K,q3,6933,0.737
1K,q3,6933,0.633
1K,q3,6933,0.632
1K,q3,6933,0.604
1K,q3,6933,0.745
1K,q3,4175,0.635
1K,q3,4175,0.578
1K,q3,4175,0.705
1K,q3,4175,0.67
1K,q3,4175,0.69
1K,q3,2969,0.665
1K,q3,2969,0.648
1K,q3,2969,0.683
1K,q3,2969,0.663
1K,q3,2969,0.684
1K,q3,2119,0.64
1K,q3,2119,0.662
1K,q3,2119,0.612
1K,q3,2119,0.582
1K,q3,2119,0.732
1K,q3,1792,0.667
1K,q3,1792,0.618
1K,q3,1792,0.646
1K,q3,1792,0.688
1K,q3,1792,0.641
1K,q3,2757,0.656
1K,q3,2757,0.66
1K,q3,2757,0.666
1K,q3,2757,0.68
1K,q3,2757,0.618
1K,q3,1612,0.773
1K,q3,1612,0.573
1K,q3,1612,0.615
1K,q3,1612,0.752
1K,q3,1612,0.669
1K,q3,3499,0.629
1K,q3,3499,0.657
1K,q3,3499,0.609
1K,q3,3499,0.644
1K,q3,3499,0.859
1K,q3,9662,0.666
1K,q3,9662,0.59
1K,q3,9662,0.663
1K,q3,9662,0.622
1K,q3,9662,0.653
1K,q3,5422,0.705
1K,q3,5422,0.648
1K,q3,5422,0.557
1K,q3,5422,0.661
1K,q3,5422,0.638
1K,q3,1008,0.703
1K,q3,1008,0.642
1K,q3,1008,0.669
1K,q3,1008,0.707
1K,q3,1008,0.842
1K,q3,9177,0.755
1K,q3,9177,0.748
1K,q3,9177,0.65
1K,q3,9177,0.644
1K,q3,9177,0.688
1K,q3,6999,0.522
1K,q3,6999,0.598
1K,q3,6999,0.634
1K,q3,6999,0.609
1K,q3,6999,0.786
1K,q3,1332,0.719
1K,q3,1332,0.634
1K,q3,1332,0.579
1K,q3,1332,0.726
1K,q3,1332,0.65
1K,q3,1029,0.622
1K,q3,1029,0.58
1K,q3,1029,0.605
1K,q3,1029,0.607
1K,q3,1029,0.563
1K,q3,3165,0.612
1K,q3,3165,0.638
1K,q3,3165,0.65
1K,q3,3165,0.644
1K,q3,3165,0.629
1K,q3,140,0.621
1K,q3,140,0.603
1K,q3,140,0.684
1K,q3,140,0.633
1K,q3,140,0.715
1K,q3,8276,0.62
1K,q3,8276,0.786
1K,q3,8276,0.597
1K,q3,8276,0.424
1K,q3,8276,0.403
1K,q3,2765,0.412
1K,q3,2765,0.407
1K,q3,2765,0.394
1K,q3,2765,0.366
1K,q3,2765,0.479
4K,q3,20898,0.41
4K,q3,20898,0.375
4K,q3,20898,0.397
4K,q3,20898,0.393
4K,q3,20898,0.387
4K,q3,25929,0.387
4K,q3,25929,0.481
4K,q3,25929,0.398
4K,q3,25929,0.404
4K,q3,25929,0.404
4K,q3,155,0.393
4K,q3,155,0.44
4K,q3,155,0.465
4K,q3,155,0.482
4K,q3,155,0.575
4K,q3,11758,0.449
4K,q3,11758,0.511
4K,q3,11758,0.365
4K,q3,11758,0.485
4K,q3,11758,0.42
4K,q3,24075,0.417
4K,q3,24075,0.422
4K,q3,24075,0.499
4K,q3,24075,0.454
4K,q3,24075,0.385
4K,q3,3493,0.465
4K,q3,3493,0.435
4K,q3,3493,0.475
4K,q3,3493,0.325
4K,q3,3493,0.452
4K,q3,356,0.465
4K,q3,356,0.395
4K,q3,356,0.447
4K,q3,356,0.365
4K,q3,356,0.441
4K,q3,31542,0.461
4K,q3,31542,0.508
4K,q3,31542,0.534
4K,q3,31542,0.507
4K,q3,31542,0.508
4K,q3,33816,0.483
4K,q3,33816,0.438
4K,q3,33816,0.462
4K,q3,33816,0.48
4K,q3,33816,0.487
4K,q3,11311,0.403
4K,q3,11311,0.46
4K,q3,11311,0.417
4K,q3,11311,0.43
4K,q3,11311,0.468
4K,q3,5612,0.433
4K,q3,5612,0.467
4K,q3,5612,0.406
4K,q3,5612,0.417
4K,q3,5612,0.398
4K,q3,13095,0.455
4K,q3,13095,0.41
4K,q3,13095,0.424
4K,q3,13095,0.389
4K,q3,13095,0.43
4K,q3,7725,0.389
4K,q3,7725,0.421
4K,q3,7725,0.413
4K,q3,7725,0.444
4K,q3,7725,0.404
4K,q3,18161,0.437
4K,q3,18161,0.404
4K,q3,18161,0.4
4K,q3,18161,0.39
4K,q3,18161,0.453
4K,q3,7794,0.485
4K,q3,7794,0.429
4K,q3,7794,0.398
4K,q3,7794,0.442
4K,q3,7794,0.394
4K,q3,12081,0.393
4K,q3,12081,0.421
4K,q3,12081,0.467
4K,q3,12081,0.447
4K,q3,12081,0.42
4K,q3,2892,0.391
4K,q3,2892,0.507
4K,q3,2892,0.408
4K,q3,2892,0.471
4K,q3,2892,0.432
4K,q3,34264,0.399
4K,q3,34264,0.411
4K,q3,34264,0.434
4K,q3,34264,0.413
4K,q3,34264,0.385
4K,q3,33974,0.428
4K,q3,33974,0.43
4K,q3,33974,0.443
4K,q3,33974,0.378
4K,q3,33974,0.387
4K,q3,18125,0.447
4K,q3,18125,0.38
4K,q3,18125,0.405
4K,q3,18125,0.38
4K,q3,18125,0.416
16K,q3,116984,0.419
16K,q3,116984,0.415
16K,q3,116984,0.414
16K,q3,116984,0.432
16K,q3,116984,0.42
16K,q3,114983,0.406
16K,q3,114983,0.362
16K,q3,114983,0.444
16K,q3,114983,0.394
16K,q3,114983,0.396
16K,q3,58703,0.418
16K,q3,58703,0.404
16K,q3,58703,0.441
16K,q3,58703,0.408
16K,q3,58703,0.453
16K,q3,4348,0.393
16K,q3,4348,0.417
16K,q3,4348,0.411
16K,q3,4348,0.398
16K,q3,4348,0.427
16K,q3,67020,0.4
16K,q3,67020,0.446
16K,q3,67020,0.424
16K,q3,67020,0.417
16K,q3,67020,0.433
16K,q3,10727,0.401
16K,q3,10727,0.41
16K,q3,10727,0.371
16K,q3,10727,0.381
16K,q3,10727,0.432
16K,q3,3000,0.434
16K,q3,3000,0.356
16K,q3,3000,0.434
16K,q3,3000,0.402
16K,q3,3000,0.434
16K,q3,151860,0.402
16K,q3,151860,0.397
16K,q3,151860,0.379
16K,q3,151860,0.431
16K,q3,151860,0.313
16K,q3,20837,0.445
16K,q3,20837,0.4
16K,q3,20837,0.395
16K,q3,20837,0.452
16K,q3,20837,0.426
16K,q3,50529,0.387
16K,q3,50529,0.419
16K,q3,50529,0.375
16K,q3,50529,0.403
16K,q3,50529,0.434
16K,q3,135899,0.427
16K,q3,135899,0.438
16K,q3,135899,0.398
16K,q3,135899,0.489
16K,q3,135899,0.403
16K,q3,153001,0.42
16K,q3,153001,0.407
16K,q3,153001,0.473
16K,q3,153001,0.455
16K,q3,153001,0.364
16K,q3,61062,0.396
16K,q3,61062,0.411
16K,q3,61062,0.472
16K,q3,61062,0.427
16K,q3,61062,0.383
16K,q3,151458,0.427
16K,q3,151458,0.407
16K,q3,151458,0.421
16K,q3,151458,0.446
16K,q3,151458,0.423
16K,q3,116473,0.48
16K,q3,116473,0.326
16K,q3,116473,0.415
16K,q3,116473,0.394
16K,q3,116473,0.4
16K,q3,91418,0.466
16K,q3,91418,0.396
16K,q3,91418,0.41
16K,q3,91418,0.428
16K,q3,91418,0.411
16K,q3,28459,0.465
16K,q3,28459,0.404
16K,q3,28459,0.424
16K,q3,28459,0.41
16K,q3,28459,0.457
16K,q3,623,0.426
16K,q3,623,0.374
16K,q3,623,0.434
16K,q3,623,0.41
16K,q3,623,0.468
16K,q3,70071,0.459
16K,q3,70071,0.424
16K,q3,70071,0.443
16K,q3,70071,0.349
16K,q3,70071,0.37
16K,q3,48808,0.364
16K,q3,48808,0.395
16K,q3,48808,0.393
16K,q3,48808,0.453
16K,q3,48808,0.444
2K,q3,15396,0.392
2K,q3,15396,0.406
2K,q3,15396,0.41
2K,q3,15396,0.44
2K,q3,15396,0.441
2K,q3,17030,0.466
2K,q3,17030,0.429
2K,q3,17030,0.417
2K,q3,17030,0.396
2K,q3,17030,0.404
2K,q3,13116,0.413
2K,q3,13116,0.43
2K,q3,13116,0.434
2K,q3,13116,0.454
2K,q3,13116,0.395
2K,q3,2517,0.397
2K,q3,2517,0.388
2K,q3,2517,0.487
2K,q3,2517,0.404
2K,q3,2517,0.454
2K,q3,10820,0.443
2K,q3,10820,0.39
2K,q3,10820,0.41
2K,q3,10820,0.45
2K,q3,10820,0.397
2K,q3,6240,0.399
2K,q3,6240,0.398
2K,q3,6240,0.473
2K,q3,6240,0.484
2K,q3,6240,0.402
2K,q3,10332,0.403
2K,q3,10332,0.389
2K,q3,10332,0.411
2K,q3,10332,0.428
2K,q3,10332,0.419
2K,q3,13418,0.427
2K,q3,13418,0.373
2K,q3,13418,0.398
2K,q3,13418,0.449
2K,q3,13418,0.429
2K,q3,6756,0.458
2K,q3,6756,0.415
2K,q3,6756,0.416
2K,q3,6756,0.44
2K,q3,6756,0.413
2K,q3,7948,0.413
2K,q3,7948,0.399
2K,q3,7948,0.427
2K,q3,7948,0.485
2K,q3,7948,0.471
2K,q3,18767,0.42
2K,q3,18767,0.408
2K,q3,18767,0.428
2K,q3,18767,0.439
2K,q3,18767,0.415
2K,q3,6584,0.485
2K,q3,6584,0.433
2K,q3,6584,0.397
2K,q3,6584,0.416
2K,q3,6584,0.402
2K,q3,10169,0.394
2K,q3,10169,0.461
2K,q3,10169,0.442
2K,q3,10169,0.447
2K,q3,10169,0.442
2K,q3,13253,0.415
2K,q3,13253,0.403
2K,q3,13253,0.442
2K,q3,13253,0.487
2K,q3,13253,0.392
2K,q3,15709,0.396
2K,q3,15709,0.398
2K,q3,15709,0.444
2K,q3,15709,0.433
2K,q3,15709,0.399
2K,q3,13669,0.435
2K,q3,13669,0.433
2K,q3,13669,0.409
2K,q3,13669,0.356
2K,q3,13669,0.391
2K,q3,17082,0.401
2K,q3,17082,0.386
2K,q3,17082,0.383
2K,q3,17082,0.42
2K,q3,17082,0.433
2K,q3,19139,0.423
2K,q3,19139,0.421
2K,q3,19139,0.402
2K,q3,19139,0.443
2K,q3,19139,0.394
2K,q3,17060,0.404
2K,q3,17060,0.406
2K,q3,17060,0.417
2K,q3,17060,0.458
2K,q3,17060,0.388
2K,q3,9532,0.42
2K,q3,9532,0.433
2K,q3,9532,0.419
2K,q3,9532,0.413
2K,q3,9532,0.349
8K,q1,106369,0.36
8K,q1,106369,0.361
8K,q1,106369,0.351
8K,q1,106369,0.346
8K,q1,106369,0.344
8K,q1,4965,0.364
8K,q1,4965,0.398
8K,q1,4965,0.375
8K,q1,4965,0.402
8K,q1,4965,0.379
8K,q1,135431,0.377
8K,q1,135431,0.356
8K,q1,135431,0.409
8K,q1,135431,0.352
8K,q1,135431,0.413
8K,q1,85249,0.414
8K,q1,85249,0.38
8K,q1,85249,0.423
8K,q1,85249,0.391
8K,q1,85249,0.419
8K,q1,14143,0.385
8K,q1,14143,0.355
8K,q1,14143,0.405
8K,q1,14143,0.34
8K,q1,14143,0.356
8K,q1,38692,0.37
8K,q1,38692,0.385
8K,q1,38692,0.353
8K,q1,38692,0.357
8K,q1,38692,0.362
8K,q1,133927,0.293
8K,q1,133927,0.317
8K,q1,133927,0.391
8K,q1,133927,0.346
8K,q1,133927,0.412
8K,q1,28927,0.39
8K,q1,28927,0.413
8K,q1,28927,0.356
8K,q1,28927,0.395
8K,q1,28927,0.39
8K,q1,154385,0.426
8K,q1,154385,0.326
8K,q1,154385,0.419
8K,q1,154385,0.371
8K,q1,154385,0.393
8K,q1,106907,0.35
8K,q1,106907,0.456
8K,q1,106907,0.347
8K,q1,106907,0.359
8K,q1,106907,0.369
8K,q1,5894,0.312
8K,q1,5894,0.413
8K,q1,5894,0.392
8K,q1,5894,0.4
8K,q1,5894,0.39
8K,q1,31370,0.361
8K,q1,31370,0.301
8K,q1,31370,0.322
8K,q1,31370,0.349
8K,q1,31370,0.368
8K,q1,91837,0.379
8K,q1,91837,0.361
8K,q1,91837,0.359
8K,q1,91837,0.331
8K,q1,91837,0.42
8K,q1,89045,0.424
8K,q1,89045,0.352
8K,q1,89045,0.382
8K,q1,89045,0.429
8K,q1,89045,0.413
8K,q1,21494,0.372
8K,q1,21494,0.352
8K,q1,21494,0.312
8K,q1,21494,0.346
8K,q1,21494,0.413
8K,q1,86879,0.379
8K,q1,86879,0.38
8K,q1,86879,0.411
8K,q1,86879,0.356
8K,q1,86879,0.288
8K,q1,21782,0.31
8K,q1,21782,0.423
8K,q1,21782,0.377
8K,q1,21782,0.376
8K,q1,21782,0.417
8K,q1,97704,0.419
8K,q1,97704,0.395
8K,q1,97704,0.36
8K,q1,97704,0.352
8K,q1,97704,0.413
8K,q1,16176,0.383
8K,q1,16176,0.415
8K,q1,16176,0.373
8K,q1,16176,0.369
8K,q1,16176,0.416
8K,q1,6801,0.399
8K,q1,6801,0.394
8K,q1,6801,0.371
8K,q1,6801,0.395
8K,q1,6801,0.37
1K,q1,19128,0.368
1K,q1,19128,0.358
1K,q1,19128,0.342
1K,q1,19128,0.336
1K,q1,19128,0.325
1K,q1,15729,0.369
1K,q1,15729,0.36
1K,q1,15729,0.367
1K,q1,15729,0.383
1K,q1,15729,0.351
1K,q1,4450,0.406
1K,q1,4450,0.417
1K,q1,4450,0.369
1K,q1,4450,0.398
1K,q1,4450,0.41
1K,q1,16196,0.346
1K,q1,16196,0.378
1K,q1,16196,0.339
1K,q1,16196,0.398
1K,q1,16196,0.35
1K,q1,10019,0.394
1K,q1,10019,0.391
1K,q1,10019,0.361
1K,q1,10019,0.3
1K,q1,10019,0.359
1K,q1,7581,0.36
1K,q1,7581,0.394
1K,q1,7581,0.371
1K,q1,7581,0.363
1K,q1,7581,0.389
1K,q1,9007,0.39
1K,q1,9007,0.395
1K,q1,9007,0.409
1K,q1,9007,0.395
1K,q1,9007,0.359
1K,q1,12136,0.388
1K,q1,12136,0.368
1K,q1,12136,0.375
1K,q1,12136,0.391
1K,q1,12136,0.362
1K,q1,14967,0.41
1K,q1,14967,0.406
1K,q1,14967,0.374
1K,q1,14967,0.411
1K,q1,14967,0.321
1K,q1,9997,0.433
1K,q1,9997,0.36
1K,q1,9997,0.351
1K,q1,9997,0.387
1K,q1,9997,0.392
1K,q1,12476,0.359
1K,q1,12476,0.39
1K,q1,12476,0.377
1K,q1,12476,0.353
1K,q1,12476,0.359
1K,q1,4507,0.445
1K,q1,4507,0.347
1K,q1,4507,0.375
1K,q1,4507,0.367
1K,q1,4507,0.358
1K,q1,1264,0.356
1K,q1,1264,0.274
1K,q1,1264,0.382
1K,q1,1264,0.403
1K,q1,1264,0.453
1K,q1,3643,0.392
1K,q1,3643,0.373
1K,q1,3643,0.351
1K,q1,3643,0.432
1K,q1,3643,0.403
1K,q1,12519,0.38
1K,q1,12519,0.36
1K,q1,12519,0.375
1K,q1,12519,0.395
1K,q1,12519,0.365
1K,q1,12698,0.368
1K,q1,12698,0.416
1K,q1,12698,0.351
1K,q1,12698,0.399
1K,q1,12698,0.31
1K,q1,11004,0.409
1K,q1,11004,0.438
1K,q1,11004,0.361
1K,q1,11004,0.394
1K,q1,11004,0.392
1K,q1,6019,0.354
1K,q1,6019,0.334
1K,q1,6019,0.369
1K,q1,6019,0.455
1K,q1,6019,0.362
1K,q1,14892,0.4
1K,q1,14892,0.37
1K,q1,14892,0.297
1K,q1,14892,0.411
1K,q1,14892,0.344
1K,q1,14323,0.317
1K,q1,14323,0.308
1K,q1,14323,0.395
1K,q1,14323,0.344
1K,q1,14323,0.395
4K,q1,53167,0.394
4K,q1,53167,0.373
4K,q1,53167,0.354
4K,q1,53167,0.388
4K,q1,53167,0.357
4K,q1,34685,0.366
4K,q1,34685,0.362
4K,q1,34685,0.403
4K,q1,34685,0.365
4K,q1,34685,0.351
4K,q1,17526,0.323
4K,q1,17526,0.371
4K,q1,17526,0.306
4K,q1,17526,0.383
4K,q1,17526,0.385
4K,q1,37476,0.382
4K,q1,37476,0.312
4K,q1,37476,0.353
4K,q1,37476,0.333
4K,q1,37476,0.363
4K,q1,24778,0.284
4K,q1,24778,0.365
4K,q1,24778,0.338
4K,q1,24778,0.385
4K,q1,24778,0.361
4K,q1,15916,0.377
4K,q1,15916,0.361
4K,q1,15916,0.412
4K,q1,15916,0.387
4K,q1,15916,0.335
4K,q1,6867,0.408
4K,q1,6867,0.357
4K,q1,6867,0.291
4K,q1,6867,0.384
4K,q1,6867,0.359
4K,q1,74073,0.31
4K,q1,74073,0.407
4K,q1,74073,0.402
4K,q1,74073,0.374
4K,q1,74073,0.33
4K,q1,4814,0.279
4K,q1,4814,0.393
4K,q1,4814,0.356
4K,q1,4814,0.388
4K,q1,4814,0.376
4K,q1,44035,0.363
4K,q1,44035,0.366
4K,q1,44035,0.355
4K,q1,44035,0.468
4K,q1,44035,0.411
4K,q1,22098,0.363
4K,q1,22098,0.338
4K,q1,22098,0.382
4K,q1,22098,0.346
4K,q1,22098,0.395
4K,q1,73599,0.382
4K,q1,73599,0.349
4K,q1,73599,0.304
4K,q1,73599,0.307
4K,q1,73599,0.378
4K,q1,28362,0.328
4K,q1,28362,0.42
4K,q1,28362,0.335
4K,q1,28362,0.349
4K,q1,28362,0.401
4K,q1,41067,0.486
4K,q1,41067,0.452
4K,q1,41067,0.443
4K,q1,41067,0.311
4K,q1,41067,0.402
4K,q1,17761,0.399
4K,q1,17761,0.368
4K,q1,17761,0.393
4K,q1,17761,0.342
4K,q1,17761,0.263
4K,q1,78214,0.344
4K,q1,78214,0.403
4K,q1,78214,0.325
4K,q1,78214,0.642
4K,q1,78214,0.37
4K,q1,39313,0.342
4K,q1,39313,0.384
4K,q1,39313,0.354
4K,q1,39313,0.472
4K,q1,39313,0.306
4K,q1,63001,0.389
4K,q1,63001,0.416
4K,q1,63001,0.538
4K,q1,63001,0.319
4K,q1,63001,0.441
4K,q1,20918,0.353
4K,q1,20918,0.363
4K,q1,20918,0.356
4K,q1,20918,0.385
4K,q1,20918,0.531
4K,q1,2169,0.625
4K,q1,2169,0.335
4K,q1,2169,0.452
4K,q1,2169,0.399
4K,q1,2169,0.375
16K,q1,218469,0.334
16K,q1,218469,0.349
16K,q1,218469,0.408
16K,q1,218469,0.329
16K,q1,218469,0.429
16K,q1,203621,0.377
16K,q1,203621,0.394
16K,q1,203621,0.419
16K,q1,203621,0.318
16K,q1,203621,0.339
16K,q1,173616,0.363
16K,q1,173616,0.404
16K,q1,173616,0.421
16K,q1,173616,0.502
16K,q1,173616,0.373
16K,q1,67884,0.566
16K,q1,67884,0.651
16K,q1,67884,0.277
16K,q1,67884,0.462
16K,q1,67884,0.251
16K,q1,84114,0.568
16K,q1,84114,0.372
16K,q1,84114,0.334
16K,q1,84114,0.541
16K,q1,84114,0.32
16K,q1,291850,0.337
16K,q1,291850,0.427
16K,q1,291850,0.421
16K,q1,291850,0.377
16K,q1,291850,0.457
16K,q1,266503,0.495
16K,q1,266503,0.825
16K,q1,266503,0.308
16K,q1,266503,0.35
16K,q1,266503,0.394
16K,q1,25818,0.36
16K,q1,25818,0.302
16K,q1,25818,0.325
16K,q1,25818,0.319
16K,q1,25818,0.339
16K,q1,314883,0.437
16K,q1,314883,0.36
16K,q1,314883,0.359
16K,q1,314883,0.374
16K,q1,314883,0.329
16K,q1,49254,0.404
16K,q1,49254,0.4
16K,q1,49254,0.27
16K,q1,49254,0.337
16K,q1,49254,0.34
16K,q1,308448,0.294
16K,q1,308448,0.365
16K,q1,308448,0.346
16K,q1,308448,0.334
16K,q1,308448,0.328
16K,q1,319757,0.334
16K,q1,319757,0.403
16K,q1,319757,0.447
16K,q1,319757,0.34
16K,q1,319757,0.308
16K,q1,217441,0.292
16K,q1,217441,0.354
16K,q1,217441,0.328
16K,q1,217441,0.361
16K,q1,217441,0.366
16K,q1,97241,0.335
16K,q1,97241,0.328
16K,q1,97241,0.341
16K,q1,97241,0.374
16K,q1,97241,0.292
16K,q1,113214,0.323
16K,q1,113214,0.365
16K,q1,113214,0.362
16K,q1,113214,0.345
16K,q1,113214,0.348
16K,q1,269583,0.39
16K,q1,269583,0.313
16K,q1,269583,0.349
16K,q1,269583,0.385
16K,q1,269583,0.427
16K,q1,102200,0.39
16K,q1,102200,0.347
16K,q1,102200,0.301
16K,q1,102200,0.342
16K,q1,102200,0.413
16K,q1,242732,0.38
16K,q1,242732,0.405
16K,q1,242732,0.397
16K,q1,242732,0.255
16K,q1,242732,0.376
16K,q1,217854,0.432
16K,q1,217854,0.421
16K,q1,217854,0.348
16K,q1,217854,0.31
16K,q1,217854,0.329
16K,q1,227239,0.324
16K,q1,227239,0.398
16K,q1,227239,0.312
16K,q1,227239,0.393
16K,q1,227239,0.329
2K,q1,16321,0.335
2K,q1,16321,0.35
2K,q1,16321,0.359
2K,q1,16321,0.343
2K,q1,16321,0.435
2K,q1,14730,0.359
2K,q1,14730,0.4
2K,q1,14730,0.351
2K,q1,14730,0.323
2K,q1,14730,0.391
2K,q1,7535,0.338
2K,q1,7535,0.302
2K,q1,7535,0.397
2K,q1,7535,0.395
2K,q1,7535,0.382
2K,q1,6515,0.418
2K,q1,6515,0.355
2K,q1,6515,0.34
2K,q1,6515,0.371
2K,q1,6515,0.472
2K,q1,471,0.327
2K,q1,471,0.349
2K,q1,471,0.393
2K,q1,471,0.353
2K,q1,471,0.358
2K,q1,12158,0.449
2K,q1,12158,0.495
2K,q1,12158,0.388
2K,q1,12158,0.377
2K,q1,12158,0.418
2K,q1,21888,0.359
2K,q1,21888,0.344
2K,q1,21888,0.432
2K,q1,21888,0.352
2K,q1,21888,0.369
2K,q1,19306,0.331
2K,q1,19306,0.481
2K,q1,19306,0.362
2K,q1,19306,0.355
2K,q1,19306,0.324
2K,q1,39223,0.506
2K,q1,39223,0.336
2K,q1,39223,0.43
2K,q1,39223,0.404
2K,q1,39223,0.353
2K,q1,1701,0.371
2K,q1,1701,0.427
2K,q1,1701,0.44
2K,q1,1701,0.694
2K,q1,1701,0.555
2K,q1,14004,0.383
2K,q1,14004,0.33
2K,q1,14004,0.344
2K,q1,14004,0.446
2K,q1,14004,0.45
2K,q1,2178,0.526
2K,q1,2178,0.702
2K,q1,2178,0.405
2K,q1,2178,0.498
2K,q1,2178,0.572
2K,q1,17939,0.452
2K,q1,17939,0.574
2K,q1,17939,0.456
2K,q1,17939,0.439
2K,q1,17939,0.295
2K,q1,12736,0.32
2K,q1,12736,0.394
2K,q1,12736,0.363
2K,q1,12736,0.537
2K,q1,12736,0.328
2K,q1,17014,0.331
2K,q1,17014,0.356
2K,q1,17014,0.344
2K,q1,17014,0.362
2K,q1,17014,0.674
2K,q1,25321,0.341
2K,q1,25321,0.359
2K,q1,25321,0.583
2K,q1,25321,0.444
2K,q1,25321,0.447
2K,q1,2605,0.34
2K,q1,2605,0.346
2K,q1,2605,0.518
2K,q1,2605,0.428
2K,q1,2605,0.424
2K,q1,5574,0.71
2K,q1,5574,0.632
2K,q1,5574,0.438
2K,q1,5574,0.359
2K,q1,5574,0.55
2K,q1,32750,0.559
2K,q1,32750,0.389
2K,q1,32750,0.356
2K,q1,32750,0.391
2K,q1,32750,0.448
2K,q1,19001,0.649
2K,q1,19001,0.452
2K,q1,19001,0.476
2K,q1,19001,0.695
2K,q1,19001,0.615
8K,q2,82,0.3
8K,q2,82,0.145
8K,q2,82,0.203
8K,q2,82,0.164
8K,q2,82,0.18
8K,q2,41,0.189
8K,q2,41,0.25
8K,q2,41,0.182
8K,q2,41,0.229
8K,q2,41,0.136
8K,q2,72,0.159
8K,q2,72,0.181
8K,q2,72,0.285
8K,q2,72,0.182
8K,q2,72,0.164
8K,q2,110,0.179
8K,q2,110,0.247
8K,q2,110,0.168
8K,q2,110,0.401
8K,q2,110,0.183
8K,q2,121,0.213
8K,q2,121,0.148
8K,q2,121,0.136
8K,q2,121,0.118
8K,q2,121,0.204
8K,q2,140,0.348
8K,q2,140,0.335
8K,q2,140,0.231
8K,q2,140,0.211
8K,q2,140,0.18
8K,q2,115,0.172
8K,q2,115,0.199
8K,q2,115,0.154
8K,q2,115,0.134
8K,q2,115,0.155
8K,q2,81,0.18
8K,q2,81,0.118
8K,q2,81,0.193
8K,q2,81,0.175
8K,q2,81,0.174
8K,q2,153,0.193
8K,q2,153,0.236
8K,q2,153,0.18
8K,q2,153,0.205
8K,q2,153,0.14
8K,q2,137,0.143
8K,q2,137,0.208
8K,q2,137,0.294
8K,q2,137,0.179
8K,q2,137,0.196
8K,q2,3,0.115
8K,q2,3,0.207
8K,q2,3,0.157
8K,q2,3,0.258
8K,q2,3,0.149
8K,q2,103,0.18
8K,q2,103,0.294
8K,q2,103,0.159
8K,q2,103,0.319
8K,q2,103,0.303
8K,q2,16,0.237
8K,q2,16,0.135
8K,q2,16,0.146
8K,q2,16,0.173
8K,q2,16,0.272
8K,q2,65,0.155
8K,q2,65,0.261
8K,q2,65,0.227
8K,q2,65,0.119
8K,q2,65,0.123
8K,q2,134,0.16
8K,q2,134,0.201
8K,q2,134,0.185
8K,q2,134,0.332
8K,q2,134,0.182
8K,q2,144,0.2
8K,q2,144,0.159
8K,q2,144,0.235
8K,q2,144,0.171
8K,q2,144,0.162
8K,q2,110,0.237
8K,q2,110,0.181
8K,q2,110,0.166
8K,q2,110,0.144
8K,q2,110,0.132
8K,q2,23,0.228
8K,q2,23,0.158
8K,q2,23,0.186
8K,q2,23,0.153
8K,q2,23,0.141
8K,q2,16,0.246
8K,q2,16,0.155
8K,q2,16,0.115
8K,q2,16,0.18
8K,q2,16,0.122
8K,q2,10,0.196
8K,q2,10,0.244
8K,q2,10,0.213
8K,q2,10,0.183
8K,q2,10,0.161
1K,q2,3,0.171
1K,q2,3,0.192
1K,q2,3,0.125
1K,q2,3,0.18
1K,q2,3,0.275
1K,q2,1,0.195
1K,q2,1,0.202
1K,q2,1,0.357
1K,q2,1,0.15
1K,q2,1,0.167
1K,q2,8,0.15
1K,q2,8,0.215
1K,q2,8,0.285
1K,q2,8,0.179
1K,q2,8,0.187
1K,q2,3,0.147
1K,q2,3,0.172
1K,q2,3,0.236
1K,q2,3,0.216
1K,q2,3,0.223
1K,q2,19,0.14
1K,q2,19,0.335
1K,q2,19,0.163
1K,q2,19,0.078
1K,q2,19,0.153
1K,q2,10,0.155
1K,q2,10,0.109
1K,q2,10,0.322
1K,q2,10,0.182
1K,q2,10,0.237
1K,q2,21,0.168
1K,q2,21,0.136
1K,q2,21,0.175
1K,q2,21,0.168
1K,q2,21,0.196
1K,q2,16,0.224
1K,q2,16,0.178
1K,q2,16,0.229
1K,q2,16,0.131
1K,q2,16,0.214
1K,q2,14,0.129
1K,q2,14,0.37
1K,q2,14,0.16
1K,q2,14,0.202
1K,q2,14,0.128
1K,q2,1,0.121
1K,q2,1,0.138
1K,q2,1,0.237
1K,q2,1,0.182
1K,q2,1,0.174
1K,q2,3,0.17
1K,q2,3,0.196
1K,q2,3,0.11
1K,q2,3,0.158
1K,q2,3,0.174
1K,q2,20,0.316
1K,q2,20,0.203
1K,q2,20,0.135
1K,q2,20,0.21
1K,q2,20,0.19
1K,q2,4,0.173
1K,q2,4,0.138
1K,q2,4,0.174
1K,q2,4,0.233
1K,q2,4,0.189
1K,q2,12,0.134
1K,q2,12,0.187
1K,q2,12,0.162
1K,q2,12,0.264
1K,q2,12,0.186
1K,q2,12,0.276
1K,q2,12,0.333
1K,q2,12,0.239
1K,q2,12,0.286
1K,q2,12,0.152
1K,q2,7,0.162
1K,q2,7,0.144
1K,q2,7,0.133
1K,q2,7,0.115
1K,q2,7,0.177
1K,q2,16,0.153
1K,q2,16,0.153
1K,q2,16,0.232
1K,q2,16,0.228
1K,q2,16,0.154
1K,q2,19,0.206
1K,q2,19,0.143
1K,q2,19,0.147
1K,q2,19,0.22
1K,q2,19,0.126
1K,q2,9,0.212
1K,q2,9,0.203
1K,q2,9,0.196
1K,q2,9,0.203
1K,q2,9,0.155
1K,q2,10,0.262
1K,q2,10,0.123
1K,q2,10,0.241
1K,q2,10,0.159
1K,q2,10,0.306
4K,q2,7,0.232
4K,q2,7,0.234
4K,q2,7,0.137
4K,q2,7,0.195
4K,q2,7,0.248
4K,q2,48,0.199
4K,q2,48,0.258
4K,q2,48,0.176
4K,q2,48,0.111
4K,q2,48,0.283
4K,q2,18,0.259
4K,q2,18,0.124
4K,q2,18,0.222
4K,q2,18,0.248
4K,q2,18,0.13
4K,q2,39,0.161
4K,q2,39,0.321
4K,q2,39,0.298
4K,q2,39,0.235
4K,q2,39,0.207
4K,q2,18,0.203
4K,q2,18,0.155
4K,q2,18,0.23
4K,q2,18,0.193
4K,q2,18,0.096
4K,q2,69,0.194
4K,q2,69,0.302
4K,q2,69,0.127
4K,q2,69,0.185
4K,q2,69,0.1
4K,q2,10,0.145
4K,q2,10,0.163
4K,q2,10,0.186
4K,q2,10,0.206
4K,q2,10,0.119
4K,q2,30,0.133
4K,q2,30,0.205
4K,q2,30,0.215
4K,q2,30,0.228
4K,q2,30,0.277
4K,q2,43,0.192
4K,q2,43,0.12
4K,q2,43,0.316
4K,q2,43,0.118
4K,q2,43,0.205
4K,q2,72,0.158
4K,q2,72,0.164
4K,q2,72,0.213
4K,q2,72,0.253
4K,q2,72,0.149
4K,q2,53,0.158
4K,q2,53,0.23
4K,q2,53,0.134
4K,q2,53,0.354
4K,q2,53,0.367
4K,q2,25,0.221
4K,q2,25,0.208
4K,q2,25,0.204
4K,q2,25,0.255
4K,q2,25,0.274
4K,q2,77,0.189
4K,q2,77,0.226
4K,q2,77,0.223
4K,q2,77,0.288
4K,q2,77,0.198
4K,q2,65,0.117
4K,q2,65,0.372
4K,q2,65,0.21
4K,q2,65,0.162
4K,q2,65,0.234
4K,q2,55,0.221
4K,q2,55,0.136
4K,q2,55,0.121
4K,q2,55,0.118
4K,q2,55,0.231
4K,q2,23,0.128
4K,q2,23,0.135
4K,q2,23,0.166
4K,q2,23,0.167
4K,q2,23,0.169
4K,q2,82,0.343
4K,q2,82,0.244
4K,q2,82,0.296
4K,q2,82,0.205
4K,q2,82,0.147
4K,q2,33,0.189
4K,q2,33,0.22
4K,q2,33,0.152
4K,q2,33,0.186
4K,q2,33,0.174
4K,q2,82,0.173
4K,q2,82,0.157
4K,q2,82,0.131
4K,q2,82,0.203
4K,q2,82,0.234
4K,q2,25,0.13
4K,q2,25,0.16
4K,q2,25,0.193
4K,q2,25,0.334
4K,q2,25,0.187
16K,q2,306,0.102
16K,q2,306,0.176
16K,q2,306,0.157
16K,q2,306,0.212
16K,q2,306,0.223
16K,q2,313,0.214
16K,q2,313,0.254
16K,q2,313,0.223
16K,q2,313,0.212
16K,q2,313,0.186
16K,q2,18,0.154
16K,q2,18,0.17
16K,q2,18,0.125
16K,q2,18,0.179
16K,q2,18,0.203
16K,q2,62,0.432
16K,q2,62,0.123
16K,q2,62,0.161
16K,q2,62,0.137
16K,q2,62,0.181
16K,q2,101,0.143
16K,q2,101,0.231
16K,q2,101,0.167
16K,q2,101,0.258
16K,q2,101,0.232
16K,q2,62,0.246
16K,q2,62,0.213
16K,q2,62,0.313
16K,q2,62,0.207
16K,q2,62,0.178
16K,q2,259,0.127
16K,q2,259,0.152
16K,q2,259,0.127
16K,q2,259,0.31
16K,q2,259,0.149
16K,q2,85,0.206
16K,q2,85,0.165
16K,q2,85,0.139
16K,q2,85,0.128
16K,q2,85,0.227
16K,q2,218,0.285
16K,q2,218,0.235
16K,q2,218,0.177
16K,q2,218,0.206
16K,q2,218,0.258
16K,q2,225,0.374
16K,q2,225,0.133
16K,q2,225,0.16
16K,q2,225,0.126
16K,q2,225,0.177
16K,q2,266,0.307
16K,q2,266,0.137
16K,q2,266,0.234
16K,q2,266,0.269
16K,q2,266,0.194
16K,q2,9,0.181
16K,q2,9,0.186
16K,q2,9,0.172
16K,q2,9,0.241
16K,q2,9,0.169
16K,q2,283,0.152
16K,q2,283,0.124
16K,q2,283,0.173
16K,q2,283,0.232
16K,q2,283,0.121
16K,q2,289,0.097
16K,q2,289,0.133
16K,q2,289,0.164
16K,q2,289,0.421
16K,q2,289,0.107
16K,q2,55,0.307
16K,q2,55,0.24
16K,q2,55,0.142
16K,q2,55,0.244
16K,q2,55,0.18
16K,q2,294,0.137
16K,q2,294,0.214
16K,q2,294,0.135
16K,q2,294,0.091
16K,q2,294,0.095
16K,q2,324,0.183
16K,q2,324,0.22
16K,q2,324,0.371
16K,q2,324,0.136
16K,q2,324,0.19
16K,q2,219,0.126
16K,q2,219,0.218
16K,q2,219,0.12
16K,q2,219,0.132
16K,q2,219,0.154
16K,q2,254,0.379
16K,q2,254,0.127
16K,q2,254,0.171
16K,q2,254,0.194
16K,q2,254,0.237
16K,q2,315,0.179
16K,q2,315,0.164
16K,q2,315,0.138
16K,q2,315,0.198
16K,q2,315,0.253
2K,q2,36,0.384
2K,q2,36,0.202
2K,q2,36,0.173
2K,q2,36,0.198
2K,q2,36,0.155
2K,q2,25,0.203
2K,q2,25,0.128
2K,q2,25,0.214
2K,q2,25,0.157
2K,q2,25,0.255
2K,q2,37,0.189
2K,q2,37,0.224
2K,q2,37,0.153
2K,q2,37,0.124
2K,q2,37,0.276
2K,q2,23,0.126
2K,q2,23,0.206
2K,q2,23,0.119
2K,q2,23,0.229
2K,q2,23,0.138
2K,q2,39,0.2
2K,q2,39,0.196
2K,q2,39,0.119
2K,q2,39,0.142
2K,q2,39,0.211
2K,q2,19,0.298
2K,q2,19,0.174
2K,q2,19,0.184
2K,q2,19,0.351
2K,q2,19,0.21
2K,q2,17,0.165
2K,q2,17,0.16
2K,q2,17,0.246
2K,q2,17,0.146
2K,q2,17,0.162
2K,q2,6,0.149
2K,q2,6,0.165
2K,q2,6,0.158
2K,q2,6,0.144
2K,q2,6,0.128
2K,q2,8,0.118
2K,q2,8,0.116
2K,q2,8,0.261
2K,q2,8,0.104
2K,q2,8,0.2
2K,q2,0,0.251
2K,q2,0,0.126
2K,q2,0,0.208
2K,q2,0,0.12
2K,q2,0,0.137
2K,q2,26,0.194
2K,q2,26,0.124
2K,q2,26,0.142
2K,q2,26,0.17
2K,q2,26,0.127
2K,q2,10,0.208
2K,q2,10,0.14
2K,q2,10,0.153
2K,q2,10,0.269
2K,q2,10,0.165
2K,q2,39,0.111
2K,q2,39,0.234
2K,q2,39,0.141
2K,q2,39,0.121
2K,q2,39,0.195
2K,q2,3,0.131
2K,q2,3,0.087
2K,q2,3,0.133
2K,q2,3,0.186
2K,q2,3,0.139
2K,q2,16,0.151
2K,q2,16,0.192
2K,q2,16,0.165
2K,q2,16,0.173
2K,q2,16,0.208
2K,q2,14,0.159
2K,q2,14,0.109
2K,q2,14,0.178
2K,q2,14,0.152
2K,q2,14,0.124
2K,q2,3,0.345
2K,q2,3,0.177
2K,q2,3,0.146
2K,q2,3,0.187
2K,q2,3,0.178
2K,q2,6,0.144
2K,q2,6,0.24
2K,q2,6,0.161
2K,q2,6,0.165
2K,q2,6,0.254
2K,q2,17,0.177
2K,q2,17,0.155
2K,q2,17,0.131
2K,q2,17,0.146
2K,q2,17,0.215
2K,q2,28,0.358
2K,q2,28,0.141
2K,q2,28,0.149
2K,q2,28,0.157
2K,q2,28,0.217
8K,q4,140025,0.773
8K,q4,140025,0.432
8K,q4,140025,0.639
8K,q4,140025,0.386
8K,q4,140025,0.619
8K,q4,151924,0.533
8K,q4,151924,0.493
8K,q4,151924,0.523
8K,q4,151924,0.692
8K,q4,151924,0.688
8K,q4,141372,0.672
8K,q4,141372,0.508
8K,q4,141372,0.639
8K,q4,141372,0.9
8K,q4,141372,0.459
8K,q4,10701,0.585
8K,q4,10701,0.634
8K,q4,10701,0.609
8K,q4,10701,0.611
8K,q4,10701,0.573
8K,q4,133229,0.789
8K,q4,133229,0.427
8K,q4,133229,0.568
8K,q4,133229,0.621
8K,q4,133229,0.487
8K,q4,47001,0.647
8K,q4,47001,0.664
8K,q4,47001,0.444
8K,q4,47001,0.778
8K,q4,47001,0.889
8K,q4,69709,0.585
8K,q4,69709,0.546
8K,q4,69709,0.513
8K,q4,69709,0.55
8K,q4,69709,0.512
8K,q4,24107,0.471
8K,q4,24107,0.401
8K,q4,24107,0.491
8K,q4,24107,0.747
8K,q4,24107,0.58
8K,q4,142781,0.659
8K,q4,142781,0.51
8K,q4,142781,0.555
8K,q4,142781,0.418
8K,q4,142781,0.459
8K,q4,25083,0.648
8K,q4,25083,0.58
8K,q4,25083,0.665
8K,q4,25083,0.497
8K,q4,25083,0.346
8K,q4,97996,0.522
8K,q4,97996,0.452
8K,q4,97996,0.474
8K,q4,97996,0.699
8K,q4,97996,0.543
8K,q4,121392,0.68
8K,q4,121392,0.399
8K,q4,121392,0.651
8K,q4,121392,0.361
8K,q4,121392,0.698
8K,q4,76384,0.43
8K,q4,76384,0.41
8K,q4,76384,0.452
8K,q4,76384,0.518
8K,q4,76384,0.506
8K,q4,4459,0.55
8K,q4,4459,0.586
8K,q4,4459,0.428
8K,q4,4459,0.489
8K,q4,4459,0.63
8K,q4,134032,0.642
8K,q4,134032,0.56
8K,q4,134032,0.485
8K,q4,134032,0.583
8K,q4,134032,0.542
8K,q4,68284,0.539
8K,q4,68284,0.57
8K,q4,68284,0.568
8K,q4,68284,0.707
8K,q4,68284,0.438
8K,q4,130388,0.516
8K,q4,130388,0.375
8K,q4,130388,0.394
8K,q4,130388,0.537
8K,q4,130388,0.587
8K,q4,66259,0.363
8K,q4,66259,0.574
8K,q4,66259,0.681
8K,q4,66259,0.344
8K,q4,66259,0.521
8K,q4,40567,0.534
8K,q4,40567,0.438
8K,q4,40567,0.428
8K,q4,40567,0.732
8K,q4,40567,0.667
8K,q4,67190,0.435
8K,q4,67190,0.983
8K,q4,67190,0.476
8K,q4,67190,0.623
8K,q4,67190,0.648
1K,q4,6363,0.44
1K,q4,6363,0.387
1K,q4,6363,0.69
1K,q4,6363,0.439
1K,q4,6363,0.549
1K,q4,19835,0.644
1K,q4,19835,0.691
1K,q4,19835,0.624
1K,q4,19835,0.516
1K,q4,19835,0.38
1K,q4,2903,0.635
1K,q4,2903,0.475
1K,q4,2903,0.366
1K,q4,2903,0.634
1K,q4,2903,0.61
1K,q4,19048,0.566
1K,q4,19048,0.574
1K,q4,19048,0.448
1K,q4,19048,0.576
1K,q4,19048,0.512
1K,q4,3296,0.373
1K,q4,3296,0.411
1K,q4,3296,0.548
1K,q4,3296,0.514
1K,q4,3296,0.595
1K,q4,19822,0.516
1K,q4,19822,0.63
1K,q4,19822,0.595
1K,q4,19822,0.704
1K,q4,19822,0.516
1K,q4,3822,0.788
1K,q4,3822,0.563
1K,q4,3822,0.591
1K,q4,3822,0.466
1K,q4,3822,0.554
1K,q4,13187,0.591
1K,q4,13187,0.763
1K,q4,13187,0.666
1K,q4,13187,0.497
1K,q4,13187,0.779
1K,q4,640,0.395
1K,q4,640,0.678
1K,q4,640,0.409
1K,q4,640,0.539
1K,q4,640,0.523
1K,q4,18162,0.485
1K,q4,18162,0.471
1K,q4,18162,0.563
1K,q4,18162,0.625
1K,q4,18162,0.569
1K,q4,18347,0.572
1K,q4,18347,0.609
1K,q4,18347,0.607
1K,q4,18347,0.757
1K,q4,18347,0.631
1K,q4,7430,0.801
1K,q4,7430,0.436
1K,q4,7430,0.545
1K,q4,7430,0.449
1K,q4,7430,0.617
1K,q4,14554,0.502
1K,q4,14554,0.406
1K,q4,14554,1.209
1K,q4,14554,0.504
1K,q4,14554,0.709
1K,q4,8146,0.541
1K,q4,8146,0.548
1K,q4,8146,0.383
1K,q4,8146,0.689
1K,q4,8146,0.465
1K,q4,15166,0.737
1K,q4,15166,0.637
1K,q4,15166,0.478
1K,q4,15166,0.677
1K,q4,15166,0.604
1K,q4,13526,0.402
1K,q4,13526,0.723
1K,q4,13526,0.694
1K,q4,13526,0.578
1K,q4,13526,0.71
1K,q4,16891,0.388
1K,q4,16891,0.567
1K,q4,16891,0.524
1K,q4,16891,0.622
1K,q4,16891,0.756
1K,q4,14140,0.91
1K,q4,14140,0.511
1K,q4,14140,0.655
1K,q4,14140,0.331
1K,q4,14140,0.436
1K,q4,11348,0.403
1K,q4,11348,0.321
1K,q4,11348,0.329
1K,q4,11348,0.294
1K,q4,11348,0.231
1K,q4,7797,0.263
1K,q4,7797,0.331
1K,q4,7797,0.386
1K,q4,7797,0.272
1K,q4,7797,0.312
4K,q4,64166,0.361
4K,q4,64166,0.242
4K,q4,64166,0.345
4K,q4,64166,0.397
4K,q4,64166,0.321
4K,q4,74596,0.255
4K,q4,74596,0.52
4K,q4,74596,0.467
4K,q4,74596,0.461
4K,q4,74596,0.394
4K,q4,32999,0.44
4K,q4,32999,0.556
4K,q4,32999,0.466
4K,q4,32999,0.486
4K,q4,32999,0.556
4K,q4,38482,0.504
4K,q4,38482,0.484
4K,q4,38482,0.6
4K,q4,38482,0.567
4K,q4,38482,0.496
4K,q4,60611,0.485
4K,q4,60611,0.609
4K,q4,60611,0.414
4K,q4,60611,0.497
4K,q4,60611,0.429
4K,q4,31608,0.45
4K,q4,31608,0.515
4K,q4,31608,0.603
4K,q4,31608,0.599
4K,q4,31608,0.387
4K,q4,71406,0.572
4K,q4,71406,0.23
4K,q4,71406,0.274
4K,q4,71406,0.313
4K,q4,71406,0.259
4K,q4,33087,0.249
4K,q4,33087,0.316
4K,q4,33087,0.326
4K,q4,33087,0.363
4K,q4,33087,0.344
4K,q4,12869,0.244
4K,q4,12869,0.373
4K,q4,12869,0.296
4K,q4,12869,0.316
4K,q4,12869,0.223
4K,q4,62487,0.3
4K,q4,62487,0.228
4K,q4,62487,0.218
4K,q4,62487,0.261
4K,q4,62487,0.295
4K,q4,71071,0.303
4K,q4,71071,0.313
4K,q4,71071,0.35
4K,q4,71071,0.328
4K,q4,71071,0.268
4K,q4,78027,0.281
4K,q4,78027,0.321
4K,q4,78027,0.241
4K,q4,78027,0.339
4K,q4,78027,0.318
4K,q4,3013,0.275
4K,q4,3013,0.314
4K,q4,3013,0.319
4K,q4,3013,0.243
4K,q4,3013,0.264
4K,q4,21421,0.367
4K,q4,21421,0.397
4K,q4,21421,0.27
4K,q4,21421,0.409
4K,q4,21421,0.464
4K,q4,32541,0.358
4K,q4,32541,0.218
4K,q4,32541,0.369
4K,q4,32541,0.304
4K,q4,32541,0.31
4K,q4,24900,0.225
4K,q4,24900,0.234
4K,q4,24900,0.361
4K,q4,24900,0.263
4K,q4,24900,0.294
4K,q4,51291,0.225
4K,q4,51291,0.324
4K,q4,51291,0.329
4K,q4,51291,0.24
4K,q4,51291,0.249
4K,q4,71172,0.391
4K,q4,71172,0.352
4K,q4,71172,0.265
4K,q4,71172,0.382
4K,q4,71172,0.287
4K,q4,56062,0.357
4K,q4,56062,0.312
4K,q4,56062,0.231
4K,q4,56062,0.247
4K,q4,56062,0.268
4K,q4,54905,0.323
4K,q4,54905,0.234
4K,q4,54905,0.341
4K,q4,54905,0.341
4K,q4,54905,0.307
16K,q4,315203,0.309
16K,q4,315203,0.241
16K,q4,315203,0.372
16K,q4,315203,0.248
16K,q4,315203,0.305
16K,q4,118707,0.344
16K,q4,118707,0.341
16K,q4,118707,0.273
16K,q4,118707,0.284
16K,q4,118707,0.312
16K,q4,48270,0.275
16K,q4,48270,0.329
16K,q4,48270,0.405
16K,q4,48270,0.252
16K,q4,48270,0.384
16K,q4,272690,0.336
16K,q4,272690,0.36
16K,q4,272690,0.245
16K,q4,272690,0.25
16K,q4,272690,0.351
16K,q4,299037,0.321
16K,q4,299037,0.24
16K,q4,299037,0.263
16K,q4,299037,0.236
16K,q4,299037,0.273
16K,q4,188198,0.315
16K,q4,188198,0.233
16K,q4,188198,0.286
16K,q4,188198,0.291
16K,q4,188198,0.231
16K,q4,238876,0.217
16K,q4,238876,0.232
16K,q4,238876,0.294
16K,q4,238876,0.227
16K,q4,238876,0.289
16K,q4,317630,0.249
16K,q4,317630,0.301
16K,q4,317630,0.278
16K,q4,317630,0.286
16K,q4,317630,0.223
16K,q4,47405,0.281
16K,q4,47405,0.275
16K,q4,47405,0.22
16K,q4,47405,0.345
16K,q4,47405,0.255
16K,q4,189974,0.27
16K,q4,189974,0.245
16K,q4,189974,0.409
16K,q4,189974,0.353
16K,q4,189974,0.281
16K,q4,232026,0.25
16K,q4,232026,0.264
16K,q4,232026,0.276
16K,q4,232026,0.365
16K,q4,232026,0.253
16K,q4,82587,0.311
16K,q4,82587,0.331
16K,q4,82587,0.249
16K,q4,82587,0.234
16K,q4,82587,0.302
16K,q4,190962,0.371
16K,q4,190962,0.25
16K,q4,190962,0.424
16K,q4,190962,0.351
16K,q4,190962,0.325
16K,q4,134506,0.28
16K,q4,134506,0.285
16K,q4,134506,0.4
16K,q4,134506,0.231
16K,q4,134506,0.317
16K,q4,273234,0.217
16K,q4,273234,0.343
16K,q4,273234,0.324
16K,q4,273234,0.289
16K,q4,273234,0.262
16K,q4,83686,0.336
16K,q4,83686,0.286
16K,q4,83686,0.354
16K,q4,83686,0.367
16K,q4,83686,0.343
16K,q4,35253,0.235
16K,q4,35253,0.318
16K,q4,35253,0.346
16K,q4,35253,0.261
16K,q4,35253,0.329
16K,q4,245239,0.344
16K,q4,245239,0.264
16K,q4,245239,0.261
16K,q4,245239,0.408
16K,q4,245239,0.231
16K,q4,308431,0.279
16K,q4,308431,0.231
16K,q4,308431,0.303
16K,q4,308431,0.271
16K,q4,308431,0.391
16K,q4,205590,0.261
16K,q4,205590,0.403
16K,q4,205590,0.32
16K,q4,205590,0.276
16K,q4,205590,0.359
2K,q4,22900,0.295
2K,q4,22900,0.241
2K,q4,22900,0.314
2K,q4,22900,0.292
2K,q4,22900,0.362
2K,q4,10583,0.418
2K,q4,10583,0.259
2K,q4,10583,0.252
2K,q4,10583,0.301
2K,q4,10583,0.323
2K,q4,7065,0.373
2K,q4,7065,0.288
2K,q4,7065,0.393
2K,q4,7065,0.273
2K,q4,7065,0.222
2K,q4,23727,0.283
2K,q4,23727,0.311
2K,q4,23727,0.26
2K,q4,23727,0.317
2K,q4,23727,0.344
2K,q4,27184,0.293
2K,q4,27184,0.241
2K,q4,27184,0.262
2K,q4,27184,0.269
2K,q4,27184,0.279
2K,q4,26311,0.236
2K,q4,26311,0.311
2K,q4,26311,0.226
2K,q4,26311,0.233
2K,q4,26311,0.246
2K,q4,71,0.221
2K,q4,71,0.278
2K,q4,71,0.237
2K,q4,71,0.388
2K,q4,71,0.292
2K,q4,28650,0.316
2K,q4,28650,0.266
2K,q4,28650,0.259
2K,q4,28650,0.303
2K,q4,28650,0.339
2K,q4,27064,0.221
2K,q4,27064,0.226
2K,q4,27064,0.246
2K,q4,27064,0.225
2K,q4,27064,0.285
2K,q4,22219,0.279
2K,q4,22219,0.279
2K,q4,22219,0.27
2K,q4,22219,0.369
2K,q4,22219,0.271
2K,q4,14063,0.39
2K,q4,14063,0.335
2K,q4,14063,0.336
2K,q4,14063,0.297
2K,q4,14063,0.309
2K,q4,2930,0.294
2K,q4,2930,0.248
2K,q4,2930,0.246
2K,q4,2930,0.286
2K,q4,2930,0.349
2K,q4,2013,0.24
2K,q4,2013,0.318
2K,q4,2013,0.331
2K,q4,2013,0.365
2K,q4,2013,0.24
2K,q4,13851,0.224
2K,q4,13851,0.362
2K,q4,13851,0.301
2K,q4,13851,0.275
2K,q4,13851,0.225
2K,q4,5187,0.278
2K,q4,5187,0.35
2K,q4,5187,0.221
2K,q4,5187,0.25
2K,q4,5187,0.227
2K,q4,11032,0.223
2K,q4,11032,0.295
2K,q4,11032,0.325
2K,q4,11032,0.235
2K,q4,11032,0.332
2K,q4,37002,0.232
2K,q4,37002,0.273
2K,q4,37002,0.259
2K,q4,37002,0.225
2K,q4,37002,0.293
2K,q4,21828,0.252
2K,q4,21828,0.364
2K,q4,21828,0.231
2K,q4,21828,0.303
2K,q4,21828,0.26
2K,q4,15869,0.368
2K,q4,15869,0.26
2K,q4,15869,0.241
2K,q4,15869,0.251
2K,q4,15869,0.237
2K,q4,14599,0.371
2K,q4,14599,0.226
2K,q4,14599,0.224
2K,q4,14599,0.337
2K,q4,14599,0.316
